arxiv	table	value	err	row_label	col_header	sizes	models	caption
2502.13223	3	-0.32624		d = 4	e (CSL)			Table 4: Energy densities e = E / N and local magnetizations m 2 of the variational iPEPS states at different bond dimensions.
2502.13223	3	-0.32921		d = 4	e (CDDC)			Table 4: Energy densities e = E / N and local magnetizations m 2 of the variational iPEPS states at different bond dimensions.
2502.13223	3	-0.33031		d = 5	e (CSL)			Table 4: Energy densities e = E / N and local magnetizations m 2 of the variational iPEPS states at different bond dimensions.
2502.13223	3	-0.33098		d = 5	e (CDDC)			Table 4: Energy densities e = E / N and local magnetizations m 2 of the variational iPEPS states at different bond dimensions.
2502.13223	3	-0.33166		d = 6	e (CSL)			Table 4: Energy densities e = E / N and local magnetizations m 2 of the variational iPEPS states at different bond dimensions.
2502.13223	3	-0.33198		d = 6	e (CDDC)			Table 4: Energy densities e = E / N and local magnetizations m 2 of the variational iPEPS states at different bond dimensions.
2502.13223	3	-0.33208		d = 7	e (CSL)			Table 4: Energy densities e = E / N and local magnetizations m 2 of the variational iPEPS states at different bond dimensions.
2502.13223	3	-0.33224		d = 7	e (CDDC)			Table 4: Energy densities e = E / N and local magnetizations m 2 of the variational iPEPS states at different bond dimensions.
2502.13454	0	-0.4174	0.0002	4	4 × 4 , n h = 1 / 8	4x4,12x10,55x10	Hubbard	Table 1: fPEPS and DMRG energies persite for 4 × 4 at half filling ( N e = 16 ) and n h = 1 / 8 hole doping ( N e = 14 ) at Hubbard repulsive interaction U = 8 . For DMRG results, the truncated weights for bond dimension m = 2500 are 4.12 × 10 - 9 and 7.55 × 10 - 8 for half-filling and n h = 1 / 8 , respectively. DMRG results with m = ∞ denote extrapolated energies using truncated weights.
2502.13454	0	-0.42115	0.00003	4		4x4,12x10,55x10	Hubbard	Table 1: fPEPS and DMRG energies persite for 4 × 4 at half filling ( N e = 16 ) and n h = 1 / 8 hole doping ( N e = 14 ) at Hubbard repulsive interaction U = 8 . For DMRG results, the truncated weights for bond dimension m = 2500 are 4.12 × 10 - 9 and 7.55 × 10 - 8 for half-filling and n h = 1 / 8 , respectively. DMRG results with m = ∞ denote extrapolated energies using truncated weights.
2502.13454	0	-0.42551504		4		4x4,12x10,55x10	Hubbard	Table 1: fPEPS and DMRG energies persite for 4 × 4 at half filling ( N e = 16 ) and n h = 1 / 8 hole doping ( N e = 14 ) at Hubbard repulsive interaction U = 8 . For DMRG results, the truncated weights for bond dimension m = 2500 are 4.12 × 10 - 9 and 7.55 × 10 - 8 for half-filling and n h = 1 / 8 , respectively. DMRG results with m = ∞ denote extrapolated energies using truncated weights.
2502.13454	0	-0.5497	0.0006	4		4x4,12x10,55x10	Hubbard	Table 1: fPEPS and DMRG energies persite for 4 × 4 at half filling ( N e = 16 ) and n h = 1 / 8 hole doping ( N e = 14 ) at Hubbard repulsive interaction U = 8 . For DMRG results, the truncated weights for bond dimension m = 2500 are 4.12 × 10 - 9 and 7.55 × 10 - 8 for half-filling and n h = 1 / 8 , respectively. DMRG results with m = ∞ denote extrapolated energies using truncated weights.
2502.13454	0	-0.5892	0.0002	4		4x4,12x10,55x10	Hubbard	Table 1: fPEPS and DMRG energies persite for 4 × 4 at half filling ( N e = 16 ) and n h = 1 / 8 hole doping ( N e = 14 ) at Hubbard repulsive interaction U = 8 . For DMRG results, the truncated weights for bond dimension m = 2500 are 4.12 × 10 - 9 and 7.55 × 10 - 8 for half-filling and n h = 1 / 8 , respectively. DMRG results with m = ∞ denote extrapolated energies using truncated weights.
2502.13454	0	-0.63241788		4		4x4,12x10,55x10	Hubbard	Table 1: fPEPS and DMRG energies persite for 4 × 4 at half filling ( N e = 16 ) and n h = 1 / 8 hole doping ( N e = 14 ) at Hubbard repulsive interaction U = 8 . For DMRG results, the truncated weights for bond dimension m = 2500 are 4.12 × 10 - 9 and 7.55 × 10 - 8 for half-filling and n h = 1 / 8 , respectively. DMRG results with m = ∞ denote extrapolated energies using truncated weights.
2502.13454	0	-0.4204	0.0006	6	4 × 4 , n h = 1 / 8	4x4,12x10,55x10	Hubbard	Table 1: fPEPS and DMRG energies persite for 4 × 4 at half filling ( N e = 16 ) and n h = 1 / 8 hole doping ( N e = 14 ) at Hubbard repulsive interaction U = 8 . For DMRG results, the truncated weights for bond dimension m = 2500 are 4.12 × 10 - 9 and 7.55 × 10 - 8 for half-filling and n h = 1 / 8 , respectively. DMRG results with m = ∞ denote extrapolated energies using truncated weights.
2502.13454	0	-0.42416	0.00007	6		4x4,12x10,55x10	Hubbard	Table 1: fPEPS and DMRG energies persite for 4 × 4 at half filling ( N e = 16 ) and n h = 1 / 8 hole doping ( N e = 14 ) at Hubbard repulsive interaction U = 8 . For DMRG results, the truncated weights for bond dimension m = 2500 are 4.12 × 10 - 9 and 7.55 × 10 - 8 for half-filling and n h = 1 / 8 , respectively. DMRG results with m = ∞ denote extrapolated energies using truncated weights.
2502.13454	0	-0.42552519		6		4x4,12x10,55x10	Hubbard	Table 1: fPEPS and DMRG energies persite for 4 × 4 at half filling ( N e = 16 ) and n h = 1 / 8 hole doping ( N e = 14 ) at Hubbard repulsive interaction U = 8 . For DMRG results, the truncated weights for bond dimension m = 2500 are 4.12 × 10 - 9 and 7.55 × 10 - 8 for half-filling and n h = 1 / 8 , respectively. DMRG results with m = ∞ denote extrapolated energies using truncated weights.
2502.13454	0	-0.585	0.0004	6		4x4,12x10,55x10	Hubbard	Table 1: fPEPS and DMRG energies persite for 4 × 4 at half filling ( N e = 16 ) and n h = 1 / 8 hole doping ( N e = 14 ) at Hubbard repulsive interaction U = 8 . For DMRG results, the truncated weights for bond dimension m = 2500 are 4.12 × 10 - 9 and 7.55 × 10 - 8 for half-filling and n h = 1 / 8 , respectively. DMRG results with m = ∞ denote extrapolated energies using truncated weights.
2502.13454	0	-0.61225	0.00007	6		4x4,12x10,55x10	Hubbard	Table 1: fPEPS and DMRG energies persite for 4 × 4 at half filling ( N e = 16 ) and n h = 1 / 8 hole doping ( N e = 14 ) at Hubbard repulsive interaction U = 8 . For DMRG results, the truncated weights for bond dimension m = 2500 are 4.12 × 10 - 9 and 7.55 × 10 - 8 for half-filling and n h = 1 / 8 , respectively. DMRG results with m = ∞ denote extrapolated energies using truncated weights.
2502.13454	0	-0.6326046		6		4x4,12x10,55x10	Hubbard	Table 1: fPEPS and DMRG energies persite for 4 × 4 at half filling ( N e = 16 ) and n h = 1 / 8 hole doping ( N e = 14 ) at Hubbard repulsive interaction U = 8 . For DMRG results, the truncated weights for bond dimension m = 2500 are 4.12 × 10 - 9 and 7.55 × 10 - 8 for half-filling and n h = 1 / 8 , respectively. DMRG results with m = ∞ denote extrapolated energies using truncated weights.
2502.13454	0	-0.4238	0.0005	8	4 × 4 , n h = 1 / 8	4x4,12x10,55x10	Hubbard	Table 1: fPEPS and DMRG energies persite for 4 × 4 at half filling ( N e = 16 ) and n h = 1 / 8 hole doping ( N e = 14 ) at Hubbard repulsive interaction U = 8 . For DMRG results, the truncated weights for bond dimension m = 2500 are 4.12 × 10 - 9 and 7.55 × 10 - 8 for half-filling and n h = 1 / 8 , respectively. DMRG results with m = ∞ denote extrapolated energies using truncated weights.
2502.13454	0	-0.42508	0.00004	8		4x4,12x10,55x10	Hubbard	Table 1: fPEPS and DMRG energies persite for 4 × 4 at half filling ( N e = 16 ) and n h = 1 / 8 hole doping ( N e = 14 ) at Hubbard repulsive interaction U = 8 . For DMRG results, the truncated weights for bond dimension m = 2500 are 4.12 × 10 - 9 and 7.55 × 10 - 8 for half-filling and n h = 1 / 8 , respectively. DMRG results with m = ∞ denote extrapolated energies using truncated weights.
2502.13454	0	-0.42552583		8		4x4,12x10,55x10	Hubbard	Table 1: fPEPS and DMRG energies persite for 4 × 4 at half filling ( N e = 16 ) and n h = 1 / 8 hole doping ( N e = 14 ) at Hubbard repulsive interaction U = 8 . For DMRG results, the truncated weights for bond dimension m = 2500 are 4.12 × 10 - 9 and 7.55 × 10 - 8 for half-filling and n h = 1 / 8 , respectively. DMRG results with m = ∞ denote extrapolated energies using truncated weights.
2502.13454	0	-0.6016	0.0003	8		4x4,12x10,55x10	Hubbard	Table 1: fPEPS and DMRG energies persite for 4 × 4 at half filling ( N e = 16 ) and n h = 1 / 8 hole doping ( N e = 14 ) at Hubbard repulsive interaction U = 8 . For DMRG results, the truncated weights for bond dimension m = 2500 are 4.12 × 10 - 9 and 7.55 × 10 - 8 for half-filling and n h = 1 / 8 , respectively. DMRG results with m = ∞ denote extrapolated energies using truncated weights.
2502.13454	0	-0.62314	0.00006	8		4x4,12x10,55x10	Hubbard	Table 1: fPEPS and DMRG energies persite for 4 × 4 at half filling ( N e = 16 ) and n h = 1 / 8 hole doping ( N e = 14 ) at Hubbard repulsive interaction U = 8 . For DMRG results, the truncated weights for bond dimension m = 2500 are 4.12 × 10 - 9 and 7.55 × 10 - 8 for half-filling and n h = 1 / 8 , respectively. DMRG results with m = ∞ denote extrapolated energies using truncated weights.
2502.13454	0	-0.6326166		8		4x4,12x10,55x10	Hubbard	Table 1: fPEPS and DMRG energies persite for 4 × 4 at half filling ( N e = 16 ) and n h = 1 / 8 hole doping ( N e = 14 ) at Hubbard repulsive interaction U = 8 . For DMRG results, the truncated weights for bond dimension m = 2500 are 4.12 × 10 - 9 and 7.55 × 10 - 8 for half-filling and n h = 1 / 8 , respectively. DMRG results with m = ∞ denote extrapolated energies using truncated weights.
2502.13454	0	-0.4236	0.0003	10	4 × 4 , n h = 1 / 8	4x4,12x10,55x10	Hubbard	Table 1: fPEPS and DMRG energies persite for 4 × 4 at half filling ( N e = 16 ) and n h = 1 / 8 hole doping ( N e = 14 ) at Hubbard repulsive interaction U = 8 . For DMRG results, the truncated weights for bond dimension m = 2500 are 4.12 × 10 - 9 and 7.55 × 10 - 8 for half-filling and n h = 1 / 8 , respectively. DMRG results with m = ∞ denote extrapolated energies using truncated weights.
2502.13454	0	-0.425429	0.000008	10		4x4,12x10,55x10	Hubbard	Table 1: fPEPS and DMRG energies persite for 4 × 4 at half filling ( N e = 16 ) and n h = 1 / 8 hole doping ( N e = 14 ) at Hubbard repulsive interaction U = 8 . For DMRG results, the truncated weights for bond dimension m = 2500 are 4.12 × 10 - 9 and 7.55 × 10 - 8 for half-filling and n h = 1 / 8 , respectively. DMRG results with m = ∞ denote extrapolated energies using truncated weights.
2502.13454	0	-0.42552589		10		4x4,12x10,55x10	Hubbard	Table 1: fPEPS and DMRG energies persite for 4 × 4 at half filling ( N e = 16 ) and n h = 1 / 8 hole doping ( N e = 14 ) at Hubbard repulsive interaction U = 8 . For DMRG results, the truncated weights for bond dimension m = 2500 are 4.12 × 10 - 9 and 7.55 × 10 - 8 for half-filling and n h = 1 / 8 , respectively. DMRG results with m = ∞ denote extrapolated energies using truncated weights.
2502.13454	0	-0.6104	0.0004	10		4x4,12x10,55x10	Hubbard	Table 1: fPEPS and DMRG energies persite for 4 × 4 at half filling ( N e = 16 ) and n h = 1 / 8 hole doping ( N e = 14 ) at Hubbard repulsive interaction U = 8 . For DMRG results, the truncated weights for bond dimension m = 2500 are 4.12 × 10 - 9 and 7.55 × 10 - 8 for half-filling and n h = 1 / 8 , respectively. DMRG results with m = ∞ denote extrapolated energies using truncated weights.
2502.13454	0	-0.62725	0.00004	10		4x4,12x10,55x10	Hubbard	Table 1: fPEPS and DMRG energies persite for 4 × 4 at half filling ( N e = 16 ) and n h = 1 / 8 hole doping ( N e = 14 ) at Hubbard repulsive interaction U = 8 . For DMRG results, the truncated weights for bond dimension m = 2500 are 4.12 × 10 - 9 and 7.55 × 10 - 8 for half-filling and n h = 1 / 8 , respectively. DMRG results with m = ∞ denote extrapolated energies using truncated weights.
2502.13454	0	-0.63261805		10		4x4,12x10,55x10	Hubbard	Table 1: fPEPS and DMRG energies persite for 4 × 4 at half filling ( N e = 16 ) and n h = 1 / 8 hole doping ( N e = 14 ) at Hubbard repulsive interaction U = 8 . For DMRG results, the truncated weights for bond dimension m = 2500 are 4.12 × 10 - 9 and 7.55 × 10 - 8 for half-filling and n h = 1 / 8 , respectively. DMRG results with m = ∞ denote extrapolated energies using truncated weights.
2502.13454	0	-0.4241	0.0003	12	4 × 4 , n h = 1 / 8	4x4,12x10,55x10	Hubbard	Table 1: fPEPS and DMRG energies persite for 4 × 4 at half filling ( N e = 16 ) and n h = 1 / 8 hole doping ( N e = 14 ) at Hubbard repulsive interaction U = 8 . For DMRG results, the truncated weights for bond dimension m = 2500 are 4.12 × 10 - 9 and 7.55 × 10 - 8 for half-filling and n h = 1 / 8 , respectively. DMRG results with m = ∞ denote extrapolated energies using truncated weights.
2502.13454	0	-0.425493	0.000003	12		4x4,12x10,55x10	Hubbard	Table 1: fPEPS and DMRG energies persite for 4 × 4 at half filling ( N e = 16 ) and n h = 1 / 8 hole doping ( N e = 14 ) at Hubbard repulsive interaction U = 8 . For DMRG results, the truncated weights for bond dimension m = 2500 are 4.12 × 10 - 9 and 7.55 × 10 - 8 for half-filling and n h = 1 / 8 , respectively. DMRG results with m = ∞ denote extrapolated energies using truncated weights.
2502.13454	0	-0.4255259		12		4x4,12x10,55x10	Hubbard	Table 1: fPEPS and DMRG energies persite for 4 × 4 at half filling ( N e = 16 ) and n h = 1 / 8 hole doping ( N e = 14 ) at Hubbard repulsive interaction U = 8 . For DMRG results, the truncated weights for bond dimension m = 2500 are 4.12 × 10 - 9 and 7.55 × 10 - 8 for half-filling and n h = 1 / 8 , respectively. DMRG results with m = ∞ denote extrapolated energies using truncated weights.
2502.13454	0	-0.6125	0.0005	12		4x4,12x10,55x10	Hubbard	Table 1: fPEPS and DMRG energies persite for 4 × 4 at half filling ( N e = 16 ) and n h = 1 / 8 hole doping ( N e = 14 ) at Hubbard repulsive interaction U = 8 . For DMRG results, the truncated weights for bond dimension m = 2500 are 4.12 × 10 - 9 and 7.55 × 10 - 8 for half-filling and n h = 1 / 8 , respectively. DMRG results with m = ∞ denote extrapolated energies using truncated weights.
2502.13454	0	-0.63159	0.00003	12		4x4,12x10,55x10	Hubbard	Table 1: fPEPS and DMRG energies persite for 4 × 4 at half filling ( N e = 16 ) and n h = 1 / 8 hole doping ( N e = 14 ) at Hubbard repulsive interaction U = 8 . For DMRG results, the truncated weights for bond dimension m = 2500 are 4.12 × 10 - 9 and 7.55 × 10 - 8 for half-filling and n h = 1 / 8 , respectively. DMRG results with m = ∞ denote extrapolated energies using truncated weights.
2502.13454	0	-0.6326183		12		4x4,12x10,55x10	Hubbard	Table 1: fPEPS and DMRG energies persite for 4 × 4 at half filling ( N e = 16 ) and n h = 1 / 8 hole doping ( N e = 14 ) at Hubbard repulsive interaction U = 8 . For DMRG results, the truncated weights for bond dimension m = 2500 are 4.12 × 10 - 9 and 7.55 × 10 - 8 for half-filling and n h = 1 / 8 , respectively. DMRG results with m = ∞ denote extrapolated energies using truncated weights.
2502.13454	0	-0.4242	0.0005	14	4 × 4 , n h = 1 / 8	4x4,12x10,55x10	Hubbard	Table 1: fPEPS and DMRG energies persite for 4 × 4 at half filling ( N e = 16 ) and n h = 1 / 8 hole doping ( N e = 14 ) at Hubbard repulsive interaction U = 8 . For DMRG results, the truncated weights for bond dimension m = 2500 are 4.12 × 10 - 9 and 7.55 × 10 - 8 for half-filling and n h = 1 / 8 , respectively. DMRG results with m = ∞ denote extrapolated energies using truncated weights.
2502.13454	0	-0.425508	0.000005	14		4x4,12x10,55x10	Hubbard	Table 1: fPEPS and DMRG energies persite for 4 × 4 at half filling ( N e = 16 ) and n h = 1 / 8 hole doping ( N e = 14 ) at Hubbard repulsive interaction U = 8 . For DMRG results, the truncated weights for bond dimension m = 2500 are 4.12 × 10 - 9 and 7.55 × 10 - 8 for half-filling and n h = 1 / 8 , respectively. DMRG results with m = ∞ denote extrapolated energies using truncated weights.
2502.13454	0	-0.42552596	1e-8	14		4x4,12x10,55x10	Hubbard	Table 1: fPEPS and DMRG energies persite for 4 × 4 at half filling ( N e = 16 ) and n h = 1 / 8 hole doping ( N e = 14 ) at Hubbard repulsive interaction U = 8 . For DMRG results, the truncated weights for bond dimension m = 2500 are 4.12 × 10 - 9 and 7.55 × 10 - 8 for half-filling and n h = 1 / 8 , respectively. DMRG results with m = ∞ denote extrapolated energies using truncated weights.
2502.13454	0	-0.6154	0.0004	14		4x4,12x10,55x10	Hubbard	Table 1: fPEPS and DMRG energies persite for 4 × 4 at half filling ( N e = 16 ) and n h = 1 / 8 hole doping ( N e = 14 ) at Hubbard repulsive interaction U = 8 . For DMRG results, the truncated weights for bond dimension m = 2500 are 4.12 × 10 - 9 and 7.55 × 10 - 8 for half-filling and n h = 1 / 8 , respectively. DMRG results with m = ∞ denote extrapolated energies using truncated weights.
2502.13454	0	-0.63206	0.00001	14		4x4,12x10,55x10	Hubbard	Table 1: fPEPS and DMRG energies persite for 4 × 4 at half filling ( N e = 16 ) and n h = 1 / 8 hole doping ( N e = 14 ) at Hubbard repulsive interaction U = 8 . For DMRG results, the truncated weights for bond dimension m = 2500 are 4.12 × 10 - 9 and 7.55 × 10 - 8 for half-filling and n h = 1 / 8 , respectively. DMRG results with m = ∞ denote extrapolated energies using truncated weights.
2502.13454	0	-0.632619	1e-7	14		4x4,12x10,55x10	Hubbard	Table 1: fPEPS and DMRG energies persite for 4 × 4 at half filling ( N e = 16 ) and n h = 1 / 8 hole doping ( N e = 14 ) at Hubbard repulsive interaction U = 8 . For DMRG results, the truncated weights for bond dimension m = 2500 are 4.12 × 10 - 9 and 7.55 × 10 - 8 for half-filling and n h = 1 / 8 , respectively. DMRG results with m = ∞ denote extrapolated energies using truncated weights.
2502.13454	0	-0.4244	0.0002	16	4 × 4 , n h = 1 / 8	4x4,12x10,55x10	Hubbard	Table 1: fPEPS and DMRG energies persite for 4 × 4 at half filling ( N e = 16 ) and n h = 1 / 8 hole doping ( N e = 14 ) at Hubbard repulsive interaction U = 8 . For DMRG results, the truncated weights for bond dimension m = 2500 are 4.12 × 10 - 9 and 7.55 × 10 - 8 for half-filling and n h = 1 / 8 , respectively. DMRG results with m = ∞ denote extrapolated energies using truncated weights.
2502.13454	0	-0.425519	0.000006	16		4x4,12x10,55x10	Hubbard	Table 1: fPEPS and DMRG energies persite for 4 × 4 at half filling ( N e = 16 ) and n h = 1 / 8 hole doping ( N e = 14 ) at Hubbard repulsive interaction U = 8 . For DMRG results, the truncated weights for bond dimension m = 2500 are 4.12 × 10 - 9 and 7.55 × 10 - 8 for half-filling and n h = 1 / 8 , respectively. DMRG results with m = ∞ denote extrapolated energies using truncated weights.
2502.13454	0	-0.6152	0.0004	16		4x4,12x10,55x10	Hubbard	Table 1: fPEPS and DMRG energies persite for 4 × 4 at half filling ( N e = 16 ) and n h = 1 / 8 hole doping ( N e = 14 ) at Hubbard repulsive interaction U = 8 . For DMRG results, the truncated weights for bond dimension m = 2500 are 4.12 × 10 - 9 and 7.55 × 10 - 8 for half-filling and n h = 1 / 8 , respectively. DMRG results with m = ∞ denote extrapolated energies using truncated weights.
2502.13454	0	-0.63234	0.00002	16		4x4,12x10,55x10	Hubbard	Table 1: fPEPS and DMRG energies persite for 4 × 4 at half filling ( N e = 16 ) and n h = 1 / 8 hole doping ( N e = 14 ) at Hubbard repulsive interaction U = 8 . For DMRG results, the truncated weights for bond dimension m = 2500 are 4.12 × 10 - 9 and 7.55 × 10 - 8 for half-filling and n h = 1 / 8 , respectively. DMRG results with m = ∞ denote extrapolated energies using truncated weights.
2502.13454	1	-0.5132	0.0005	4	6 × 6 , n h = 1 / 9	6x6,01x10,26x10,4x16	Hubbard	Table 2: fPEPS and DMRG energies persite for the Hubbard model at U = 8 . For 6 × 6 , truncated weights from m = 24000 for n h = 1 / 18 ( N e = 34 ) and n h = 1 / 9 ( N e = 32 ) are 6.01 × 10 - 6 and 3.26 × 10 - 5 , respectively. For 4 × 16 , truncated weights from m = 12000 is 1.01 × 10 - 5 . DMRG results with m = ∞ denote extrapolated energies from truncated weights, not using the results from the presented maximal bond dimensions.
2502.13454	1	-0.5273	0.0003	4	4 × 16 , n h = 1 / 8	4x16,6x6,01x10,26x10	Hubbard	Table 2: fPEPS and DMRG energies persite for the Hubbard model at U = 8 . For 6 × 6 , truncated weights from m = 24000 for n h = 1 / 18 ( N e = 34 ) and n h = 1 / 9 ( N e = 32 ) are 6.01 × 10 - 6 and 3.26 × 10 - 5 , respectively. For 4 × 16 , truncated weights from m = 12000 is 1.01 × 10 - 5 . DMRG results with m = ∞ denote extrapolated energies from truncated weights, not using the results from the presented maximal bond dimensions.
2502.13454	1	-0.5598359		4		6x6,01x10,26x10,4x16	Hubbard	Table 2: fPEPS and DMRG energies persite for the Hubbard model at U = 8 . For 6 × 6 , truncated weights from m = 24000 for n h = 1 / 18 ( N e = 34 ) and n h = 1 / 9 ( N e = 32 ) are 6.01 × 10 - 6 and 3.26 × 10 - 5 , respectively. For 4 × 16 , truncated weights from m = 12000 is 1.01 × 10 - 5 . DMRG results with m = ∞ denote extrapolated energies from truncated weights, not using the results from the presented maximal bond dimensions.
2502.13454	1	-0.5786	0.0004	4		6x6,01x10,26x10,4x16	Hubbard	Table 2: fPEPS and DMRG energies persite for the Hubbard model at U = 8 . For 6 × 6 , truncated weights from m = 24000 for n h = 1 / 18 ( N e = 34 ) and n h = 1 / 9 ( N e = 32 ) are 6.01 × 10 - 6 and 3.26 × 10 - 5 , respectively. For 4 × 16 , truncated weights from m = 12000 is 1.01 × 10 - 5 . DMRG results with m = ∞ denote extrapolated energies from truncated weights, not using the results from the presented maximal bond dimensions.
2502.13454	1	-0.6007	0.0007	4		6x6,01x10,26x10,4x16	Hubbard	Table 2: fPEPS and DMRG energies persite for the Hubbard model at U = 8 . For 6 × 6 , truncated weights from m = 24000 for n h = 1 / 18 ( N e = 34 ) and n h = 1 / 9 ( N e = 32 ) are 6.01 × 10 - 6 and 3.26 × 10 - 5 , respectively. For 4 × 16 , truncated weights from m = 12000 is 1.01 × 10 - 5 . DMRG results with m = ∞ denote extrapolated energies from truncated weights, not using the results from the presented maximal bond dimensions.
2502.13454	1	-0.657064		4		6x6,01x10,26x10,4x16	Hubbard	Table 2: fPEPS and DMRG energies persite for the Hubbard model at U = 8 . For 6 × 6 , truncated weights from m = 24000 for n h = 1 / 18 ( N e = 34 ) and n h = 1 / 9 ( N e = 32 ) are 6.01 × 10 - 6 and 3.26 × 10 - 5 , respectively. For 4 × 16 , truncated weights from m = 12000 is 1.01 × 10 - 5 . DMRG results with m = ∞ denote extrapolated energies from truncated weights, not using the results from the presented maximal bond dimensions.
2502.13454	1	-0.612	0.0008	4		6x6,01x10,26x10,4x16	Hubbard	Table 2: fPEPS and DMRG energies persite for the Hubbard model at U = 8 . For 6 × 6 , truncated weights from m = 24000 for n h = 1 / 18 ( N e = 34 ) and n h = 1 / 9 ( N e = 32 ) are 6.01 × 10 - 6 and 3.26 × 10 - 5 , respectively. For 4 × 16 , truncated weights from m = 12000 is 1.01 × 10 - 5 . DMRG results with m = ∞ denote extrapolated energies from truncated weights, not using the results from the presented maximal bond dimensions.
2502.13454	1	-0.63383	0.00004	4		6x6,01x10,26x10,4x16	Hubbard	Table 2: fPEPS and DMRG energies persite for the Hubbard model at U = 8 . For 6 × 6 , truncated weights from m = 24000 for n h = 1 / 18 ( N e = 34 ) and n h = 1 / 9 ( N e = 32 ) are 6.01 × 10 - 6 and 3.26 × 10 - 5 , respectively. For 4 × 16 , truncated weights from m = 12000 is 1.01 × 10 - 5 . DMRG results with m = ∞ denote extrapolated energies from truncated weights, not using the results from the presented maximal bond dimensions.
2502.13454	1	-0.685268		4		6x6,01x10,26x10,4x16	Hubbard	Table 2: fPEPS and DMRG energies persite for the Hubbard model at U = 8 . For 6 × 6 , truncated weights from m = 24000 for n h = 1 / 18 ( N e = 34 ) and n h = 1 / 9 ( N e = 32 ) are 6.01 × 10 - 6 and 3.26 × 10 - 5 , respectively. For 4 × 16 , truncated weights from m = 12000 is 1.01 × 10 - 5 . DMRG results with m = ∞ denote extrapolated energies from truncated weights, not using the results from the presented maximal bond dimensions.
2502.13454	1	-0.5363	0.0003	6	6 × 6 , n h = 1 / 9	6x6,01x10,26x10,4x16	Hubbard	Table 2: fPEPS and DMRG energies persite for the Hubbard model at U = 8 . For 6 × 6 , truncated weights from m = 24000 for n h = 1 / 18 ( N e = 34 ) and n h = 1 / 9 ( N e = 32 ) are 6.01 × 10 - 6 and 3.26 × 10 - 5 , respectively. For 4 × 16 , truncated weights from m = 12000 is 1.01 × 10 - 5 . DMRG results with m = ∞ denote extrapolated energies from truncated weights, not using the results from the presented maximal bond dimensions.
2502.13454	1	-0.5448	0.0001	6	4 × 16 , n h = 1 / 8	4x16,6x6,01x10,26x10	Hubbard	Table 2: fPEPS and DMRG energies persite for the Hubbard model at U = 8 . For 6 × 6 , truncated weights from m = 24000 for n h = 1 / 18 ( N e = 34 ) and n h = 1 / 9 ( N e = 32 ) are 6.01 × 10 - 6 and 3.26 × 10 - 5 , respectively. For 4 × 16 , truncated weights from m = 12000 is 1.01 × 10 - 5 . DMRG results with m = ∞ denote extrapolated energies from truncated weights, not using the results from the presented maximal bond dimensions.
2502.13454	1	-0.5598593		6		6x6,01x10,26x10,4x16	Hubbard	Table 2: fPEPS and DMRG energies persite for the Hubbard model at U = 8 . For 6 × 6 , truncated weights from m = 24000 for n h = 1 / 18 ( N e = 34 ) and n h = 1 / 9 ( N e = 32 ) are 6.01 × 10 - 6 and 3.26 × 10 - 5 , respectively. For 4 × 16 , truncated weights from m = 12000 is 1.01 × 10 - 5 . DMRG results with m = ∞ denote extrapolated energies from truncated weights, not using the results from the presented maximal bond dimensions.
2502.13454	1	-0.62	0.0006	6		6x6,01x10,26x10,4x16	Hubbard	Table 2: fPEPS and DMRG energies persite for the Hubbard model at U = 8 . For 6 × 6 , truncated weights from m = 24000 for n h = 1 / 18 ( N e = 34 ) and n h = 1 / 9 ( N e = 32 ) are 6.01 × 10 - 6 and 3.26 × 10 - 5 , respectively. For 4 × 16 , truncated weights from m = 12000 is 1.01 × 10 - 5 . DMRG results with m = ∞ denote extrapolated energies from truncated weights, not using the results from the presented maximal bond dimensions.
2502.13454	1	-0.6309	0.0004	6		6x6,01x10,26x10,4x16	Hubbard	Table 2: fPEPS and DMRG energies persite for the Hubbard model at U = 8 . For 6 × 6 , truncated weights from m = 24000 for n h = 1 / 18 ( N e = 34 ) and n h = 1 / 9 ( N e = 32 ) are 6.01 × 10 - 6 and 3.26 × 10 - 5 , respectively. For 4 × 16 , truncated weights from m = 12000 is 1.01 × 10 - 5 . DMRG results with m = ∞ denote extrapolated energies from truncated weights, not using the results from the presented maximal bond dimensions.
2502.13454	1	-0.6571482		6		6x6,01x10,26x10,4x16	Hubbard	Table 2: fPEPS and DMRG energies persite for the Hubbard model at U = 8 . For 6 × 6 , truncated weights from m = 24000 for n h = 1 / 18 ( N e = 34 ) and n h = 1 / 9 ( N e = 32 ) are 6.01 × 10 - 6 and 3.26 × 10 - 5 , respectively. For 4 × 16 , truncated weights from m = 12000 is 1.01 × 10 - 5 . DMRG results with m = ∞ denote extrapolated energies from truncated weights, not using the results from the presented maximal bond dimensions.
2502.13454	1	-0.6473	0.0004	6		6x6,01x10,26x10,4x16	Hubbard	Table 2: fPEPS and DMRG energies persite for the Hubbard model at U = 8 . For 6 × 6 , truncated weights from m = 24000 for n h = 1 / 18 ( N e = 34 ) and n h = 1 / 9 ( N e = 32 ) are 6.01 × 10 - 6 and 3.26 × 10 - 5 , respectively. For 4 × 16 , truncated weights from m = 12000 is 1.01 × 10 - 5 . DMRG results with m = ∞ denote extrapolated energies from truncated weights, not using the results from the presented maximal bond dimensions.
2502.13454	1	-0.66062	0.00006	6		6x6,01x10,26x10,4x16	Hubbard	Table 2: fPEPS and DMRG energies persite for the Hubbard model at U = 8 . For 6 × 6 , truncated weights from m = 24000 for n h = 1 / 18 ( N e = 34 ) and n h = 1 / 9 ( N e = 32 ) are 6.01 × 10 - 6 and 3.26 × 10 - 5 , respectively. For 4 × 16 , truncated weights from m = 12000 is 1.01 × 10 - 5 . DMRG results with m = ∞ denote extrapolated energies from truncated weights, not using the results from the presented maximal bond dimensions.
2502.13454	1	-0.6853034		6		6x6,01x10,26x10,4x16	Hubbard	Table 2: fPEPS and DMRG energies persite for the Hubbard model at U = 8 . For 6 × 6 , truncated weights from m = 24000 for n h = 1 / 18 ( N e = 34 ) and n h = 1 / 9 ( N e = 32 ) are 6.01 × 10 - 6 and 3.26 × 10 - 5 , respectively. For 4 × 16 , truncated weights from m = 12000 is 1.01 × 10 - 5 . DMRG results with m = ∞ denote extrapolated energies from truncated weights, not using the results from the presented maximal bond dimensions.
2502.13454	1	-0.5438	0.0005	8	6 × 6 , n h = 1 / 9	6x6,01x10,26x10,4x16	Hubbard	Table 2: fPEPS and DMRG energies persite for the Hubbard model at U = 8 . For 6 × 6 , truncated weights from m = 24000 for n h = 1 / 18 ( N e = 34 ) and n h = 1 / 9 ( N e = 32 ) are 6.01 × 10 - 6 and 3.26 × 10 - 5 , respectively. For 4 × 16 , truncated weights from m = 12000 is 1.01 × 10 - 5 . DMRG results with m = ∞ denote extrapolated energies from truncated weights, not using the results from the presented maximal bond dimensions.
2502.13454	1	-0.5509	0.0001	8	4 × 16 , n h = 1 / 8	4x16,6x6,01x10,26x10	Hubbard	Table 2: fPEPS and DMRG energies persite for the Hubbard model at U = 8 . For 6 × 6 , truncated weights from m = 24000 for n h = 1 / 18 ( N e = 34 ) and n h = 1 / 9 ( N e = 32 ) are 6.01 × 10 - 6 and 3.26 × 10 - 5 , respectively. For 4 × 16 , truncated weights from m = 12000 is 1.01 × 10 - 5 . DMRG results with m = ∞ denote extrapolated energies from truncated weights, not using the results from the presented maximal bond dimensions.
2502.13454	1	-0.5598766		8		6x6,01x10,26x10,4x16	Hubbard	Table 2: fPEPS and DMRG energies persite for the Hubbard model at U = 8 . For 6 × 6 , truncated weights from m = 24000 for n h = 1 / 18 ( N e = 34 ) and n h = 1 / 9 ( N e = 32 ) are 6.01 × 10 - 6 and 3.26 × 10 - 5 , respectively. For 4 × 16 , truncated weights from m = 12000 is 1.01 × 10 - 5 . DMRG results with m = ∞ denote extrapolated energies from truncated weights, not using the results from the presented maximal bond dimensions.
2502.13454	1	-0.6312	0.0005	8		6x6,01x10,26x10,4x16	Hubbard	Table 2: fPEPS and DMRG energies persite for the Hubbard model at U = 8 . For 6 × 6 , truncated weights from m = 24000 for n h = 1 / 18 ( N e = 34 ) and n h = 1 / 9 ( N e = 32 ) are 6.01 × 10 - 6 and 3.26 × 10 - 5 , respectively. For 4 × 16 , truncated weights from m = 12000 is 1.01 × 10 - 5 . DMRG results with m = ∞ denote extrapolated energies from truncated weights, not using the results from the presented maximal bond dimensions.
2502.13454	1	-0.6415	0.0002	8		6x6,01x10,26x10,4x16	Hubbard	Table 2: fPEPS and DMRG energies persite for the Hubbard model at U = 8 . For 6 × 6 , truncated weights from m = 24000 for n h = 1 / 18 ( N e = 34 ) and n h = 1 / 9 ( N e = 32 ) are 6.01 × 10 - 6 and 3.26 × 10 - 5 , respectively. For 4 × 16 , truncated weights from m = 12000 is 1.01 × 10 - 5 . DMRG results with m = ∞ denote extrapolated energies from truncated weights, not using the results from the presented maximal bond dimensions.
2502.13454	1	-0.6572133		8		6x6,01x10,26x10,4x16	Hubbard	Table 2: fPEPS and DMRG energies persite for the Hubbard model at U = 8 . For 6 × 6 , truncated weights from m = 24000 for n h = 1 / 18 ( N e = 34 ) and n h = 1 / 9 ( N e = 32 ) are 6.01 × 10 - 6 and 3.26 × 10 - 5 , respectively. For 4 × 16 , truncated weights from m = 12000 is 1.01 × 10 - 5 . DMRG results with m = ∞ denote extrapolated energies from truncated weights, not using the results from the presented maximal bond dimensions.
2502.13454	1	-0.6621	0.0003	8		6x6,01x10,26x10,4x16	Hubbard	Table 2: fPEPS and DMRG energies persite for the Hubbard model at U = 8 . For 6 × 6 , truncated weights from m = 24000 for n h = 1 / 18 ( N e = 34 ) and n h = 1 / 9 ( N e = 32 ) are 6.01 × 10 - 6 and 3.26 × 10 - 5 , respectively. For 4 × 16 , truncated weights from m = 12000 is 1.01 × 10 - 5 . DMRG results with m = ∞ denote extrapolated energies from truncated weights, not using the results from the presented maximal bond dimensions.
2502.13454	1	-0.67212	0.00002	8		6x6,01x10,26x10,4x16	Hubbard	Table 2: fPEPS and DMRG energies persite for the Hubbard model at U = 8 . For 6 × 6 , truncated weights from m = 24000 for n h = 1 / 18 ( N e = 34 ) and n h = 1 / 9 ( N e = 32 ) are 6.01 × 10 - 6 and 3.26 × 10 - 5 , respectively. For 4 × 16 , truncated weights from m = 12000 is 1.01 × 10 - 5 . DMRG results with m = ∞ denote extrapolated energies from truncated weights, not using the results from the presented maximal bond dimensions.
2502.13454	1	-0.6853307		8		6x6,01x10,26x10,4x16	Hubbard	Table 2: fPEPS and DMRG energies persite for the Hubbard model at U = 8 . For 6 × 6 , truncated weights from m = 24000 for n h = 1 / 18 ( N e = 34 ) and n h = 1 / 9 ( N e = 32 ) are 6.01 × 10 - 6 and 3.26 × 10 - 5 , respectively. For 4 × 16 , truncated weights from m = 12000 is 1.01 × 10 - 5 . DMRG results with m = ∞ denote extrapolated energies from truncated weights, not using the results from the presented maximal bond dimensions.
2502.13454	1	-0.5486	0.0002	10	6 × 6 , n h = 1 / 9	6x6,01x10,26x10,4x16	Hubbard	Table 2: fPEPS and DMRG energies persite for the Hubbard model at U = 8 . For 6 × 6 , truncated weights from m = 24000 for n h = 1 / 18 ( N e = 34 ) and n h = 1 / 9 ( N e = 32 ) are 6.01 × 10 - 6 and 3.26 × 10 - 5 , respectively. For 4 × 16 , truncated weights from m = 12000 is 1.01 × 10 - 5 . DMRG results with m = ∞ denote extrapolated energies from truncated weights, not using the results from the presented maximal bond dimensions.
2502.13454	1	-0.5542	0.0002	10	4 × 16 , n h = 1 / 8	4x16,6x6,01x10,26x10	Hubbard	Table 2: fPEPS and DMRG energies persite for the Hubbard model at U = 8 . For 6 × 6 , truncated weights from m = 24000 for n h = 1 / 18 ( N e = 34 ) and n h = 1 / 9 ( N e = 32 ) are 6.01 × 10 - 6 and 3.26 × 10 - 5 , respectively. For 4 × 16 , truncated weights from m = 12000 is 1.01 × 10 - 5 . DMRG results with m = ∞ denote extrapolated energies from truncated weights, not using the results from the presented maximal bond dimensions.
2502.13454	1	-0.5598898		10		6x6,01x10,26x10,4x16	Hubbard	Table 2: fPEPS and DMRG energies persite for the Hubbard model at U = 8 . For 6 × 6 , truncated weights from m = 24000 for n h = 1 / 18 ( N e = 34 ) and n h = 1 / 9 ( N e = 32 ) are 6.01 × 10 - 6 and 3.26 × 10 - 5 , respectively. For 4 × 16 , truncated weights from m = 12000 is 1.01 × 10 - 5 . DMRG results with m = ∞ denote extrapolated energies from truncated weights, not using the results from the presented maximal bond dimensions.
2502.13454	1	-0.6388	0.0005	10		6x6,01x10,26x10,4x16	Hubbard	Table 2: fPEPS and DMRG energies persite for the Hubbard model at U = 8 . For 6 × 6 , truncated weights from m = 24000 for n h = 1 / 18 ( N e = 34 ) and n h = 1 / 9 ( N e = 32 ) are 6.01 × 10 - 6 and 3.26 × 10 - 5 , respectively. For 4 × 16 , truncated weights from m = 12000 is 1.01 × 10 - 5 . DMRG results with m = ∞ denote extrapolated energies from truncated weights, not using the results from the presented maximal bond dimensions.
2502.13454	1	-0.6448	0.0002	10		6x6,01x10,26x10,4x16	Hubbard	Table 2: fPEPS and DMRG energies persite for the Hubbard model at U = 8 . For 6 × 6 , truncated weights from m = 24000 for n h = 1 / 18 ( N e = 34 ) and n h = 1 / 9 ( N e = 32 ) are 6.01 × 10 - 6 and 3.26 × 10 - 5 , respectively. For 4 × 16 , truncated weights from m = 12000 is 1.01 × 10 - 5 . DMRG results with m = ∞ denote extrapolated energies from truncated weights, not using the results from the presented maximal bond dimensions.
2502.13454	1	-0.6572647		10		6x6,01x10,26x10,4x16	Hubbard	Table 2: fPEPS and DMRG energies persite for the Hubbard model at U = 8 . For 6 × 6 , truncated weights from m = 24000 for n h = 1 / 18 ( N e = 34 ) and n h = 1 / 9 ( N e = 32 ) are 6.01 × 10 - 6 and 3.26 × 10 - 5 , respectively. For 4 × 16 , truncated weights from m = 12000 is 1.01 × 10 - 5 . DMRG results with m = ∞ denote extrapolated energies from truncated weights, not using the results from the presented maximal bond dimensions.
2502.13454	1	-0.669	0.0004	10		6x6,01x10,26x10,4x16	Hubbard	Table 2: fPEPS and DMRG energies persite for the Hubbard model at U = 8 . For 6 × 6 , truncated weights from m = 24000 for n h = 1 / 18 ( N e = 34 ) and n h = 1 / 9 ( N e = 32 ) are 6.01 × 10 - 6 and 3.26 × 10 - 5 , respectively. For 4 × 16 , truncated weights from m = 12000 is 1.01 × 10 - 5 . DMRG results with m = ∞ denote extrapolated energies from truncated weights, not using the results from the presented maximal bond dimensions.
2502.13454	1	-0.67712	0.00005	10		6x6,01x10,26x10,4x16	Hubbard	Table 2: fPEPS and DMRG energies persite for the Hubbard model at U = 8 . For 6 × 6 , truncated weights from m = 24000 for n h = 1 / 18 ( N e = 34 ) and n h = 1 / 9 ( N e = 32 ) are 6.01 × 10 - 6 and 3.26 × 10 - 5 , respectively. For 4 × 16 , truncated weights from m = 12000 is 1.01 × 10 - 5 . DMRG results with m = ∞ denote extrapolated energies from truncated weights, not using the results from the presented maximal bond dimensions.
2502.13454	1	-0.6853523		10		6x6,01x10,26x10,4x16	Hubbard	Table 2: fPEPS and DMRG energies persite for the Hubbard model at U = 8 . For 6 × 6 , truncated weights from m = 24000 for n h = 1 / 18 ( N e = 34 ) and n h = 1 / 9 ( N e = 32 ) are 6.01 × 10 - 6 and 3.26 × 10 - 5 , respectively. For 4 × 16 , truncated weights from m = 12000 is 1.01 × 10 - 5 . DMRG results with m = ∞ denote extrapolated energies from truncated weights, not using the results from the presented maximal bond dimensions.
2502.13454	1	-0.551	0.0004	12	6 × 6 , n h = 1 / 9	6x6,01x10,26x10,4x16	Hubbard	Table 2: fPEPS and DMRG energies persite for the Hubbard model at U = 8 . For 6 × 6 , truncated weights from m = 24000 for n h = 1 / 18 ( N e = 34 ) and n h = 1 / 9 ( N e = 32 ) are 6.01 × 10 - 6 and 3.26 × 10 - 5 , respectively. For 4 × 16 , truncated weights from m = 12000 is 1.01 × 10 - 5 . DMRG results with m = ∞ denote extrapolated energies from truncated weights, not using the results from the presented maximal bond dimensions.
2502.13454	1	-0.5561	0.0002	12	4 × 16 , n h = 1 / 8	4x16,6x6,01x10,26x10	Hubbard	Table 2: fPEPS and DMRG energies persite for the Hubbard model at U = 8 . For 6 × 6 , truncated weights from m = 24000 for n h = 1 / 18 ( N e = 34 ) and n h = 1 / 9 ( N e = 32 ) are 6.01 × 10 - 6 and 3.26 × 10 - 5 , respectively. For 4 × 16 , truncated weights from m = 12000 is 1.01 × 10 - 5 . DMRG results with m = ∞ denote extrapolated energies from truncated weights, not using the results from the presented maximal bond dimensions.
2502.13454	1	-0.5599001		12		6x6,01x10,26x10,4x16	Hubbard	Table 2: fPEPS and DMRG energies persite for the Hubbard model at U = 8 . For 6 × 6 , truncated weights from m = 24000 for n h = 1 / 18 ( N e = 34 ) and n h = 1 / 9 ( N e = 32 ) are 6.01 × 10 - 6 and 3.26 × 10 - 5 , respectively. For 4 × 16 , truncated weights from m = 12000 is 1.01 × 10 - 5 . DMRG results with m = ∞ denote extrapolated energies from truncated weights, not using the results from the presented maximal bond dimensions.
2502.13454	1	-0.6423	0.0003	12		6x6,01x10,26x10,4x16	Hubbard	Table 2: fPEPS and DMRG energies persite for the Hubbard model at U = 8 . For 6 × 6 , truncated weights from m = 24000 for n h = 1 / 18 ( N e = 34 ) and n h = 1 / 9 ( N e = 32 ) are 6.01 × 10 - 6 and 3.26 × 10 - 5 , respectively. For 4 × 16 , truncated weights from m = 12000 is 1.01 × 10 - 5 . DMRG results with m = ∞ denote extrapolated energies from truncated weights, not using the results from the presented maximal bond dimensions.
2502.13454	1	-0.6485	0.0001	12		6x6,01x10,26x10,4x16	Hubbard	Table 2: fPEPS and DMRG energies persite for the Hubbard model at U = 8 . For 6 × 6 , truncated weights from m = 24000 for n h = 1 / 18 ( N e = 34 ) and n h = 1 / 9 ( N e = 32 ) are 6.01 × 10 - 6 and 3.26 × 10 - 5 , respectively. For 4 × 16 , truncated weights from m = 12000 is 1.01 × 10 - 5 . DMRG results with m = ∞ denote extrapolated energies from truncated weights, not using the results from the presented maximal bond dimensions.
2502.13454	1	-0.6573063		12		6x6,01x10,26x10,4x16	Hubbard	Table 2: fPEPS and DMRG energies persite for the Hubbard model at U = 8 . For 6 × 6 , truncated weights from m = 24000 for n h = 1 / 18 ( N e = 34 ) and n h = 1 / 9 ( N e = 32 ) are 6.01 × 10 - 6 and 3.26 × 10 - 5 , respectively. For 4 × 16 , truncated weights from m = 12000 is 1.01 × 10 - 5 . DMRG results with m = ∞ denote extrapolated energies from truncated weights, not using the results from the presented maximal bond dimensions.
2502.13454	1	-0.6742	0.0004	12		6x6,01x10,26x10,4x16	Hubbard	Table 2: fPEPS and DMRG energies persite for the Hubbard model at U = 8 . For 6 × 6 , truncated weights from m = 24000 for n h = 1 / 18 ( N e = 34 ) and n h = 1 / 9 ( N e = 32 ) are 6.01 × 10 - 6 and 3.26 × 10 - 5 , respectively. For 4 × 16 , truncated weights from m = 12000 is 1.01 × 10 - 5 . DMRG results with m = ∞ denote extrapolated energies from truncated weights, not using the results from the presented maximal bond dimensions.
2502.13454	1	-0.67967	0.00004	12		6x6,01x10,26x10,4x16	Hubbard	Table 2: fPEPS and DMRG energies persite for the Hubbard model at U = 8 . For 6 × 6 , truncated weights from m = 24000 for n h = 1 / 18 ( N e = 34 ) and n h = 1 / 9 ( N e = 32 ) are 6.01 × 10 - 6 and 3.26 × 10 - 5 , respectively. For 4 × 16 , truncated weights from m = 12000 is 1.01 × 10 - 5 . DMRG results with m = ∞ denote extrapolated energies from truncated weights, not using the results from the presented maximal bond dimensions.
2502.13454	1	-0.6853698		12		6x6,01x10,26x10,4x16	Hubbard	Table 2: fPEPS and DMRG energies persite for the Hubbard model at U = 8 . For 6 × 6 , truncated weights from m = 24000 for n h = 1 / 18 ( N e = 34 ) and n h = 1 / 9 ( N e = 32 ) are 6.01 × 10 - 6 and 3.26 × 10 - 5 , respectively. For 4 × 16 , truncated weights from m = 12000 is 1.01 × 10 - 5 . DMRG results with m = ∞ denote extrapolated energies from truncated weights, not using the results from the presented maximal bond dimensions.
2502.13454	1	-0.5528	0.0003	14	6 × 6 , n h = 1 / 9	6x6,01x10,26x10,4x16	Hubbard	Table 2: fPEPS and DMRG energies persite for the Hubbard model at U = 8 . For 6 × 6 , truncated weights from m = 24000 for n h = 1 / 18 ( N e = 34 ) and n h = 1 / 9 ( N e = 32 ) are 6.01 × 10 - 6 and 3.26 × 10 - 5 , respectively. For 4 × 16 , truncated weights from m = 12000 is 1.01 × 10 - 5 . DMRG results with m = ∞ denote extrapolated energies from truncated weights, not using the results from the presented maximal bond dimensions.
2502.13454	1	-0.55766	0.00007	14	4 × 16 , n h = 1 / 8	4x16,6x6,01x10,26x10	Hubbard	Table 2: fPEPS and DMRG energies persite for the Hubbard model at U = 8 . For 6 × 6 , truncated weights from m = 24000 for n h = 1 / 18 ( N e = 34 ) and n h = 1 / 9 ( N e = 32 ) are 6.01 × 10 - 6 and 3.26 × 10 - 5 , respectively. For 4 × 16 , truncated weights from m = 12000 is 1.01 × 10 - 5 . DMRG results with m = ∞ denote extrapolated energies from truncated weights, not using the results from the presented maximal bond dimensions.
2502.13454	1	-0.559969	0.000016	14		6x6,01x10,26x10,4x16	Hubbard	Table 2: fPEPS and DMRG energies persite for the Hubbard model at U = 8 . For 6 × 6 , truncated weights from m = 24000 for n h = 1 / 18 ( N e = 34 ) and n h = 1 / 9 ( N e = 32 ) are 6.01 × 10 - 6 and 3.26 × 10 - 5 , respectively. For 4 × 16 , truncated weights from m = 12000 is 1.01 × 10 - 5 . DMRG results with m = ∞ denote extrapolated energies from truncated weights, not using the results from the presented maximal bond dimensions.
2502.13454	1	-0.6455	0.0003	14		6x6,01x10,26x10,4x16	Hubbard	Table 2: fPEPS and DMRG energies persite for the Hubbard model at U = 8 . For 6 × 6 , truncated weights from m = 24000 for n h = 1 / 18 ( N e = 34 ) and n h = 1 / 9 ( N e = 32 ) are 6.01 × 10 - 6 and 3.26 × 10 - 5 , respectively. For 4 × 16 , truncated weights from m = 12000 is 1.01 × 10 - 5 . DMRG results with m = ∞ denote extrapolated energies from truncated weights, not using the results from the presented maximal bond dimensions.
2502.13454	1	-0.6513	0.0002	14		6x6,01x10,26x10,4x16	Hubbard	Table 2: fPEPS and DMRG energies persite for the Hubbard model at U = 8 . For 6 × 6 , truncated weights from m = 24000 for n h = 1 / 18 ( N e = 34 ) and n h = 1 / 9 ( N e = 32 ) are 6.01 × 10 - 6 and 3.26 × 10 - 5 , respectively. For 4 × 16 , truncated weights from m = 12000 is 1.01 × 10 - 5 . DMRG results with m = ∞ denote extrapolated energies from truncated weights, not using the results from the presented maximal bond dimensions.
2502.13454	1	-0.657675	0.000082	14		6x6,01x10,26x10,4x16	Hubbard	Table 2: fPEPS and DMRG energies persite for the Hubbard model at U = 8 . For 6 × 6 , truncated weights from m = 24000 for n h = 1 / 18 ( N e = 34 ) and n h = 1 / 9 ( N e = 32 ) are 6.01 × 10 - 6 and 3.26 × 10 - 5 , respectively. For 4 × 16 , truncated weights from m = 12000 is 1.01 × 10 - 5 . DMRG results with m = ∞ denote extrapolated energies from truncated weights, not using the results from the presented maximal bond dimensions.
2502.13454	1	-0.6776	0.0002	14		6x6,01x10,26x10,4x16	Hubbard	Table 2: fPEPS and DMRG energies persite for the Hubbard model at U = 8 . For 6 × 6 , truncated weights from m = 24000 for n h = 1 / 18 ( N e = 34 ) and n h = 1 / 9 ( N e = 32 ) are 6.01 × 10 - 6 and 3.26 × 10 - 5 , respectively. For 4 × 16 , truncated weights from m = 12000 is 1.01 × 10 - 5 . DMRG results with m = ∞ denote extrapolated energies from truncated weights, not using the results from the presented maximal bond dimensions.
2502.13454	1	-0.6811	0.00004	14		6x6,01x10,26x10,4x16	Hubbard	Table 2: fPEPS and DMRG energies persite for the Hubbard model at U = 8 . For 6 × 6 , truncated weights from m = 24000 for n h = 1 / 18 ( N e = 34 ) and n h = 1 / 9 ( N e = 32 ) are 6.01 × 10 - 6 and 3.26 × 10 - 5 , respectively. For 4 × 16 , truncated weights from m = 12000 is 1.01 × 10 - 5 . DMRG results with m = ∞ denote extrapolated energies from truncated weights, not using the results from the presented maximal bond dimensions.
2502.13454	1	-0.685544	0.000038	14		6x6,01x10,26x10,4x16	Hubbard	Table 2: fPEPS and DMRG energies persite for the Hubbard model at U = 8 . For 6 × 6 , truncated weights from m = 24000 for n h = 1 / 18 ( N e = 34 ) and n h = 1 / 9 ( N e = 32 ) are 6.01 × 10 - 6 and 3.26 × 10 - 5 , respectively. For 4 × 16 , truncated weights from m = 12000 is 1.01 × 10 - 5 . DMRG results with m = ∞ denote extrapolated energies from truncated weights, not using the results from the presented maximal bond dimensions.
2502.13454	1	-0.5531	0.0004	16	6 × 6 , n h = 1 / 9	6x6,01x10,26x10,4x16	Hubbard	Table 2: fPEPS and DMRG energies persite for the Hubbard model at U = 8 . For 6 × 6 , truncated weights from m = 24000 for n h = 1 / 18 ( N e = 34 ) and n h = 1 / 9 ( N e = 32 ) are 6.01 × 10 - 6 and 3.26 × 10 - 5 , respectively. For 4 × 16 , truncated weights from m = 12000 is 1.01 × 10 - 5 . DMRG results with m = ∞ denote extrapolated energies from truncated weights, not using the results from the presented maximal bond dimensions.
2502.13454	1	-0.55827	0.00003	16	4 × 16 , n h = 1 / 8	4x16,6x6,01x10,26x10	Hubbard	Table 2: fPEPS and DMRG energies persite for the Hubbard model at U = 8 . For 6 × 6 , truncated weights from m = 24000 for n h = 1 / 18 ( N e = 34 ) and n h = 1 / 9 ( N e = 32 ) are 6.01 × 10 - 6 and 3.26 × 10 - 5 , respectively. For 4 × 16 , truncated weights from m = 12000 is 1.01 × 10 - 5 . DMRG results with m = ∞ denote extrapolated energies from truncated weights, not using the results from the presented maximal bond dimensions.
2502.13454	1	-0.647	0.0004	16		6x6,01x10,26x10,4x16	Hubbard	Table 2: fPEPS and DMRG energies persite for the Hubbard model at U = 8 . For 6 × 6 , truncated weights from m = 24000 for n h = 1 / 18 ( N e = 34 ) and n h = 1 / 9 ( N e = 32 ) are 6.01 × 10 - 6 and 3.26 × 10 - 5 , respectively. For 4 × 16 , truncated weights from m = 12000 is 1.01 × 10 - 5 . DMRG results with m = ∞ denote extrapolated energies from truncated weights, not using the results from the presented maximal bond dimensions.
2502.13454	1	-0.65327	0.00005	16		6x6,01x10,26x10,4x16	Hubbard	Table 2: fPEPS and DMRG energies persite for the Hubbard model at U = 8 . For 6 × 6 , truncated weights from m = 24000 for n h = 1 / 18 ( N e = 34 ) and n h = 1 / 9 ( N e = 32 ) are 6.01 × 10 - 6 and 3.26 × 10 - 5 , respectively. For 4 × 16 , truncated weights from m = 12000 is 1.01 × 10 - 5 . DMRG results with m = ∞ denote extrapolated energies from truncated weights, not using the results from the presented maximal bond dimensions.
2502.13454	1	-0.6799	0.0003	16		6x6,01x10,26x10,4x16	Hubbard	Table 2: fPEPS and DMRG energies persite for the Hubbard model at U = 8 . For 6 × 6 , truncated weights from m = 24000 for n h = 1 / 18 ( N e = 34 ) and n h = 1 / 9 ( N e = 32 ) are 6.01 × 10 - 6 and 3.26 × 10 - 5 , respectively. For 4 × 16 , truncated weights from m = 12000 is 1.01 × 10 - 5 . DMRG results with m = ∞ denote extrapolated energies from truncated weights, not using the results from the presented maximal bond dimensions.
2502.13454	1	-0.68231	0.00005	16		6x6,01x10,26x10,4x16	Hubbard	Table 2: fPEPS and DMRG energies persite for the Hubbard model at U = 8 . For 6 × 6 , truncated weights from m = 24000 for n h = 1 / 18 ( N e = 34 ) and n h = 1 / 9 ( N e = 32 ) are 6.01 × 10 - 6 and 3.26 × 10 - 5 , respectively. For 4 × 16 , truncated weights from m = 12000 is 1.01 × 10 - 5 . DMRG results with m = ∞ denote extrapolated energies from truncated weights, not using the results from the presented maximal bond dimensions.
2502.13454	1	-0.5539	0.0002	18	6 × 6 , n h = 1 / 9	6x6,01x10,26x10,4x16	Hubbard	Table 2: fPEPS and DMRG energies persite for the Hubbard model at U = 8 . For 6 × 6 , truncated weights from m = 24000 for n h = 1 / 18 ( N e = 34 ) and n h = 1 / 9 ( N e = 32 ) are 6.01 × 10 - 6 and 3.26 × 10 - 5 , respectively. For 4 × 16 , truncated weights from m = 12000 is 1.01 × 10 - 5 . DMRG results with m = ∞ denote extrapolated energies from truncated weights, not using the results from the presented maximal bond dimensions.
2502.13454	1	-0.5588	0.00008	18	4 × 16 , n h = 1 / 8	4x16,6x6,01x10,26x10	Hubbard	Table 2: fPEPS and DMRG energies persite for the Hubbard model at U = 8 . For 6 × 6 , truncated weights from m = 24000 for n h = 1 / 18 ( N e = 34 ) and n h = 1 / 9 ( N e = 32 ) are 6.01 × 10 - 6 and 3.26 × 10 - 5 , respectively. For 4 × 16 , truncated weights from m = 12000 is 1.01 × 10 - 5 . DMRG results with m = ∞ denote extrapolated energies from truncated weights, not using the results from the presented maximal bond dimensions.
2502.13454	1	-0.6475	0.0003	18		6x6,01x10,26x10,4x16	Hubbard	Table 2: fPEPS and DMRG energies persite for the Hubbard model at U = 8 . For 6 × 6 , truncated weights from m = 24000 for n h = 1 / 18 ( N e = 34 ) and n h = 1 / 9 ( N e = 32 ) are 6.01 × 10 - 6 and 3.26 × 10 - 5 , respectively. For 4 × 16 , truncated weights from m = 12000 is 1.01 × 10 - 5 . DMRG results with m = ∞ denote extrapolated energies from truncated weights, not using the results from the presented maximal bond dimensions.
2502.13454	1	-0.65383	0.00006	18		6x6,01x10,26x10,4x16	Hubbard	Table 2: fPEPS and DMRG energies persite for the Hubbard model at U = 8 . For 6 × 6 , truncated weights from m = 24000 for n h = 1 / 18 ( N e = 34 ) and n h = 1 / 9 ( N e = 32 ) are 6.01 × 10 - 6 and 3.26 × 10 - 5 , respectively. For 4 × 16 , truncated weights from m = 12000 is 1.01 × 10 - 5 . DMRG results with m = ∞ denote extrapolated energies from truncated weights, not using the results from the presented maximal bond dimensions.
2502.13454	1	-0.6803	0.0003	18		6x6,01x10,26x10,4x16	Hubbard	Table 2: fPEPS and DMRG energies persite for the Hubbard model at U = 8 . For 6 × 6 , truncated weights from m = 24000 for n h = 1 / 18 ( N e = 34 ) and n h = 1 / 9 ( N e = 32 ) are 6.01 × 10 - 6 and 3.26 × 10 - 5 , respectively. For 4 × 16 , truncated weights from m = 12000 is 1.01 × 10 - 5 . DMRG results with m = ∞ denote extrapolated energies from truncated weights, not using the results from the presented maximal bond dimensions.
2502.13454	1	-0.68272	0.00002	18		6x6,01x10,26x10,4x16	Hubbard	Table 2: fPEPS and DMRG energies persite for the Hubbard model at U = 8 . For 6 × 6 , truncated weights from m = 24000 for n h = 1 / 18 ( N e = 34 ) and n h = 1 / 9 ( N e = 32 ) are 6.01 × 10 - 6 and 3.26 × 10 - 5 , respectively. For 4 × 16 , truncated weights from m = 12000 is 1.01 × 10 - 5 . DMRG results with m = ∞ denote extrapolated energies from truncated weights, not using the results from the presented maximal bond dimensions.
2502.13454	1	-0.5542	0.0002	20	6 × 6 , n h = 1 / 9	6x6,01x10,26x10,4x16	Hubbard	Table 2: fPEPS and DMRG energies persite for the Hubbard model at U = 8 . For 6 × 6 , truncated weights from m = 24000 for n h = 1 / 18 ( N e = 34 ) and n h = 1 / 9 ( N e = 32 ) are 6.01 × 10 - 6 and 3.26 × 10 - 5 , respectively. For 4 × 16 , truncated weights from m = 12000 is 1.01 × 10 - 5 . DMRG results with m = ∞ denote extrapolated energies from truncated weights, not using the results from the presented maximal bond dimensions.
2502.13454	1	-0.55908	0.00007	20	4 × 16 , n h = 1 / 8	4x16,6x6,01x10,26x10	Hubbard	Table 2: fPEPS and DMRG energies persite for the Hubbard model at U = 8 . For 6 × 6 , truncated weights from m = 24000 for n h = 1 / 18 ( N e = 34 ) and n h = 1 / 9 ( N e = 32 ) are 6.01 × 10 - 6 and 3.26 × 10 - 5 , respectively. For 4 × 16 , truncated weights from m = 12000 is 1.01 × 10 - 5 . DMRG results with m = ∞ denote extrapolated energies from truncated weights, not using the results from the presented maximal bond dimensions.
2502.13454	1	-0.6477	0.0002	20		6x6,01x10,26x10,4x16	Hubbard	Table 2: fPEPS and DMRG energies persite for the Hubbard model at U = 8 . For 6 × 6 , truncated weights from m = 24000 for n h = 1 / 18 ( N e = 34 ) and n h = 1 / 9 ( N e = 32 ) are 6.01 × 10 - 6 and 3.26 × 10 - 5 , respectively. For 4 × 16 , truncated weights from m = 12000 is 1.01 × 10 - 5 . DMRG results with m = ∞ denote extrapolated energies from truncated weights, not using the results from the presented maximal bond dimensions.
2502.13454	1	-0.65475	0.00008	20		6x6,01x10,26x10,4x16	Hubbard	Table 2: fPEPS and DMRG energies persite for the Hubbard model at U = 8 . For 6 × 6 , truncated weights from m = 24000 for n h = 1 / 18 ( N e = 34 ) and n h = 1 / 9 ( N e = 32 ) are 6.01 × 10 - 6 and 3.26 × 10 - 5 , respectively. For 4 × 16 , truncated weights from m = 12000 is 1.01 × 10 - 5 . DMRG results with m = ∞ denote extrapolated energies from truncated weights, not using the results from the presented maximal bond dimensions.
2502.13454	1	-0.6809	0.0004	20		6x6,01x10,26x10,4x16	Hubbard	Table 2: fPEPS and DMRG energies persite for the Hubbard model at U = 8 . For 6 × 6 , truncated weights from m = 24000 for n h = 1 / 18 ( N e = 34 ) and n h = 1 / 9 ( N e = 32 ) are 6.01 × 10 - 6 and 3.26 × 10 - 5 , respectively. For 4 × 16 , truncated weights from m = 12000 is 1.01 × 10 - 5 . DMRG results with m = ∞ denote extrapolated energies from truncated weights, not using the results from the presented maximal bond dimensions.
2502.13454	1	-0.68304	0.00005	20		6x6,01x10,26x10,4x16	Hubbard	Table 2: fPEPS and DMRG energies persite for the Hubbard model at U = 8 . For 6 × 6 , truncated weights from m = 24000 for n h = 1 / 18 ( N e = 34 ) and n h = 1 / 9 ( N e = 32 ) are 6.01 × 10 - 6 and 3.26 × 10 - 5 , respectively. For 4 × 16 , truncated weights from m = 12000 is 1.01 × 10 - 5 . DMRG results with m = ∞ denote extrapolated energies from truncated weights, not using the results from the presented maximal bond dimensions.
2502.17144	2	-0.67887177	7e-8	6	RNN			Table 3: Variational energies obtained from our RNN wavefunctions after performing zero-variance extrapolation for the SLAHM with periodic boundary conditions. Improved statistical estimates of these energies and their corresponding errors were obtained using the wild bootstrap method [ 87 ] and 10 3 bootstraps. We acknowledge that many of these zero-variance energies are below the reference values, but note that this is an artifact of the zero-variance extrapolation and not a violation of the variational principle. None of the variational energies obtained from our simulations were less than the reference values.
2502.17144	2	-0.678872134	4.5e-8	6	QMC [ 76 ]			Table 3: Variational energies obtained from our RNN wavefunctions after performing zero-variance extrapolation for the SLAHM with periodic boundary conditions. Improved statistical estimates of these energies and their corresponding errors were obtained using the wild bootstrap method [ 87 ] and 10 3 bootstraps. We acknowledge that many of these zero-variance energies are below the reference values, but note that this is an artifact of the zero-variance extrapolation and not a violation of the variational principle. None of the variational energies obtained from our simulations were less than the reference values.
2502.17144	2	-0.6735047	2e-7	8	RNN			Table 3: Variational energies obtained from our RNN wavefunctions after performing zero-variance extrapolation for the SLAHM with periodic boundary conditions. Improved statistical estimates of these energies and their corresponding errors were obtained using the wild bootstrap method [ 87 ] and 10 3 bootstraps. We acknowledge that many of these zero-variance energies are below the reference values, but note that this is an artifact of the zero-variance extrapolation and not a violation of the variational principle. None of the variational energies obtained from our simulations were less than the reference values.
2502.17144	2	-0.67349002	4e-8	8	QMC [ 76 ]			Table 3: Variational energies obtained from our RNN wavefunctions after performing zero-variance extrapolation for the SLAHM with periodic boundary conditions. Improved statistical estimates of these energies and their corresponding errors were obtained using the wild bootstrap method [ 87 ] and 10 3 bootstraps. We acknowledge that many of these zero-variance energies are below the reference values, but note that this is an artifact of the zero-variance extrapolation and not a violation of the variational principle. None of the variational energies obtained from our simulations were less than the reference values.
2502.17144	2	-0.671595	5e-7	10	RNN			Table 3: Variational energies obtained from our RNN wavefunctions after performing zero-variance extrapolation for the SLAHM with periodic boundary conditions. Improved statistical estimates of these energies and their corresponding errors were obtained using the wild bootstrap method [ 87 ] and 10 3 bootstraps. We acknowledge that many of these zero-variance energies are below the reference values, but note that this is an artifact of the zero-variance extrapolation and not a violation of the variational principle. None of the variational energies obtained from our simulations were less than the reference values.
2502.17144	2	-0.67155264	3e-8	10	QMC [ 76 ]			Table 3: Variational energies obtained from our RNN wavefunctions after performing zero-variance extrapolation for the SLAHM with periodic boundary conditions. Improved statistical estimates of these energies and their corresponding errors were obtained using the wild bootstrap method [ 87 ] and 10 3 bootstraps. We acknowledge that many of these zero-variance energies are below the reference values, but note that this is an artifact of the zero-variance extrapolation and not a violation of the variational principle. None of the variational energies obtained from our simulations were less than the reference values.
2502.17144	2	-0.6707008	1e-7	12	RNN			Table 3: Variational energies obtained from our RNN wavefunctions after performing zero-variance extrapolation for the SLAHM with periodic boundary conditions. Improved statistical estimates of these energies and their corresponding errors were obtained using the wild bootstrap method [ 87 ] and 10 3 bootstraps. We acknowledge that many of these zero-variance energies are below the reference values, but note that this is an artifact of the zero-variance extrapolation and not a violation of the variational principle. None of the variational energies obtained from our simulations were less than the reference values.
2502.17144	2	-0.67068193	3e-8	12	QMC [ 76 ]			Table 3: Variational energies obtained from our RNN wavefunctions after performing zero-variance extrapolation for the SLAHM with periodic boundary conditions. Improved statistical estimates of these energies and their corresponding errors were obtained using the wild bootstrap method [ 87 ] and 10 3 bootstraps. We acknowledge that many of these zero-variance energies are below the reference values, but note that this is an artifact of the zero-variance extrapolation and not a violation of the variational principle. None of the variational energies obtained from our simulations were less than the reference values.
2502.17144	2	-0.6703092	5e-7	14	RNN			Table 3: Variational energies obtained from our RNN wavefunctions after performing zero-variance extrapolation for the SLAHM with periodic boundary conditions. Improved statistical estimates of these energies and their corresponding errors were obtained using the wild bootstrap method [ 87 ] and 10 3 bootstraps. We acknowledge that many of these zero-variance energies are below the reference values, but note that this is an artifact of the zero-variance extrapolation and not a violation of the variational principle. None of the variational energies obtained from our simulations were less than the reference values.
2502.17144	2	-0.670232291	3.5e-8	14	QMC [ 76 ]			Table 3: Variational energies obtained from our RNN wavefunctions after performing zero-variance extrapolation for the SLAHM with periodic boundary conditions. Improved statistical estimates of these energies and their corresponding errors were obtained using the wild bootstrap method [ 87 ] and 10 3 bootstraps. We acknowledge that many of these zero-variance energies are below the reference values, but note that this is an artifact of the zero-variance extrapolation and not a violation of the variational principle. None of the variational energies obtained from our simulations were less than the reference values.
2502.17144	2	-0.6699687	9e-7	16	RNN			Table 3: Variational energies obtained from our RNN wavefunctions after performing zero-variance extrapolation for the SLAHM with periodic boundary conditions. Improved statistical estimates of these energies and their corresponding errors were obtained using the wild bootstrap method [ 87 ] and 10 3 bootstraps. We acknowledge that many of these zero-variance energies are below the reference values, but note that this is an artifact of the zero-variance extrapolation and not a violation of the variational principle. None of the variational energies obtained from our simulations were less than the reference values.
2502.17144	2	-0.66997664	3e-8	16	QMC [ 76 ]			Table 3: Variational energies obtained from our RNN wavefunctions after performing zero-variance extrapolation for the SLAHM with periodic boundary conditions. Improved statistical estimates of these energies and their corresponding errors were obtained using the wild bootstrap method [ 87 ] and 10 3 bootstraps. We acknowledge that many of these zero-variance energies are below the reference values, but note that this is an artifact of the zero-variance extrapolation and not a violation of the variational principle. None of the variational energies obtained from our simulations were less than the reference values.
2502.17144	2	-0.6697819	5e-7	18	RNN			Table 3: Variational energies obtained from our RNN wavefunctions after performing zero-variance extrapolation for the SLAHM with periodic boundary conditions. Improved statistical estimates of these energies and their corresponding errors were obtained using the wild bootstrap method [ 87 ] and 10 3 bootstraps. We acknowledge that many of these zero-variance energies are below the reference values, but note that this is an artifact of the zero-variance extrapolation and not a violation of the variational principle. None of the variational energies obtained from our simulations were less than the reference values.
2502.17144	2	-0.66982039	4e-8	18	QMC [ 76 ]			Table 3: Variational energies obtained from our RNN wavefunctions after performing zero-variance extrapolation for the SLAHM with periodic boundary conditions. Improved statistical estimates of these energies and their corresponding errors were obtained using the wild bootstrap method [ 87 ] and 10 3 bootstraps. We acknowledge that many of these zero-variance energies are below the reference values, but note that this is an artifact of the zero-variance extrapolation and not a violation of the variational principle. None of the variational energies obtained from our simulations were less than the reference values.
2502.17144	2	-0.669742	6e-7	20	RNN			Table 3: Variational energies obtained from our RNN wavefunctions after performing zero-variance extrapolation for the SLAHM with periodic boundary conditions. Improved statistical estimates of these energies and their corresponding errors were obtained using the wild bootstrap method [ 87 ] and 10 3 bootstraps. We acknowledge that many of these zero-variance energies are below the reference values, but note that this is an artifact of the zero-variance extrapolation and not a violation of the variational principle. None of the variational energies obtained from our simulations were less than the reference values.
2502.17144	2	-0.66971969	4e-8	20	QMC [ 76 ]			Table 3: Variational energies obtained from our RNN wavefunctions after performing zero-variance extrapolation for the SLAHM with periodic boundary conditions. Improved statistical estimates of these energies and their corresponding errors were obtained using the wild bootstrap method [ 87 ] and 10 3 bootstraps. We acknowledge that many of these zero-variance energies are below the reference values, but note that this is an artifact of the zero-variance extrapolation and not a violation of the variational principle. None of the variational energies obtained from our simulations were less than the reference values.
2502.17144	2	-0.6696127	5e-7	24	RNN			Table 3: Variational energies obtained from our RNN wavefunctions after performing zero-variance extrapolation for the SLAHM with periodic boundary conditions. Improved statistical estimates of these energies and their corresponding errors were obtained using the wild bootstrap method [ 87 ] and 10 3 bootstraps. We acknowledge that many of these zero-variance energies are below the reference values, but note that this is an artifact of the zero-variance extrapolation and not a violation of the variational principle. None of the variational energies obtained from our simulations were less than the reference values.
2502.17144	2	-0.66960443	4e-8	24	QMC [ 76 ]			Table 3: Variational energies obtained from our RNN wavefunctions after performing zero-variance extrapolation for the SLAHM with periodic boundary conditions. Improved statistical estimates of these energies and their corresponding errors were obtained using the wild bootstrap method [ 87 ] and 10 3 bootstraps. We acknowledge that many of these zero-variance energies are below the reference values, but note that this is an artifact of the zero-variance extrapolation and not a violation of the variational principle. None of the variational energies obtained from our simulations were less than the reference values.
2502.17144	2	-0.669558	4e-7	28	RNN			Table 3: Variational energies obtained from our RNN wavefunctions after performing zero-variance extrapolation for the SLAHM with periodic boundary conditions. Improved statistical estimates of these energies and their corresponding errors were obtained using the wild bootstrap method [ 87 ] and 10 3 bootstraps. We acknowledge that many of these zero-variance energies are below the reference values, but note that this is an artifact of the zero-variance extrapolation and not a violation of the variational principle. None of the variational energies obtained from our simulations were less than the reference values.
2502.17144	2	-0.66954498	4e-8	28	QMC [ 76 ]			Table 3: Variational energies obtained from our RNN wavefunctions after performing zero-variance extrapolation for the SLAHM with periodic boundary conditions. Improved statistical estimates of these energies and their corresponding errors were obtained using the wild bootstrap method [ 87 ] and 10 3 bootstraps. We acknowledge that many of these zero-variance energies are below the reference values, but note that this is an artifact of the zero-variance extrapolation and not a violation of the variational principle. None of the variational energies obtained from our simulations were less than the reference values.
2502.17144	2	-0.6694877	4e-7	32	RNN			Table 3: Variational energies obtained from our RNN wavefunctions after performing zero-variance extrapolation for the SLAHM with periodic boundary conditions. Improved statistical estimates of these energies and their corresponding errors were obtained using the wild bootstrap method [ 87 ] and 10 3 bootstraps. We acknowledge that many of these zero-variance energies are below the reference values, but note that this is an artifact of the zero-variance extrapolation and not a violation of the variational principle. None of the variational energies obtained from our simulations were less than the reference values.
2502.17144	2	-0.66951136	4e-8	32	QMC [ 76 ]			Table 3: Variational energies obtained from our RNN wavefunctions after performing zero-variance extrapolation for the SLAHM with periodic boundary conditions. Improved statistical estimates of these energies and their corresponding errors were obtained using the wild bootstrap method [ 87 ] and 10 3 bootstraps. We acknowledge that many of these zero-variance energies are below the reference values, but note that this is an artifact of the zero-variance extrapolation and not a violation of the variational principle. None of the variational energies obtained from our simulations were less than the reference values.
2502.17144	3	0.1523	0.0009	6	RNN			Table 4: Sublattice magnetization estimates from our best simulations for the SLAHM with periodic boundary conditions. These estimates were obtained from the RNN wavefunction trained using a training scheduled defined by Eq. 6 with s = 4 and r = 0.25 , meaning it was the RNN that was trained the longest.
2502.17144	3	0.177843	0.000001	8	QMC [ 9 ]			Table 4: Sublattice magnetization estimates from our best simulations for the SLAHM with periodic boundary conditions. These estimates were obtained from the RNN wavefunction trained using a training scheduled defined by Eq. 6 with s = 4 and r = 0.25 , meaning it was the RNN that was trained the longest.
2502.17144	3	0.137	0.0007	8	RNN			Table 4: Sublattice magnetization estimates from our best simulations for the SLAHM with periodic boundary conditions. These estimates were obtained from the RNN wavefunction trained using a training scheduled defined by Eq. 6 with s = 4 and r = 0.25 , meaning it was the RNN that was trained the longest.
2502.17144	3	0.137595	0.000002	8	QMC [ 9 ]			Table 4: Sublattice magnetization estimates from our best simulations for the SLAHM with periodic boundary conditions. These estimates were obtained from the RNN wavefunction trained using a training scheduled defined by Eq. 6 with s = 4 and r = 0.25 , meaning it was the RNN that was trained the longest.
2502.17144	3	0.159372	0.000002	10	QMC [ 9 ]			Table 4: Sublattice magnetization estimates from our best simulations for the SLAHM with periodic boundary conditions. These estimates were obtained from the RNN wavefunction trained using a training scheduled defined by Eq. 6 with s = 4 and r = 0.25 , meaning it was the RNN that was trained the longest.
2502.17144	3	0.1283	0.0006	10	RNN			Table 4: Sublattice magnetization estimates from our best simulations for the SLAHM with periodic boundary conditions. These estimates were obtained from the RNN wavefunction trained using a training scheduled defined by Eq. 6 with s = 4 and r = 0.25 , meaning it was the RNN that was trained the longest.
2502.17144	3	0.128552	0.000002	10	QMC [ 9 ]			Table 4: Sublattice magnetization estimates from our best simulations for the SLAHM with periodic boundary conditions. These estimates were obtained from the RNN wavefunction trained using a training scheduled defined by Eq. 6 with s = 4 and r = 0.25 , meaning it was the RNN that was trained the longest.
2502.17144	3	0.147448	0.000002	12	QMC [ 9 ]			Table 4: Sublattice magnetization estimates from our best simulations for the SLAHM with periodic boundary conditions. These estimates were obtained from the RNN wavefunction trained using a training scheduled defined by Eq. 6 with s = 4 and r = 0.25 , meaning it was the RNN that was trained the longest.
2502.17144	3	0.123	0.0004	12	RNN			Table 4: Sublattice magnetization estimates from our best simulations for the SLAHM with periodic boundary conditions. These estimates were obtained from the RNN wavefunction trained using a training scheduled defined by Eq. 6 with s = 4 and r = 0.25 , meaning it was the RNN that was trained the longest.
2502.17144	3	0.122586	0.000002	12	QMC [ 9 ]			Table 4: Sublattice magnetization estimates from our best simulations for the SLAHM with periodic boundary conditions. These estimates were obtained from the RNN wavefunction trained using a training scheduled defined by Eq. 6 with s = 4 and r = 0.25 , meaning it was the RNN that was trained the longest.
2502.17144	3	0.139153	0.000002	14	QMC [ 9 ]			Table 4: Sublattice magnetization estimates from our best simulations for the SLAHM with periodic boundary conditions. These estimates were obtained from the RNN wavefunction trained using a training scheduled defined by Eq. 6 with s = 4 and r = 0.25 , meaning it was the RNN that was trained the longest.
2502.17144	3	0.1193	0.0004	14	RNN			Table 4: Sublattice magnetization estimates from our best simulations for the SLAHM with periodic boundary conditions. These estimates were obtained from the RNN wavefunction trained using a training scheduled defined by Eq. 6 with s = 4 and r = 0.25 , meaning it was the RNN that was trained the longest.
2502.17144	3	0.11838	0.000002	14	QMC [ 9 ]			Table 4: Sublattice magnetization estimates from our best simulations for the SLAHM with periodic boundary conditions. These estimates were obtained from the RNN wavefunction trained using a training scheduled defined by Eq. 6 with s = 4 and r = 0.25 , meaning it was the RNN that was trained the longest.
2502.17144	3	0.133067	0.000002	16	QMC [ 9 ]			Table 4: Sublattice magnetization estimates from our best simulations for the SLAHM with periodic boundary conditions. These estimates were obtained from the RNN wavefunction trained using a training scheduled defined by Eq. 6 with s = 4 and r = 0.25 , meaning it was the RNN that was trained the longest.
2502.17144	3	0.1154	0.0004	16	RNN			Table 4: Sublattice magnetization estimates from our best simulations for the SLAHM with periodic boundary conditions. These estimates were obtained from the RNN wavefunction trained using a training scheduled defined by Eq. 6 with s = 4 and r = 0.25 , meaning it was the RNN that was trained the longest.
2502.17144	3	0.115263	0.000002	16	QMC [ 9 ]			Table 4: Sublattice magnetization estimates from our best simulations for the SLAHM with periodic boundary conditions. These estimates were obtained from the RNN wavefunction trained using a training scheduled defined by Eq. 6 with s = 4 and r = 0.25 , meaning it was the RNN that was trained the longest.
2502.17144	3	0.128412	0.000002	18	QMC [ 9 ]			Table 4: Sublattice magnetization estimates from our best simulations for the SLAHM with periodic boundary conditions. These estimates were obtained from the RNN wavefunction trained using a training scheduled defined by Eq. 6 with s = 4 and r = 0.25 , meaning it was the RNN that was trained the longest.
2502.17144	3	0.1139	0.0003	18	RNN			Table 4: Sublattice magnetization estimates from our best simulations for the SLAHM with periodic boundary conditions. These estimates were obtained from the RNN wavefunction trained using a training scheduled defined by Eq. 6 with s = 4 and r = 0.25 , meaning it was the RNN that was trained the longest.
2502.17144	3	0.112857	0.000002	18	QMC [ 9 ]			Table 4: Sublattice magnetization estimates from our best simulations for the SLAHM with periodic boundary conditions. These estimates were obtained from the RNN wavefunction trained using a training scheduled defined by Eq. 6 with s = 4 and r = 0.25 , meaning it was the RNN that was trained the longest.
2502.17144	3	0.124748	0.000002	20	QMC [ 9 ]			Table 4: Sublattice magnetization estimates from our best simulations for the SLAHM with periodic boundary conditions. These estimates were obtained from the RNN wavefunction trained using a training scheduled defined by Eq. 6 with s = 4 and r = 0.25 , meaning it was the RNN that was trained the longest.
2502.17144	3	0.1117	0.0002	20	RNN			Table 4: Sublattice magnetization estimates from our best simulations for the SLAHM with periodic boundary conditions. These estimates were obtained from the RNN wavefunction trained using a training scheduled defined by Eq. 6 with s = 4 and r = 0.25 , meaning it was the RNN that was trained the longest.
2502.17144	3	0.110954	0.000002	20	QMC [ 9 ]			Table 4: Sublattice magnetization estimates from our best simulations for the SLAHM with periodic boundary conditions. These estimates were obtained from the RNN wavefunction trained using a training scheduled defined by Eq. 6 with s = 4 and r = 0.25 , meaning it was the RNN that was trained the longest.
2502.17144	3	0.11935	0.000002	24	QMC [ 9 ]			Table 4: Sublattice magnetization estimates from our best simulations for the SLAHM with periodic boundary conditions. These estimates were obtained from the RNN wavefunction trained using a training scheduled defined by Eq. 6 with s = 4 and r = 0.25 , meaning it was the RNN that was trained the longest.
2502.17144	3	0.1089	0.0002	24	RNN			Table 4: Sublattice magnetization estimates from our best simulations for the SLAHM with periodic boundary conditions. These estimates were obtained from the RNN wavefunction trained using a training scheduled defined by Eq. 6 with s = 4 and r = 0.25 , meaning it was the RNN that was trained the longest.
2502.17144	3	0.108125	0.000002	24	QMC [ 9 ]			Table 4: Sublattice magnetization estimates from our best simulations for the SLAHM with periodic boundary conditions. These estimates were obtained from the RNN wavefunction trained using a training scheduled defined by Eq. 6 with s = 4 and r = 0.25 , meaning it was the RNN that was trained the longest.
2502.17144	3	0.115573	0.000002	28	QMC [ 9 ]			Table 4: Sublattice magnetization estimates from our best simulations for the SLAHM with periodic boundary conditions. These estimates were obtained from the RNN wavefunction trained using a training scheduled defined by Eq. 6 with s = 4 and r = 0.25 , meaning it was the RNN that was trained the longest.
2502.17144	3	0.1085	0.0002	28	RNN			Table 4: Sublattice magnetization estimates from our best simulations for the SLAHM with periodic boundary conditions. These estimates were obtained from the RNN wavefunction trained using a training scheduled defined by Eq. 6 with s = 4 and r = 0.25 , meaning it was the RNN that was trained the longest.
2502.17144	3	0.106126	0.000002	28	QMC [ 9 ]			Table 4: Sublattice magnetization estimates from our best simulations for the SLAHM with periodic boundary conditions. These estimates were obtained from the RNN wavefunction trained using a training scheduled defined by Eq. 6 with s = 4 and r = 0.25 , meaning it was the RNN that was trained the longest.
2502.17144	3	0.112782	0.000002	32	QMC [ 9 ]			Table 4: Sublattice magnetization estimates from our best simulations for the SLAHM with periodic boundary conditions. These estimates were obtained from the RNN wavefunction trained using a training scheduled defined by Eq. 6 with s = 4 and r = 0.25 , meaning it was the RNN that was trained the longest.
2502.17144	3	0.106	0.0002	32	RNN			Table 4: Sublattice magnetization estimates from our best simulations for the SLAHM with periodic boundary conditions. These estimates were obtained from the RNN wavefunction trained using a training scheduled defined by Eq. 6 with s = 4 and r = 0.25 , meaning it was the RNN that was trained the longest.
2502.17144	3	0.104636	0.000002	32	QMC [ 9 ]			Table 4: Sublattice magnetization estimates from our best simulations for the SLAHM with periodic boundary conditions. These estimates were obtained from the RNN wavefunction trained using a training scheduled defined by Eq. 6 with s = 4 and r = 0.25 , meaning it was the RNN that was trained the longest.
2502.17144	4	-0.67882	0.00001	6 × 6	E / N	6x6,L=6,L=10		Table 5: Neural quantum state results for the SLAHM on lattices with L = 6 and L = 10 . For simplicity, only the first NQS results and NQS results which improved upon existing variational energies were included in this table. The results we present in this work are in bold. The zero-variance energies for the SLAHM with open boundary conditions are obtained by extrapolating the variational energies from simulations with s = 2.0 , 4.0 . For the SLAHM with periodic boundary conditions, we perform the extrapolation using results from simulations with s = 1.0 , 2.0 , 4.0 .
2502.17144	4	-0.678868	0.000002	RBM+Lanczos [ 40 ]	E / N	L=6,L=10		Table 5: Neural quantum state results for the SLAHM on lattices with L = 6 and L = 10 . For simplicity, only the first NQS results and NQS results which improved upon existing variational energies were included in this table. The results we present in this work are in bold. The zero-variance energies for the SLAHM with open boundary conditions are obtained by extrapolating the variational energies from simulations with s = 2.0 , 4.0 . For the SLAHM with periodic boundary conditions, we perform the extrapolation using results from simulations with s = 1.0 , 2.0 , 4.0 .
2502.17144	4	-0.67887	0.00002	This work (best RNN)	E / N	L=6,L=10		Table 5: Neural quantum state results for the SLAHM on lattices with L = 6 and L = 10 . For simplicity, only the first NQS results and NQS results which improved upon existing variational energies were included in this table. The results we present in this work are in bold. The zero-variance energies for the SLAHM with open boundary conditions are obtained by extrapolating the variational energies from simulations with s = 2.0 , 4.0 . For the SLAHM with periodic boundary conditions, we perform the extrapolation using results from simulations with s = 1.0 , 2.0 , 4.0 .
2502.17144	4	-0.67887177	7e-8	This work (zero-variance)	E / N	L=6,L=10		Table 5: Neural quantum state results for the SLAHM on lattices with L = 6 and L = 10 . For simplicity, only the first NQS results and NQS results which improved upon existing variational energies were included in this table. The results we present in this work are in bold. The zero-variance energies for the SLAHM with open boundary conditions are obtained by extrapolating the variational energies from simulations with s = 2.0 , 4.0 . For the SLAHM with periodic boundary conditions, we perform the extrapolation using results from simulations with s = 1.0 , 2.0 , 4.0 .
2502.17144	4	-0.603417		open	E / N	L=6,L=10		Table 5: Neural quantum state results for the SLAHM on lattices with L = 6 and L = 10 . For simplicity, only the first NQS results and NQS results which improved upon existing variational energies were included in this table. The results we present in this work are in bold. The zero-variance energies for the SLAHM with open boundary conditions are obtained by extrapolating the variational energies from simulations with s = 2.0 , 4.0 . For the SLAHM with periodic boundary conditions, we perform the extrapolation using results from simulations with s = 1.0 , 2.0 , 4.0 .
2502.17144	4	-0.60351496	1e-8	6 × 6	E / N	6x6,L=6,L=10		Table 5: Neural quantum state results for the SLAHM on lattices with L = 6 and L = 10 . For simplicity, only the first NQS results and NQS results which improved upon existing variational energies were included in this table. The results we present in this work are in bold. The zero-variance energies for the SLAHM with open boundary conditions are obtained by extrapolating the variational energies from simulations with s = 2.0 , 4.0 . For the SLAHM with periodic boundary conditions, we perform the extrapolation using results from simulations with s = 1.0 , 2.0 , 4.0 .
2502.17144	4	-0.603516	0.000001	RNN [ 38 ]	E / N	L=6,L=10		Table 5: Neural quantum state results for the SLAHM on lattices with L = 6 and L = 10 . For simplicity, only the first NQS results and NQS results which improved upon existing variational energies were included in this table. The results we present in this work are in bold. The zero-variance energies for the SLAHM with open boundary conditions are obtained by extrapolating the variational energies from simulations with s = 2.0 , 4.0 . For the SLAHM with periodic boundary conditions, we perform the extrapolation using results from simulations with s = 1.0 , 2.0 , 4.0 .
2502.17144	4	-0.603517	0.000006	This work (best RNN)	E / N	L=6,L=10		Table 5: Neural quantum state results for the SLAHM on lattices with L = 6 and L = 10 . For simplicity, only the first NQS results and NQS results which improved upon existing variational energies were included in this table. The results we present in this work are in bold. The zero-variance energies for the SLAHM with open boundary conditions are obtained by extrapolating the variational energies from simulations with s = 2.0 , 4.0 . For the SLAHM with periodic boundary conditions, we perform the extrapolation using results from simulations with s = 1.0 , 2.0 , 4.0 .
2502.17144	4	-0.67135		periodic	E / N	L=6,L=10		Table 5: Neural quantum state results for the SLAHM on lattices with L = 6 and L = 10 . For simplicity, only the first NQS results and NQS results which improved upon existing variational energies were included in this table. The results we present in this work are in bold. The zero-variance energies for the SLAHM with open boundary conditions are obtained by extrapolating the variational energies from simulations with s = 2.0 , 4.0 . For the SLAHM with periodic boundary conditions, we perform the extrapolation using results from simulations with s = 1.0 , 2.0 , 4.0 .
2502.17144	4	-0.671519	0.000004	10 × 10	E / N	10x10,L=6,L=10		Table 5: Neural quantum state results for the SLAHM on lattices with L = 6 and L = 10 . For simplicity, only the first NQS results and NQS results which improved upon existing variational energies were included in this table. The results we present in this work are in bold. The zero-variance energies for the SLAHM with open boundary conditions are obtained by extrapolating the variational energies from simulations with s = 2.0 , 4.0 . For the SLAHM with periodic boundary conditions, we perform the extrapolation using results from simulations with s = 1.0 , 2.0 , 4.0 .
2502.17144	4	-0.67151	0.00002	This work (best RNN)	E / N	L=6,L=10		Table 5: Neural quantum state results for the SLAHM on lattices with L = 6 and L = 10 . For simplicity, only the first NQS results and NQS results which improved upon existing variational energies were included in this table. The results we present in this work are in bold. The zero-variance energies for the SLAHM with open boundary conditions are obtained by extrapolating the variational energies from simulations with s = 2.0 , 4.0 . For the SLAHM with periodic boundary conditions, we perform the extrapolation using results from simulations with s = 1.0 , 2.0 , 4.0 .
2502.17144	4	-0.6715526	3e-8	VMC - CNN+MinSR [ 12 ]	E / N	L=6,L=10		Table 5: Neural quantum state results for the SLAHM on lattices with L = 6 and L = 10 . For simplicity, only the first NQS results and NQS results which improved upon existing variational energies were included in this table. The results we present in this work are in bold. The zero-variance energies for the SLAHM with open boundary conditions are obtained by extrapolating the variational energies from simulations with s = 2.0 , 4.0 . For the SLAHM with periodic boundary conditions, we perform the extrapolation using results from simulations with s = 1.0 , 2.0 , 4.0 .
2502.17144	4	-0.671595	5e-7	This work (zero-variance)	E / N	L=6,L=10		Table 5: Neural quantum state results for the SLAHM on lattices with L = 6 and L = 10 . For simplicity, only the first NQS results and NQS results which improved upon existing variational energies were included in this table. The results we present in this work are in bold. The zero-variance energies for the SLAHM with open boundary conditions are obtained by extrapolating the variational energies from simulations with s = 2.0 , 4.0 . For the SLAHM with periodic boundary conditions, we perform the extrapolation using results from simulations with s = 1.0 , 2.0 , 4.0 .
2502.17144	4	-0.628627	0.000001	open	E / N	L=6,L=10		Table 5: Neural quantum state results for the SLAHM on lattices with L = 6 and L = 10 . For simplicity, only the first NQS results and NQS results which improved upon existing variational energies were included in this table. The results we present in this work are in bold. The zero-variance energies for the SLAHM with open boundary conditions are obtained by extrapolating the variational energies from simulations with s = 2.0 , 4.0 . For the SLAHM with periodic boundary conditions, we perform the extrapolation using results from simulations with s = 1.0 , 2.0 , 4.0 .
2502.17144	4	-0.628638	0.000004	10 × 10	E / N	10x10,L=6,L=10		Table 5: Neural quantum state results for the SLAHM on lattices with L = 6 and L = 10 . For simplicity, only the first NQS results and NQS results which improved upon existing variational energies were included in this table. The results we present in this work are in bold. The zero-variance energies for the SLAHM with open boundary conditions are obtained by extrapolating the variational energies from simulations with s = 2.0 , 4.0 . For the SLAHM with periodic boundary conditions, we perform the extrapolation using results from simulations with s = 1.0 , 2.0 , 4.0 .
2502.17144	4	-0.62864114	5e-8	This work (zero-variance)	E / N	L=6,L=10		Table 5: Neural quantum state results for the SLAHM on lattices with L = 6 and L = 10 . For simplicity, only the first NQS results and NQS results which improved upon existing variational energies were included in this table. The results we present in this work are in bold. The zero-variance energies for the SLAHM with open boundary conditions are obtained by extrapolating the variational energies from simulations with s = 2.0 , 4.0 . For the SLAHM with periodic boundary conditions, we perform the extrapolation using results from simulations with s = 1.0 , 2.0 , 4.0 .
2502.17144	4	-0.628656	0.000009	This work (best RNN)	E / N	L=6,L=10		Table 5: Neural quantum state results for the SLAHM on lattices with L = 6 and L = 10 . For simplicity, only the first NQS results and NQS results which improved upon existing variational energies were included in this table. The results we present in this work are in bold. The zero-variance energies for the SLAHM with open boundary conditions are obtained by extrapolating the variational energies from simulations with s = 2.0 , 4.0 . For the SLAHM with periodic boundary conditions, we perform the extrapolation using results from simulations with s = 1.0 , 2.0 , 4.0 .
2502.17144	5	-0.6705		Spin-Wave Theory [ 5 , 6 , 7 ]	E ∞ / N			Table 6: Values for the energy per spin and the sublattice magnetization of the SLAHM in the thermodynamic limit, adapted from [ 3 ] . This list is not comprehensive, but it summarizes the results discussed in the introduction and includes the state-of-the-art. Our results, which are shown in bold in this table, are those obtained from our simulations performed on lattices with periodic boundary conditions (e.g. the results presented in the main text).
2502.17144	5	-0.6696	0.0003	Series expansions [ 109 ]	E ∞ / N			Table 6: Values for the energy per spin and the sublattice magnetization of the SLAHM in the thermodynamic limit, adapted from [ 3 ] . This list is not comprehensive, but it summarizes the results discussed in the introduction and includes the state-of-the-art. Our results, which are shown in bold in this table, are those obtained from our simulations performed on lattices with periodic boundary conditions (e.g. the results presented in the main text).
2502.17144	5	-0.6692	0.0002	QMC - Green’s function [ 111 ]	E ∞ / N			Table 6: Values for the energy per spin and the sublattice magnetization of the SLAHM in the thermodynamic limit, adapted from [ 3 ] . This list is not comprehensive, but it summarizes the results discussed in the introduction and includes the state-of-the-art. Our results, which are shown in bold in this table, are those obtained from our simulations performed on lattices with periodic boundary conditions (e.g. the results presented in the main text).
2502.17144	5	-0.6692	0.0002	QMC - Green’s function [ 112 ]	E ∞ / N			Table 6: Values for the energy per spin and the sublattice magnetization of the SLAHM in the thermodynamic limit, adapted from [ 3 ] . This list is not comprehensive, but it summarizes the results discussed in the introduction and includes the state-of-the-art. Our results, which are shown in bold in this table, are those obtained from our simulations performed on lattices with periodic boundary conditions (e.g. the results presented in the main text).
2502.17144	5	-0.669437	0.000005	QMC - Stochastic Series Expansion [ 9 ]	E ∞ / N			Table 6: Values for the energy per spin and the sublattice magnetization of the SLAHM in the thermodynamic limit, adapted from [ 3 ] . This list is not comprehensive, but it summarizes the results discussed in the introduction and includes the state-of-the-art. Our results, which are shown in bold in this table, are those obtained from our simulations performed on lattices with periodic boundary conditions (e.g. the results presented in the main text).
2502.17144	5	0.307	0.0003	QMC - Stochastic Series Expansion [ 9 ]	M ∞			Table 6: Values for the energy per spin and the sublattice magnetization of the SLAHM in the thermodynamic limit, adapted from [ 3 ] . This list is not comprehensive, but it summarizes the results discussed in the introduction and includes the state-of-the-art. Our results, which are shown in bold in this table, are those obtained from our simulations performed on lattices with periodic boundary conditions (e.g. the results presented in the main text).
2502.17144	5	0.30743	0.00001	QMC - Stochastic Series Expansion [ 10 ]	M ∞			Table 6: Values for the energy per spin and the sublattice magnetization of the SLAHM in the thermodynamic limit, adapted from [ 3 ] . This list is not comprehensive, but it summarizes the results discussed in the introduction and includes the state-of-the-art. Our results, which are shown in bold in this table, are those obtained from our simulations performed on lattices with periodic boundary conditions (e.g. the results presented in the main text).
2502.17144	5	-0.6682	0.0004	VMC - RVB ansatz [ 15 ]	E ∞ / N			Table 6: Values for the energy per spin and the sublattice magnetization of the SLAHM in the thermodynamic limit, adapted from [ 3 ] . This list is not comprehensive, but it summarizes the results discussed in the introduction and includes the state-of-the-art. Our results, which are shown in bold in this table, are those obtained from our simulations performed on lattices with periodic boundary conditions (e.g. the results presented in the main text).
2502.17144	5	-0.6638		VMC - Jastrow ansatz [ 14 ]	E ∞ / N			Table 6: Values for the energy per spin and the sublattice magnetization of the SLAHM in the thermodynamic limit, adapted from [ 3 ] . This list is not comprehensive, but it summarizes the results discussed in the introduction and includes the state-of-the-art. Our results, which are shown in bold in this table, are those obtained from our simulations performed on lattices with periodic boundary conditions (e.g. the results presented in the main text).
2502.17144	5	-0.6637	0.0002	VMC - Marshall-Jastrow ansatz [ 16 ]	E ∞ / N			Table 6: Values for the energy per spin and the sublattice magnetization of the SLAHM in the thermodynamic limit, adapted from [ 3 ] . This list is not comprehensive, but it summarizes the results discussed in the introduction and includes the state-of-the-art. Our results, which are shown in bold in this table, are those obtained from our simulations performed on lattices with periodic boundary conditions (e.g. the results presented in the main text).
2502.17144	5	-0.6694886	5e-7	VMC - RNN (this work)	E ∞ / N			Table 6: Values for the energy per spin and the sublattice magnetization of the SLAHM in the thermodynamic limit, adapted from [ 3 ] . This list is not comprehensive, but it summarizes the results discussed in the introduction and includes the state-of-the-art. Our results, which are shown in bold in this table, are those obtained from our simulations performed on lattices with periodic boundary conditions (e.g. the results presented in the main text).
2502.17144	5	-0.6692		two-dimensional DMRG [ 113 ]	E ∞ / N			Table 6: Values for the energy per spin and the sublattice magnetization of the SLAHM in the thermodynamic limit, adapted from [ 3 ] . This list is not comprehensive, but it summarizes the results discussed in the introduction and includes the state-of-the-art. Our results, which are shown in bold in this table, are those obtained from our simulations performed on lattices with periodic boundary conditions (e.g. the results presented in the main text).
2502.17144	5	0.3067		DMRG (cylinders) [ 20 ]	M ∞			Table 6: Values for the energy per spin and the sublattice magnetization of the SLAHM in the thermodynamic limit, adapted from [ 3 ] . This list is not comprehensive, but it summarizes the results discussed in the introduction and includes the state-of-the-art. Our results, which are shown in bold in this table, are those obtained from our simulations performed on lattices with periodic boundary conditions (e.g. the results presented in the main text).
2502.17144	5	-0.669432		gradient optimized iPEPS [ 114 ]	E ∞ / N			Table 6: Values for the energy per spin and the sublattice magnetization of the SLAHM in the thermodynamic limit, adapted from [ 3 ] . This list is not comprehensive, but it summarizes the results discussed in the introduction and includes the state-of-the-art. Our results, which are shown in bold in this table, are those obtained from our simulations performed on lattices with periodic boundary conditions (e.g. the results presented in the main text).
2502.17144	5	0.3152		gradient optimized iPEPS [ 114 ]	M ∞			Table 6: Values for the energy per spin and the sublattice magnetization of the SLAHM in the thermodynamic limit, adapted from [ 3 ] . This list is not comprehensive, but it summarizes the results discussed in the introduction and includes the state-of-the-art. Our results, which are shown in bold in this table, are those obtained from our simulations performed on lattices with periodic boundary conditions (e.g. the results presented in the main text).
2502.17144	5	-0.66948	0.00042	gradient optimized PEPS [ 108 ]	E ∞ / N			Table 6: Values for the energy per spin and the sublattice magnetization of the SLAHM in the thermodynamic limit, adapted from [ 3 ] . This list is not comprehensive, but it summarizes the results discussed in the introduction and includes the state-of-the-art. Our results, which are shown in bold in this table, are those obtained from our simulations performed on lattices with periodic boundary conditions (e.g. the results presented in the main text).
2503.10462	0	0.0153		RBM	ϵ rel	6x6	J1J2+Heisenberg	Table 1: Performance comparison of various NQS architectures in the Heisenberg J 1 - J 2 model on the 6 × 6 square lattice. The tested networks include complex-valued RBM with translation symmetry, CNN (GELU), the transformer with factored attention [ 33 , 37 , 38 ] , and the introduced CTWF. The number of real parameters N p and the number of multiply-accumulate operations (MACs) are also shown to indicate the complexity of architecture, which we attempt to keep at the same level for different networks.
2503.10462	0	0.0228		RBM	σ 2 / N	6x6	J1J2+Heisenberg	Table 1: Performance comparison of various NQS architectures in the Heisenberg J 1 - J 2 model on the 6 × 6 square lattice. The tested networks include complex-valued RBM with translation symmetry, CNN (GELU), the transformer with factored attention [ 33 , 37 , 38 ] , and the introduced CTWF. The number of real parameters N p and the number of multiply-accumulate operations (MACs) are also shown to indicate the complexity of architecture, which we attempt to keep at the same level for different networks.
2503.10462	0	0.1376		RBM	I	6x6	J1J2+Heisenberg	Table 1: Performance comparison of various NQS architectures in the Heisenberg J 1 - J 2 model on the 6 × 6 square lattice. The tested networks include complex-valued RBM with translation symmetry, CNN (GELU), the transformer with factored attention [ 33 , 37 , 38 ] , and the introduced CTWF. The number of real parameters N p and the number of multiply-accumulate operations (MACs) are also shown to indicate the complexity of architecture, which we attempt to keep at the same level for different networks.
2503.10462	0	0.0024		CNN (GELU)	ϵ rel	6x6	J1J2+Heisenberg	Table 1: Performance comparison of various NQS architectures in the Heisenberg J 1 - J 2 model on the 6 × 6 square lattice. The tested networks include complex-valued RBM with translation symmetry, CNN (GELU), the transformer with factored attention [ 33 , 37 , 38 ] , and the introduced CTWF. The number of real parameters N p and the number of multiply-accumulate operations (MACs) are also shown to indicate the complexity of architecture, which we attempt to keep at the same level for different networks.
2503.10462	0	0.0047		CNN (GELU)	σ 2 / N	6x6	J1J2+Heisenberg	Table 1: Performance comparison of various NQS architectures in the Heisenberg J 1 - J 2 model on the 6 × 6 square lattice. The tested networks include complex-valued RBM with translation symmetry, CNN (GELU), the transformer with factored attention [ 33 , 37 , 38 ] , and the introduced CTWF. The number of real parameters N p and the number of multiply-accumulate operations (MACs) are also shown to indicate the complexity of architecture, which we attempt to keep at the same level for different networks.
2503.10462	0	0.0227		CNN (GELU)	I	6x6	J1J2+Heisenberg	Table 1: Performance comparison of various NQS architectures in the Heisenberg J 1 - J 2 model on the 6 × 6 square lattice. The tested networks include complex-valued RBM with translation symmetry, CNN (GELU), the transformer with factored attention [ 33 , 37 , 38 ] , and the introduced CTWF. The number of real parameters N p and the number of multiply-accumulate operations (MACs) are also shown to indicate the complexity of architecture, which we attempt to keep at the same level for different networks.
2503.10462	0	0.004		Transformer	ϵ rel	6x6	J1J2+Heisenberg	Table 1: Performance comparison of various NQS architectures in the Heisenberg J 1 - J 2 model on the 6 × 6 square lattice. The tested networks include complex-valued RBM with translation symmetry, CNN (GELU), the transformer with factored attention [ 33 , 37 , 38 ] , and the introduced CTWF. The number of real parameters N p and the number of multiply-accumulate operations (MACs) are also shown to indicate the complexity of architecture, which we attempt to keep at the same level for different networks.
2503.10462	0	0.0083		Transformer	σ 2 / N	6x6	J1J2+Heisenberg	Table 1: Performance comparison of various NQS architectures in the Heisenberg J 1 - J 2 model on the 6 × 6 square lattice. The tested networks include complex-valued RBM with translation symmetry, CNN (GELU), the transformer with factored attention [ 33 , 37 , 38 ] , and the introduced CTWF. The number of real parameters N p and the number of multiply-accumulate operations (MACs) are also shown to indicate the complexity of architecture, which we attempt to keep at the same level for different networks.
2503.10462	0	0.0283		Transformer	I	6x6	J1J2+Heisenberg	Table 1: Performance comparison of various NQS architectures in the Heisenberg J 1 - J 2 model on the 6 × 6 square lattice. The tested networks include complex-valued RBM with translation symmetry, CNN (GELU), the transformer with factored attention [ 33 , 37 , 38 ] , and the introduced CTWF. The number of real parameters N p and the number of multiply-accumulate operations (MACs) are also shown to indicate the complexity of architecture, which we attempt to keep at the same level for different networks.
2503.10462	0	0.0033		linear	ϵ rel	6x6	J1J2+Heisenberg	Table 1: Performance comparison of various NQS architectures in the Heisenberg J 1 - J 2 model on the 6 × 6 square lattice. The tested networks include complex-valued RBM with translation symmetry, CNN (GELU), the transformer with factored attention [ 33 , 37 , 38 ] , and the introduced CTWF. The number of real parameters N p and the number of multiply-accumulate operations (MACs) are also shown to indicate the complexity of architecture, which we attempt to keep at the same level for different networks.
2503.10462	0	0.0066		linear	σ 2 / N	6x6	J1J2+Heisenberg	Table 1: Performance comparison of various NQS architectures in the Heisenberg J 1 - J 2 model on the 6 × 6 square lattice. The tested networks include complex-valued RBM with translation symmetry, CNN (GELU), the transformer with factored attention [ 33 , 37 , 38 ] , and the introduced CTWF. The number of real parameters N p and the number of multiply-accumulate operations (MACs) are also shown to indicate the complexity of architecture, which we attempt to keep at the same level for different networks.
2503.10462	0	0.0259		linear	I	6x6	J1J2+Heisenberg	Table 1: Performance comparison of various NQS architectures in the Heisenberg J 1 - J 2 model on the 6 × 6 square lattice. The tested networks include complex-valued RBM with translation symmetry, CNN (GELU), the transformer with factored attention [ 33 , 37 , 38 ] , and the introduced CTWF. The number of real parameters N p and the number of multiply-accumulate operations (MACs) are also shown to indicate the complexity of architecture, which we attempt to keep at the same level for different networks.
2503.10462	0	0.0031		conv	ϵ rel	6x6	J1J2+Heisenberg	Table 1: Performance comparison of various NQS architectures in the Heisenberg J 1 - J 2 model on the 6 × 6 square lattice. The tested networks include complex-valued RBM with translation symmetry, CNN (GELU), the transformer with factored attention [ 33 , 37 , 38 ] , and the introduced CTWF. The number of real parameters N p and the number of multiply-accumulate operations (MACs) are also shown to indicate the complexity of architecture, which we attempt to keep at the same level for different networks.
2503.10462	0	0.0062		conv	σ 2 / N	6x6	J1J2+Heisenberg	Table 1: Performance comparison of various NQS architectures in the Heisenberg J 1 - J 2 model on the 6 × 6 square lattice. The tested networks include complex-valued RBM with translation symmetry, CNN (GELU), the transformer with factored attention [ 33 , 37 , 38 ] , and the introduced CTWF. The number of real parameters N p and the number of multiply-accumulate operations (MACs) are also shown to indicate the complexity of architecture, which we attempt to keep at the same level for different networks.
2503.10462	0	0.0236		conv	I	6x6	J1J2+Heisenberg	Table 1: Performance comparison of various NQS architectures in the Heisenberg J 1 - J 2 model on the 6 × 6 square lattice. The tested networks include complex-valued RBM with translation symmetry, CNN (GELU), the transformer with factored attention [ 33 , 37 , 38 ] , and the introduced CTWF. The number of real parameters N p and the number of multiply-accumulate operations (MACs) are also shown to indicate the complexity of architecture, which we attempt to keep at the same level for different networks.
2503.10462	0	0.0023		linear	ϵ rel	6x6	J1J2+Heisenberg	Table 1: Performance comparison of various NQS architectures in the Heisenberg J 1 - J 2 model on the 6 × 6 square lattice. The tested networks include complex-valued RBM with translation symmetry, CNN (GELU), the transformer with factored attention [ 33 , 37 , 38 ] , and the introduced CTWF. The number of real parameters N p and the number of multiply-accumulate operations (MACs) are also shown to indicate the complexity of architecture, which we attempt to keep at the same level for different networks.
2503.10462	0	0.0055		linear	σ 2 / N	6x6	J1J2+Heisenberg	Table 1: Performance comparison of various NQS architectures in the Heisenberg J 1 - J 2 model on the 6 × 6 square lattice. The tested networks include complex-valued RBM with translation symmetry, CNN (GELU), the transformer with factored attention [ 33 , 37 , 38 ] , and the introduced CTWF. The number of real parameters N p and the number of multiply-accumulate operations (MACs) are also shown to indicate the complexity of architecture, which we attempt to keep at the same level for different networks.
2503.10462	0	0.0137		linear	I	6x6	J1J2+Heisenberg	Table 1: Performance comparison of various NQS architectures in the Heisenberg J 1 - J 2 model on the 6 × 6 square lattice. The tested networks include complex-valued RBM with translation symmetry, CNN (GELU), the transformer with factored attention [ 33 , 37 , 38 ] , and the introduced CTWF. The number of real parameters N p and the number of multiply-accumulate operations (MACs) are also shown to indicate the complexity of architecture, which we attempt to keep at the same level for different networks.
2503.10462	0	0.0025		conv	ϵ rel	6x6	J1J2+Heisenberg	Table 1: Performance comparison of various NQS architectures in the Heisenberg J 1 - J 2 model on the 6 × 6 square lattice. The tested networks include complex-valued RBM with translation symmetry, CNN (GELU), the transformer with factored attention [ 33 , 37 , 38 ] , and the introduced CTWF. The number of real parameters N p and the number of multiply-accumulate operations (MACs) are also shown to indicate the complexity of architecture, which we attempt to keep at the same level for different networks.
2503.10462	0	0.0058		conv	σ 2 / N	6x6	J1J2+Heisenberg	Table 1: Performance comparison of various NQS architectures in the Heisenberg J 1 - J 2 model on the 6 × 6 square lattice. The tested networks include complex-valued RBM with translation symmetry, CNN (GELU), the transformer with factored attention [ 33 , 37 , 38 ] , and the introduced CTWF. The number of real parameters N p and the number of multiply-accumulate operations (MACs) are also shown to indicate the complexity of architecture, which we attempt to keep at the same level for different networks.
2503.10462	0	0.0186		conv	I	6x6	J1J2+Heisenberg	Table 1: Performance comparison of various NQS architectures in the Heisenberg J 1 - J 2 model on the 6 × 6 square lattice. The tested networks include complex-valued RBM with translation symmetry, CNN (GELU), the transformer with factored attention [ 33 , 37 , 38 ] , and the introduced CTWF. The number of real parameters N p and the number of multiply-accumulate operations (MACs) are also shown to indicate the complexity of architecture, which we attempt to keep at the same level for different networks.
2503.10462	0	0.0023		linear	ϵ rel	6x6	J1J2+Heisenberg	Table 1: Performance comparison of various NQS architectures in the Heisenberg J 1 - J 2 model on the 6 × 6 square lattice. The tested networks include complex-valued RBM with translation symmetry, CNN (GELU), the transformer with factored attention [ 33 , 37 , 38 ] , and the introduced CTWF. The number of real parameters N p and the number of multiply-accumulate operations (MACs) are also shown to indicate the complexity of architecture, which we attempt to keep at the same level for different networks.
2503.10462	0	0.0053		linear	σ 2 / N	6x6	J1J2+Heisenberg	Table 1: Performance comparison of various NQS architectures in the Heisenberg J 1 - J 2 model on the 6 × 6 square lattice. The tested networks include complex-valued RBM with translation symmetry, CNN (GELU), the transformer with factored attention [ 33 , 37 , 38 ] , and the introduced CTWF. The number of real parameters N p and the number of multiply-accumulate operations (MACs) are also shown to indicate the complexity of architecture, which we attempt to keep at the same level for different networks.
2503.10462	0	0.0144		linear	I	6x6	J1J2+Heisenberg	Table 1: Performance comparison of various NQS architectures in the Heisenberg J 1 - J 2 model on the 6 × 6 square lattice. The tested networks include complex-valued RBM with translation symmetry, CNN (GELU), the transformer with factored attention [ 33 , 37 , 38 ] , and the introduced CTWF. The number of real parameters N p and the number of multiply-accumulate operations (MACs) are also shown to indicate the complexity of architecture, which we attempt to keep at the same level for different networks.
2503.20122	1	0.0562		8 × 8		8x8		Table 2 : Eigenvalues of the fidelity matrix in the SL phase with J 1 / J 2 = 0.71 , J r / J 2 = 0.6 . The minimal/maximal eigenvalue increases/decreases with system size, indicating 4-fold degenerate ground states on a torus in the large-size limit.
2503.20122	1	0.2249		8 × 8		8x8		Table 2 : Eigenvalues of the fidelity matrix in the SL phase with J 1 / J 2 = 0.71 , J r / J 2 = 0.6 . The minimal/maximal eigenvalue increases/decreases with system size, indicating 4-fold degenerate ground states on a torus in the large-size limit.
2503.20122	1	1.2208		8 × 8		8x8		Table 2 : Eigenvalues of the fidelity matrix in the SL phase with J 1 / J 2 = 0.71 , J r / J 2 = 0.6 . The minimal/maximal eigenvalue increases/decreases with system size, indicating 4-fold degenerate ground states on a torus in the large-size limit.
2503.20122	1	2.498		8 × 8		8x8		Table 2 : Eigenvalues of the fidelity matrix in the SL phase with J 1 / J 2 = 0.71 , J r / J 2 = 0.6 . The minimal/maximal eigenvalue increases/decreases with system size, indicating 4-fold degenerate ground states on a torus in the large-size limit.
2503.20122	1	0.1577		12 × 12		12x12		Table 2 : Eigenvalues of the fidelity matrix in the SL phase with J 1 / J 2 = 0.71 , J r / J 2 = 0.6 . The minimal/maximal eigenvalue increases/decreases with system size, indicating 4-fold degenerate ground states on a torus in the large-size limit.
2503.20122	1	0.3837		12 × 12		12x12		Table 2 : Eigenvalues of the fidelity matrix in the SL phase with J 1 / J 2 = 0.71 , J r / J 2 = 0.6 . The minimal/maximal eigenvalue increases/decreases with system size, indicating 4-fold degenerate ground states on a torus in the large-size limit.
2503.20122	1	1.2881		12 × 12		12x12		Table 2 : Eigenvalues of the fidelity matrix in the SL phase with J 1 / J 2 = 0.71 , J r / J 2 = 0.6 . The minimal/maximal eigenvalue increases/decreases with system size, indicating 4-fold degenerate ground states on a torus in the large-size limit.
2503.20122	1	2.1705		12 × 12		12x12		Table 2 : Eigenvalues of the fidelity matrix in the SL phase with J 1 / J 2 = 0.71 , J r / J 2 = 0.6 . The minimal/maximal eigenvalue increases/decreases with system size, indicating 4-fold degenerate ground states on a torus in the large-size limit.
2503.20122	1	0.3174		16 × 16		16x16		Table 2 : Eigenvalues of the fidelity matrix in the SL phase with J 1 / J 2 = 0.71 , J r / J 2 = 0.6 . The minimal/maximal eigenvalue increases/decreases with system size, indicating 4-fold degenerate ground states on a torus in the large-size limit.
2503.20122	1	0.4897		16 × 16		16x16		Table 2 : Eigenvalues of the fidelity matrix in the SL phase with J 1 / J 2 = 0.71 , J r / J 2 = 0.6 . The minimal/maximal eigenvalue increases/decreases with system size, indicating 4-fold degenerate ground states on a torus in the large-size limit.
2503.20122	1	1.2413		16 × 16		16x16		Table 2 : Eigenvalues of the fidelity matrix in the SL phase with J 1 / J 2 = 0.71 , J r / J 2 = 0.6 . The minimal/maximal eigenvalue increases/decreases with system size, indicating 4-fold degenerate ground states on a torus in the large-size limit.
2503.20122	1	1.9516		16 × 16		16x16		Table 2 : Eigenvalues of the fidelity matrix in the SL phase with J 1 / J 2 = 0.71 , J r / J 2 = 0.6 . The minimal/maximal eigenvalue increases/decreases with system size, indicating 4-fold degenerate ground states on a torus in the large-size limit.
2503.20122	2	0.3234		8 × 8		8x8		Table 3 : Eigenvalues of the fidelity matrix for the EP phase with J 1 / J 2 = 0.7 , J r / J 2 = 0 . The data support 4-fold degenerate ground state on a torus.
2503.20122	2	0.341		8 × 8		8x8		Table 3 : Eigenvalues of the fidelity matrix for the EP phase with J 1 / J 2 = 0.7 , J r / J 2 = 0 . The data support 4-fold degenerate ground state on a torus.
2503.20122	2	1.2811		8 × 8		8x8		Table 3 : Eigenvalues of the fidelity matrix for the EP phase with J 1 / J 2 = 0.7 , J r / J 2 = 0 . The data support 4-fold degenerate ground state on a torus.
2503.20122	2	2.0546		8 × 8		8x8		Table 3 : Eigenvalues of the fidelity matrix for the EP phase with J 1 / J 2 = 0.7 , J r / J 2 = 0 . The data support 4-fold degenerate ground state on a torus.
2503.20122	2	0.932		12 × 12		12x12		Table 3 : Eigenvalues of the fidelity matrix for the EP phase with J 1 / J 2 = 0.7 , J r / J 2 = 0 . The data support 4-fold degenerate ground state on a torus.
2503.20122	2	0.9834		12 × 12		12x12		Table 3 : Eigenvalues of the fidelity matrix for the EP phase with J 1 / J 2 = 0.7 , J r / J 2 = 0 . The data support 4-fold degenerate ground state on a torus.
2503.20122	2	1.0189		12 × 12		12x12		Table 3 : Eigenvalues of the fidelity matrix for the EP phase with J 1 / J 2 = 0.7 , J r / J 2 = 0 . The data support 4-fold degenerate ground state on a torus.
2503.20122	2	1.0658		12 × 12		12x12		Table 3 : Eigenvalues of the fidelity matrix for the EP phase with J 1 / J 2 = 0.7 , J r / J 2 = 0 . The data support 4-fold degenerate ground state on a torus.
2503.20122	2	0.9447		16 × 16		16x16		Table 3 : Eigenvalues of the fidelity matrix for the EP phase with J 1 / J 2 = 0.7 , J r / J 2 = 0 . The data support 4-fold degenerate ground state on a torus.
2503.20122	2	0.9772		16 × 16		16x16		Table 3 : Eigenvalues of the fidelity matrix for the EP phase with J 1 / J 2 = 0.7 , J r / J 2 = 0 . The data support 4-fold degenerate ground state on a torus.
2503.20122	2	1.0079		16 × 16		16x16		Table 3 : Eigenvalues of the fidelity matrix for the EP phase with J 1 / J 2 = 0.7 , J r / J 2 = 0 . The data support 4-fold degenerate ground state on a torus.
2503.20122	2	1.0703		16 × 16		16x16		Table 3 : Eigenvalues of the fidelity matrix for the EP phase with J 1 / J 2 = 0.7 , J r / J 2 = 0 . The data support 4-fold degenerate ground state on a torus.
2503.20122	3	0.1037		8 × 8		8x8		Table 4 : The eigenvalues of the fidelity matrix for the FP phase with J r / J 2 = 0.9 , J 1 / J 2 = 0.62 . The max eigenvalue of the fidelity matrix increase with size, indicating the tendency of single ground state on a torus and Z 2 confinement.
2503.20122	3	0.2522		8 × 8		8x8		Table 4 : The eigenvalues of the fidelity matrix for the FP phase with J r / J 2 = 0.9 , J 1 / J 2 = 0.62 . The max eigenvalue of the fidelity matrix increase with size, indicating the tendency of single ground state on a torus and Z 2 confinement.
2503.20122	3	1.2822		8 × 8		8x8		Table 4 : The eigenvalues of the fidelity matrix for the FP phase with J r / J 2 = 0.9 , J 1 / J 2 = 0.62 . The max eigenvalue of the fidelity matrix increase with size, indicating the tendency of single ground state on a torus and Z 2 confinement.
2503.20122	3	2.3618		8 × 8		8x8		Table 4 : The eigenvalues of the fidelity matrix for the FP phase with J r / J 2 = 0.9 , J 1 / J 2 = 0.62 . The max eigenvalue of the fidelity matrix increase with size, indicating the tendency of single ground state on a torus and Z 2 confinement.
2503.20122	3	0.0697		12 × 12		12x12		Table 4 : The eigenvalues of the fidelity matrix for the FP phase with J r / J 2 = 0.9 , J 1 / J 2 = 0.62 . The max eigenvalue of the fidelity matrix increase with size, indicating the tendency of single ground state on a torus and Z 2 confinement.
2503.20122	3	0.2411		12 × 12		12x12		Table 4 : The eigenvalues of the fidelity matrix for the FP phase with J r / J 2 = 0.9 , J 1 / J 2 = 0.62 . The max eigenvalue of the fidelity matrix increase with size, indicating the tendency of single ground state on a torus and Z 2 confinement.
2503.20122	3	1.083		12 × 12		12x12		Table 4 : The eigenvalues of the fidelity matrix for the FP phase with J r / J 2 = 0.9 , J 1 / J 2 = 0.62 . The max eigenvalue of the fidelity matrix increase with size, indicating the tendency of single ground state on a torus and Z 2 confinement.
2503.20122	3	2.6062		12 × 12		12x12		Table 4 : The eigenvalues of the fidelity matrix for the FP phase with J r / J 2 = 0.9 , J 1 / J 2 = 0.62 . The max eigenvalue of the fidelity matrix increase with size, indicating the tendency of single ground state on a torus and Z 2 confinement.
2503.20122	3	0.0328		16 × 16		16x16		Table 4 : The eigenvalues of the fidelity matrix for the FP phase with J r / J 2 = 0.9 , J 1 / J 2 = 0.62 . The max eigenvalue of the fidelity matrix increase with size, indicating the tendency of single ground state on a torus and Z 2 confinement.
2503.20122	3	0.9927		16 × 16		16x16		Table 4 : The eigenvalues of the fidelity matrix for the FP phase with J r / J 2 = 0.9 , J 1 / J 2 = 0.62 . The max eigenvalue of the fidelity matrix increase with size, indicating the tendency of single ground state on a torus and Z 2 confinement.
2503.20122	3	2.8087		16 × 16		16x16		Table 4 : The eigenvalues of the fidelity matrix for the FP phase with J r / J 2 = 0.9 , J 1 / J 2 = 0.62 . The max eigenvalue of the fidelity matrix increase with size, indicating the tendency of single ground state on a torus and Z 2 confinement.
2503.20122	4	0.074		8 × 8		8x8		Table 5 : Eigenvalues of the fidelity matrix for the Néel phase with J r / J 2 = 0 , J 1 / J 2 = 0.74 . The max eigenvalue of the fidelity matrix increase with size, indicating the tendency of single ground state on a torus and Z 2 confinement.
2503.20122	4	0.165		8 × 8		8x8		Table 5 : Eigenvalues of the fidelity matrix for the Néel phase with J r / J 2 = 0 , J 1 / J 2 = 0.74 . The max eigenvalue of the fidelity matrix increase with size, indicating the tendency of single ground state on a torus and Z 2 confinement.
2503.20122	4	1.1012		8 × 8		8x8		Table 5 : Eigenvalues of the fidelity matrix for the Néel phase with J r / J 2 = 0 , J 1 / J 2 = 0.74 . The max eigenvalue of the fidelity matrix increase with size, indicating the tendency of single ground state on a torus and Z 2 confinement.
2503.20122	4	2.6598		8 × 8		8x8		Table 5 : Eigenvalues of the fidelity matrix for the Néel phase with J r / J 2 = 0 , J 1 / J 2 = 0.74 . The max eigenvalue of the fidelity matrix increase with size, indicating the tendency of single ground state on a torus and Z 2 confinement.
2503.20122	4	0.0216		12 × 12		12x12		Table 5 : Eigenvalues of the fidelity matrix for the Néel phase with J r / J 2 = 0 , J 1 / J 2 = 0.74 . The max eigenvalue of the fidelity matrix increase with size, indicating the tendency of single ground state on a torus and Z 2 confinement.
2503.20122	4	0.0674		12 × 12		12x12		Table 5 : Eigenvalues of the fidelity matrix for the Néel phase with J r / J 2 = 0 , J 1 / J 2 = 0.74 . The max eigenvalue of the fidelity matrix increase with size, indicating the tendency of single ground state on a torus and Z 2 confinement.
2503.20122	4	0.9986		12 × 12		12x12		Table 5 : Eigenvalues of the fidelity matrix for the Néel phase with J r / J 2 = 0 , J 1 / J 2 = 0.74 . The max eigenvalue of the fidelity matrix increase with size, indicating the tendency of single ground state on a torus and Z 2 confinement.
2503.20122	4	2.912		12 × 12		12x12		Table 5 : Eigenvalues of the fidelity matrix for the Néel phase with J r / J 2 = 0 , J 1 / J 2 = 0.74 . The max eigenvalue of the fidelity matrix increase with size, indicating the tendency of single ground state on a torus and Z 2 confinement.
2503.20122	4	0.0139		16 × 16		16x16		Table 5 : Eigenvalues of the fidelity matrix for the Néel phase with J r / J 2 = 0 , J 1 / J 2 = 0.74 . The max eigenvalue of the fidelity matrix increase with size, indicating the tendency of single ground state on a torus and Z 2 confinement.
2503.20122	4	0.0303		16 × 16		16x16		Table 5 : Eigenvalues of the fidelity matrix for the Néel phase with J r / J 2 = 0 , J 1 / J 2 = 0.74 . The max eigenvalue of the fidelity matrix increase with size, indicating the tendency of single ground state on a torus and Z 2 confinement.
2503.20122	4	0.9994		16 × 16		16x16		Table 5 : Eigenvalues of the fidelity matrix for the Néel phase with J r / J 2 = 0 , J 1 / J 2 = 0.74 . The max eigenvalue of the fidelity matrix increase with size, indicating the tendency of single ground state on a torus and Z 2 confinement.
2503.20122	4	2.9564		16 × 16		16x16		Table 5 : Eigenvalues of the fidelity matrix for the Néel phase with J r / J 2 = 0 , J 1 / J 2 = 0.74 . The max eigenvalue of the fidelity matrix increase with size, indicating the tendency of single ground state on a torus and Z 2 confinement.
2503.20122	5	-0.37627		(i) EP state	E	12x12		Table 6 : Energy and variational mean-field parameters for different cases (12 × 12 sites by default) with J 1 / J 2 = 0.7 , J r = 0 .
2503.20122	5	0.0504		(i) EP state	t 2	12x12		Table 6 : Energy and variational mean-field parameters for different cases (12 × 12 sites by default) with J 1 / J 2 = 0.7 , J r = 0 .
2503.20122	5	0.3669		(i) EP state	Δ 1	12x12		Table 6 : Energy and variational mean-field parameters for different cases (12 × 12 sites by default) with J 1 / J 2 = 0.7 , J r = 0 .
2503.20122	5	0.5947		(i) EP state	Δ 2	12x12		Table 6 : Energy and variational mean-field parameters for different cases (12 × 12 sites by default) with J 1 / J 2 = 0.7 , J r = 0 .
2503.20122	5	1.0402		(i) EP state	λ z	12x12		Table 6 : Energy and variational mean-field parameters for different cases (12 × 12 sites by default) with J 1 / J 2 = 0.7 , J r = 0 .
2503.20122	5	0.7738		(i) EP state	η x	12x12		Table 6 : Energy and variational mean-field parameters for different cases (12 × 12 sites by default) with J 1 / J 2 = 0.7 , J r = 0 .
2503.20122	5	-0.0072		(i) EP state	M z	12x12		Table 6 : Energy and variational mean-field parameters for different cases (12 × 12 sites by default) with J 1 / J 2 = 0.7 , J r = 0 .
2503.20122	5	-0.36134		(ii) switch plaquette	E	12x12		Table 6 : Energy and variational mean-field parameters for different cases (12 × 12 sites by default) with J 1 / J 2 = 0.7 , J r = 0 .
2503.20122	5	0.0504		(ii) switch plaquette	t 2	12x12		Table 6 : Energy and variational mean-field parameters for different cases (12 × 12 sites by default) with J 1 / J 2 = 0.7 , J r = 0 .
2503.20122	5	0.3669		(ii) switch plaquette	Δ 1	12x12		Table 6 : Energy and variational mean-field parameters for different cases (12 × 12 sites by default) with J 1 / J 2 = 0.7 , J r = 0 .
2503.20122	5	0.5947		(ii) switch plaquette	Δ 2	12x12		Table 6 : Energy and variational mean-field parameters for different cases (12 × 12 sites by default) with J 1 / J 2 = 0.7 , J r = 0 .
2503.20122	5	1.0402		(ii) switch plaquette	λ z	12x12		Table 6 : Energy and variational mean-field parameters for different cases (12 × 12 sites by default) with J 1 / J 2 = 0.7 , J r = 0 .
2503.20122	5	1.2957		(ii) switch plaquette	η x	12x12		Table 6 : Energy and variational mean-field parameters for different cases (12 × 12 sites by default) with J 1 / J 2 = 0.7 , J r = 0 .
2503.20122	5	-0.0072		(ii) switch plaquette	M z	12x12		Table 6 : Energy and variational mean-field parameters for different cases (12 × 12 sites by default) with J 1 / J 2 = 0.7 , J r = 0 .
2503.20122	5	-0.37621		(iii) switch plaquette,- Δ 2	E	12x12		Table 6 : Energy and variational mean-field parameters for different cases (12 × 12 sites by default) with J 1 / J 2 = 0.7 , J r = 0 .
2503.20122	5	0.0504		(iii) switch plaquette,- Δ 2	t 2	12x12		Table 6 : Energy and variational mean-field parameters for different cases (12 × 12 sites by default) with J 1 / J 2 = 0.7 , J r = 0 .
2503.20122	5	0.3669		(iii) switch plaquette,- Δ 2	Δ 1	12x12		Table 6 : Energy and variational mean-field parameters for different cases (12 × 12 sites by default) with J 1 / J 2 = 0.7 , J r = 0 .
2503.20122	5	-0.5947		(iii) switch plaquette,- Δ 2	Δ 2	12x12		Table 6 : Energy and variational mean-field parameters for different cases (12 × 12 sites by default) with J 1 / J 2 = 0.7 , J r = 0 .
2503.20122	5	1.0402		(iii) switch plaquette,- Δ 2	λ z	12x12		Table 6 : Energy and variational mean-field parameters for different cases (12 × 12 sites by default) with J 1 / J 2 = 0.7 , J r = 0 .
2503.20122	5	1.2957		(iii) switch plaquette,- Δ 2	η x	12x12		Table 6 : Energy and variational mean-field parameters for different cases (12 × 12 sites by default) with J 1 / J 2 = 0.7 , J r = 0 .
2503.20122	5	-0.0072		(iii) switch plaquette,- Δ 2	M z	12x12		Table 6 : Energy and variational mean-field parameters for different cases (12 × 12 sites by default) with J 1 / J 2 = 0.7 , J r = 0 .
2503.20122	5	-0.370381		(iv) No plaquette order	E	12x12		Table 6 : Energy and variational mean-field parameters for different cases (12 × 12 sites by default) with J 1 / J 2 = 0.7 , J r = 0 .
2503.20122	5	0.0504		(iv) No plaquette order	t 2	12x12		Table 6 : Energy and variational mean-field parameters for different cases (12 × 12 sites by default) with J 1 / J 2 = 0.7 , J r = 0 .
2503.20122	5	0.3669		(iv) No plaquette order	Δ 1	12x12		Table 6 : Energy and variational mean-field parameters for different cases (12 × 12 sites by default) with J 1 / J 2 = 0.7 , J r = 0 .
2503.20122	5	0.5947		(iv) No plaquette order	Δ 2	12x12		Table 6 : Energy and variational mean-field parameters for different cases (12 × 12 sites by default) with J 1 / J 2 = 0.7 , J r = 0 .
2503.20122	5	1.0402		(iv) No plaquette order	λ z	12x12		Table 6 : Energy and variational mean-field parameters for different cases (12 × 12 sites by default) with J 1 / J 2 = 0.7 , J r = 0 .
2503.20122	5	-0.0072		(iv) No plaquette order	M z	12x12		Table 6 : Energy and variational mean-field parameters for different cases (12 × 12 sites by default) with J 1 / J 2 = 0.7 , J r = 0 .
2503.20122	5	-0.37622		(v) other EP state	E	12x12		Table 6 : Energy and variational mean-field parameters for different cases (12 × 12 sites by default) with J 1 / J 2 = 0.7 , J r = 0 .
2503.20122	5	0.2058		(v) other EP state	t 2	12x12		Table 6 : Energy and variational mean-field parameters for different cases (12 × 12 sites by default) with J 1 / J 2 = 0.7 , J r = 0 .
2503.20122	5	0.4378		(v) other EP state	Δ 1	12x12		Table 6 : Energy and variational mean-field parameters for different cases (12 × 12 sites by default) with J 1 / J 2 = 0.7 , J r = 0 .
2503.20122	5	0.7149		(v) other EP state	Δ 2	12x12		Table 6 : Energy and variational mean-field parameters for different cases (12 × 12 sites by default) with J 1 / J 2 = 0.7 , J r = 0 .
2503.20122	5	1.0571		(v) other EP state	λ z	12x12		Table 6 : Energy and variational mean-field parameters for different cases (12 × 12 sites by default) with J 1 / J 2 = 0.7 , J r = 0 .
2503.20122	5	0.7664		(v) other EP state	η x	12x12		Table 6 : Energy and variational mean-field parameters for different cases (12 × 12 sites by default) with J 1 / J 2 = 0.7 , J r = 0 .
2503.20122	5	0.0144		(v) other EP state	M z	12x12		Table 6 : Energy and variational mean-field parameters for different cases (12 × 12 sites by default) with J 1 / J 2 = 0.7 , J r = 0 .
2503.20122	5	-0.37642		(vi) EP phase in 16 × 16 sites	E	16x16,12x12		Table 6 : Energy and variational mean-field parameters for different cases (12 × 12 sites by default) with J 1 / J 2 = 0.7 , J r = 0 .
2503.20122	5	0.0113		(vi) EP phase in 16 × 16 sites	t 2	16x16,12x12		Table 6 : Energy and variational mean-field parameters for different cases (12 × 12 sites by default) with J 1 / J 2 = 0.7 , J r = 0 .
2503.20122	5	0.3966		(vi) EP phase in 16 × 16 sites	Δ 1	16x16,12x12		Table 6 : Energy and variational mean-field parameters for different cases (12 × 12 sites by default) with J 1 / J 2 = 0.7 , J r = 0 .
2503.20122	5	0.5908		(vi) EP phase in 16 × 16 sites	Δ 2	16x16,12x12		Table 6 : Energy and variational mean-field parameters for different cases (12 × 12 sites by default) with J 1 / J 2 = 0.7 , J r = 0 .
2503.20122	5	0.7736		(vi) EP phase in 16 × 16 sites	λ z	16x16,12x12		Table 6 : Energy and variational mean-field parameters for different cases (12 × 12 sites by default) with J 1 / J 2 = 0.7 , J r = 0 .
2503.20122	5	0.7761		(vi) EP phase in 16 × 16 sites	η x	16x16,12x12		Table 6 : Energy and variational mean-field parameters for different cases (12 × 12 sites by default) with J 1 / J 2 = 0.7 , J r = 0 .
2503.20122	5	0.0118		(vi) EP phase in 16 × 16 sites	M z	16x16,12x12		Table 6 : Energy and variational mean-field parameters for different cases (12 × 12 sites by default) with J 1 / J 2 = 0.7 , J r = 0 .
2503.20122	5	-0.37539		(vii) no potential, t 2 dominate	E	12x12		Table 6 : Energy and variational mean-field parameters for different cases (12 × 12 sites by default) with J 1 / J 2 = 0.7 , J r = 0 .
2503.20122	5	0.8227		(vii) no potential, t 2 dominate	t 2	12x12		Table 6 : Energy and variational mean-field parameters for different cases (12 × 12 sites by default) with J 1 / J 2 = 0.7 , J r = 0 .
2503.20122	5	0.7063		(vii) no potential, t 2 dominate	Δ 1	12x12		Table 6 : Energy and variational mean-field parameters for different cases (12 × 12 sites by default) with J 1 / J 2 = 0.7 , J r = 0 .
2503.20122	5	0.0174		(vii) no potential, t 2 dominate	Δ 2	12x12		Table 6 : Energy and variational mean-field parameters for different cases (12 × 12 sites by default) with J 1 / J 2 = 0.7 , J r = 0 .
2503.20122	5	1.2729		(vii) no potential, t 2 dominate	η x	12x12		Table 6 : Energy and variational mean-field parameters for different cases (12 × 12 sites by default) with J 1 / J 2 = 0.7 , J r = 0 .
2503.20122	5	0.005		(vii) no potential, t 2 dominate	M z	12x12		Table 6 : Energy and variational mean-field parameters for different cases (12 × 12 sites by default) with J 1 / J 2 = 0.7 , J r = 0 .
2503.20122	5	-0.37527		(viii) no potential, Δ 2 dominate	E	12x12		Table 6 : Energy and variational mean-field parameters for different cases (12 × 12 sites by default) with J 1 / J 2 = 0.7 , J r = 0 .
2503.20122	5	0.0794		(viii) no potential, Δ 2 dominate	t 2	12x12		Table 6 : Energy and variational mean-field parameters for different cases (12 × 12 sites by default) with J 1 / J 2 = 0.7 , J r = 0 .
2503.20122	5	0.576		(viii) no potential, Δ 2 dominate	Δ 1	12x12		Table 6 : Energy and variational mean-field parameters for different cases (12 × 12 sites by default) with J 1 / J 2 = 0.7 , J r = 0 .
2503.20122	5	0.6387		(viii) no potential, Δ 2 dominate	Δ 2	12x12		Table 6 : Energy and variational mean-field parameters for different cases (12 × 12 sites by default) with J 1 / J 2 = 0.7 , J r = 0 .
2503.20122	5	1.186		(viii) no potential, Δ 2 dominate	η x	12x12		Table 6 : Energy and variational mean-field parameters for different cases (12 × 12 sites by default) with J 1 / J 2 = 0.7 , J r = 0 .
2503.20122	5	-0.0641		(viii) no potential, Δ 2 dominate	M z	12x12		Table 6 : Energy and variational mean-field parameters for different cases (12 × 12 sites by default) with J 1 / J 2 = 0.7 , J r = 0 .
2503.20122	5	-0.37537		(ix) small potential	E	12x12		Table 6 : Energy and variational mean-field parameters for different cases (12 × 12 sites by default) with J 1 / J 2 = 0.7 , J r = 0 .
2503.20122	5	-0.0651		(ix) small potential	t 2	12x12		Table 6 : Energy and variational mean-field parameters for different cases (12 × 12 sites by default) with J 1 / J 2 = 0.7 , J r = 0 .
2503.20122	5	0.4498		(ix) small potential	Δ 1	12x12		Table 6 : Energy and variational mean-field parameters for different cases (12 × 12 sites by default) with J 1 / J 2 = 0.7 , J r = 0 .
2503.20122	5	0.5478		(ix) small potential	Δ 2	12x12		Table 6 : Energy and variational mean-field parameters for different cases (12 × 12 sites by default) with J 1 / J 2 = 0.7 , J r = 0 .
2503.20122	5	-0.0828		(ix) small potential	λ z	12x12		Table 6 : Energy and variational mean-field parameters for different cases (12 × 12 sites by default) with J 1 / J 2 = 0.7 , J r = 0 .
2503.20122	5	1.3231		(ix) small potential	η x	12x12		Table 6 : Energy and variational mean-field parameters for different cases (12 × 12 sites by default) with J 1 / J 2 = 0.7 , J r = 0 .
2503.20122	5	0.0081		(ix) small potential	M z	12x12		Table 6 : Energy and variational mean-field parameters for different cases (12 × 12 sites by default) with J 1 / J 2 = 0.7 , J r = 0 .
2503.20122	5	-0.37308		(x) no Δ 2	E	12x12		Table 6 : Energy and variational mean-field parameters for different cases (12 × 12 sites by default) with J 1 / J 2 = 0.7 , J r = 0 .
2503.20122	5	0.0464		(x) no Δ 2	t 2	12x12		Table 6 : Energy and variational mean-field parameters for different cases (12 × 12 sites by default) with J 1 / J 2 = 0.7 , J r = 0 .
2503.20122	5	0.8768		(x) no Δ 2	Δ 1	12x12		Table 6 : Energy and variational mean-field parameters for different cases (12 × 12 sites by default) with J 1 / J 2 = 0.7 , J r = 0 .
2503.20122	5	0.2774		(x) no Δ 2	λ z	12x12		Table 6 : Energy and variational mean-field parameters for different cases (12 × 12 sites by default) with J 1 / J 2 = 0.7 , J r = 0 .
2503.20122	5	1.0218		(x) no Δ 2	η x	12x12		Table 6 : Energy and variational mean-field parameters for different cases (12 × 12 sites by default) with J 1 / J 2 = 0.7 , J r = 0 .
2503.20122	5	-0.1542		(x) no Δ 2	M z	12x12		Table 6 : Energy and variational mean-field parameters for different cases (12 × 12 sites by default) with J 1 / J 2 = 0.7 , J r = 0 .
2503.20122	5	-0.37512		(xi) splitting Néel phase	E	12x12		Table 6 : Energy and variational mean-field parameters for different cases (12 × 12 sites by default) with J 1 / J 2 = 0.7 , J r = 0 .
2503.20122	5	0.6423		(xi) splitting Néel phase	t 2	12x12		Table 6 : Energy and variational mean-field parameters for different cases (12 × 12 sites by default) with J 1 / J 2 = 0.7 , J r = 0 .
2503.20122	5	0.6167		(xi) splitting Néel phase	Δ 1	12x12		Table 6 : Energy and variational mean-field parameters for different cases (12 × 12 sites by default) with J 1 / J 2 = 0.7 , J r = 0 .
2503.20122	5	0.0639		(xi) splitting Néel phase	Δ 2	12x12		Table 6 : Energy and variational mean-field parameters for different cases (12 × 12 sites by default) with J 1 / J 2 = 0.7 , J r = 0 .
2503.20122	5	0.2017		(xi) splitting Néel phase	M z	12x12		Table 6 : Energy and variational mean-field parameters for different cases (12 × 12 sites by default) with J 1 / J 2 = 0.7 , J r = 0 .
2503.20122	5	-0.37398		(xii) splitting Néel, no large t 2	E	12x12		Table 6 : Energy and variational mean-field parameters for different cases (12 × 12 sites by default) with J 1 / J 2 = 0.7 , J r = 0 .
2503.20122	5	0.1339		(xii) splitting Néel, no large t 2	t 2	12x12		Table 6 : Energy and variational mean-field parameters for different cases (12 × 12 sites by default) with J 1 / J 2 = 0.7 , J r = 0 .
2503.20122	5	0.442		(xii) splitting Néel, no large t 2	Δ 1	12x12		Table 6 : Energy and variational mean-field parameters for different cases (12 × 12 sites by default) with J 1 / J 2 = 0.7 , J r = 0 .
2503.20122	5	0.1267		(xii) splitting Néel, no large t 2	Δ 2	12x12		Table 6 : Energy and variational mean-field parameters for different cases (12 × 12 sites by default) with J 1 / J 2 = 0.7 , J r = 0 .
2503.20122	5	0.09		(xii) splitting Néel, no large t 2	M z	12x12		Table 6 : Energy and variational mean-field parameters for different cases (12 × 12 sites by default) with J 1 / J 2 = 0.7 , J r = 0 .
2503.20122	5	-0.37392		(xiii) splitting Néel, no Néel order	E	12x12		Table 6 : Energy and variational mean-field parameters for different cases (12 × 12 sites by default) with J 1 / J 2 = 0.7 , J r = 0 .
2503.20122	5	0.6223		(xiii) splitting Néel, no Néel order	t 2	12x12		Table 6 : Energy and variational mean-field parameters for different cases (12 × 12 sites by default) with J 1 / J 2 = 0.7 , J r = 0 .
2503.20122	5	0.5823		(xiii) splitting Néel, no Néel order	Δ 1	12x12		Table 6 : Energy and variational mean-field parameters for different cases (12 × 12 sites by default) with J 1 / J 2 = 0.7 , J r = 0 .
2503.20122	5	0.0582		(xiii) splitting Néel, no Néel order	Δ 2	12x12		Table 6 : Energy and variational mean-field parameters for different cases (12 × 12 sites by default) with J 1 / J 2 = 0.7 , J r = 0 .
2503.20122	5	0.1659		(xiii) splitting Néel, no Néel order	λ z	12x12		Table 6 : Energy and variational mean-field parameters for different cases (12 × 12 sites by default) with J 1 / J 2 = 0.7 , J r = 0 .
2503.20122	6	-0.48169		QSL( t 2 ∼ 0 gauge)	E			Table 7 : Variational mean-field parameters for two gauge equivalent QSL ansatz for J 1 / J 2 = 0.71 , J r / J 2 = 0.6 .
2503.20122	6	0.0702		QSL( t 2 ∼ 0 gauge)	t 2			Table 7 : Variational mean-field parameters for two gauge equivalent QSL ansatz for J 1 / J 2 = 0.71 , J r / J 2 = 0.6 .
2503.20122	6	1.0927		QSL( t 2 ∼ 0 gauge)	Δ 1			Table 7 : Variational mean-field parameters for two gauge equivalent QSL ansatz for J 1 / J 2 = 0.71 , J r / J 2 = 0.6 .
2503.20122	6	0.8719		QSL( t 2 ∼ 0 gauge)	Δ 2			Table 7 : Variational mean-field parameters for two gauge equivalent QSL ansatz for J 1 / J 2 = 0.71 , J r / J 2 = 0.6 .
2503.20122	6	0.0474		QSL( t 2 ∼ 0 gauge)	λ z			Table 7 : Variational mean-field parameters for two gauge equivalent QSL ansatz for J 1 / J 2 = 0.71 , J r / J 2 = 0.6 .
2503.20122	6	0.0011		QSL( t 2 ∼ 0 gauge)	M z			Table 7 : Variational mean-field parameters for two gauge equivalent QSL ansatz for J 1 / J 2 = 0.71 , J r / J 2 = 0.6 .
2503.20122	6	-0.48165		QSL( Δ 2 ∼ 0 gauge)	E			Table 7 : Variational mean-field parameters for two gauge equivalent QSL ansatz for J 1 / J 2 = 0.71 , J r / J 2 = 0.6 .
2503.20122	6	0.9044		QSL( Δ 2 ∼ 0 gauge)	t 2			Table 7 : Variational mean-field parameters for two gauge equivalent QSL ansatz for J 1 / J 2 = 0.71 , J r / J 2 = 0.6 .
2503.20122	6	1.118		QSL( Δ 2 ∼ 0 gauge)	Δ 1			Table 7 : Variational mean-field parameters for two gauge equivalent QSL ansatz for J 1 / J 2 = 0.71 , J r / J 2 = 0.6 .
2503.20122	6	-0.0565		QSL( Δ 2 ∼ 0 gauge)	Δ 2			Table 7 : Variational mean-field parameters for two gauge equivalent QSL ansatz for J 1 / J 2 = 0.71 , J r / J 2 = 0.6 .
2503.20122	6	0.0171		QSL( Δ 2 ∼ 0 gauge)	λ z			Table 7 : Variational mean-field parameters for two gauge equivalent QSL ansatz for J 1 / J 2 = 0.71 , J r / J 2 = 0.6 .
2503.20122	6	-0.0013		QSL( Δ 2 ∼ 0 gauge)	M z			Table 7 : Variational mean-field parameters for two gauge equivalent QSL ansatz for J 1 / J 2 = 0.71 , J r / J 2 = 0.6 .
2503.20122	9	0.0562		8 × 8		8x8		Table 10 : The SL phase: size-dependence of the eigenvalues of the fidelity matrix for J 1 / J 2 = 0.71 , J r / J 2 = 0.6 . The data support 4-fold degenerate ground state on a torus in the large size limit.
2503.20122	9	0.2249		8 × 8		8x8		Table 10 : The SL phase: size-dependence of the eigenvalues of the fidelity matrix for J 1 / J 2 = 0.71 , J r / J 2 = 0.6 . The data support 4-fold degenerate ground state on a torus in the large size limit.
2503.20122	9	1.2208		8 × 8		8x8		Table 10 : The SL phase: size-dependence of the eigenvalues of the fidelity matrix for J 1 / J 2 = 0.71 , J r / J 2 = 0.6 . The data support 4-fold degenerate ground state on a torus in the large size limit.
2503.20122	9	2.498		8 × 8		8x8		Table 10 : The SL phase: size-dependence of the eigenvalues of the fidelity matrix for J 1 / J 2 = 0.71 , J r / J 2 = 0.6 . The data support 4-fold degenerate ground state on a torus in the large size limit.
2503.20122	9	0.1577		12 × 12		12x12		Table 10 : The SL phase: size-dependence of the eigenvalues of the fidelity matrix for J 1 / J 2 = 0.71 , J r / J 2 = 0.6 . The data support 4-fold degenerate ground state on a torus in the large size limit.
2503.20122	9	0.3837		12 × 12		12x12		Table 10 : The SL phase: size-dependence of the eigenvalues of the fidelity matrix for J 1 / J 2 = 0.71 , J r / J 2 = 0.6 . The data support 4-fold degenerate ground state on a torus in the large size limit.
2503.20122	9	1.2881		12 × 12		12x12		Table 10 : The SL phase: size-dependence of the eigenvalues of the fidelity matrix for J 1 / J 2 = 0.71 , J r / J 2 = 0.6 . The data support 4-fold degenerate ground state on a torus in the large size limit.
2503.20122	9	2.1705		12 × 12		12x12		Table 10 : The SL phase: size-dependence of the eigenvalues of the fidelity matrix for J 1 / J 2 = 0.71 , J r / J 2 = 0.6 . The data support 4-fold degenerate ground state on a torus in the large size limit.
2503.20122	9	0.3174		16 × 16		16x16		Table 10 : The SL phase: size-dependence of the eigenvalues of the fidelity matrix for J 1 / J 2 = 0.71 , J r / J 2 = 0.6 . The data support 4-fold degenerate ground state on a torus in the large size limit.
2503.20122	9	0.4897		16 × 16		16x16		Table 10 : The SL phase: size-dependence of the eigenvalues of the fidelity matrix for J 1 / J 2 = 0.71 , J r / J 2 = 0.6 . The data support 4-fold degenerate ground state on a torus in the large size limit.
2503.20122	9	1.2413		16 × 16		16x16		Table 10 : The SL phase: size-dependence of the eigenvalues of the fidelity matrix for J 1 / J 2 = 0.71 , J r / J 2 = 0.6 . The data support 4-fold degenerate ground state on a torus in the large size limit.
2503.20122	9	1.9516		16 × 16		16x16		Table 10 : The SL phase: size-dependence of the eigenvalues of the fidelity matrix for J 1 / J 2 = 0.71 , J r / J 2 = 0.6 . The data support 4-fold degenerate ground state on a torus in the large size limit.
2503.20122	10	0.1653		0.3	8 × 8	8x8		Table 11 : The EP phase: size-dependence of the eigenvalues of the fidelity matrix for J 1 / J 2 = 0.7 . The data support 4-fold degenerate ground state on a torus in the large size limit.
2503.20122	10	0.2888		0.3	12 × 12	12x12		Table 11 : The EP phase: size-dependence of the eigenvalues of the fidelity matrix for J 1 / J 2 = 0.7 . The data support 4-fold degenerate ground state on a torus in the large size limit.
2503.20122	10	1.3097		0.3	16 × 16	16x16		Table 11 : The EP phase: size-dependence of the eigenvalues of the fidelity matrix for J 1 / J 2 = 0.7 . The data support 4-fold degenerate ground state on a torus in the large size limit.
2503.20122	10	2.2362		0.3				Table 11 : The EP phase: size-dependence of the eigenvalues of the fidelity matrix for J 1 / J 2 = 0.7 . The data support 4-fold degenerate ground state on a torus in the large size limit.
2503.20122	10	0.3206		0.3				Table 11 : The EP phase: size-dependence of the eigenvalues of the fidelity matrix for J 1 / J 2 = 0.7 . The data support 4-fold degenerate ground state on a torus in the large size limit.
2503.20122	10	0.4315		0.3				Table 11 : The EP phase: size-dependence of the eigenvalues of the fidelity matrix for J 1 / J 2 = 0.7 . The data support 4-fold degenerate ground state on a torus in the large size limit.
2503.20122	10	1.2797		0.3				Table 11 : The EP phase: size-dependence of the eigenvalues of the fidelity matrix for J 1 / J 2 = 0.7 . The data support 4-fold degenerate ground state on a torus in the large size limit.
2503.20122	10	1.9683		0.3				Table 11 : The EP phase: size-dependence of the eigenvalues of the fidelity matrix for J 1 / J 2 = 0.7 . The data support 4-fold degenerate ground state on a torus in the large size limit.
2503.20122	10	0.4037		0.3				Table 11 : The EP phase: size-dependence of the eigenvalues of the fidelity matrix for J 1 / J 2 = 0.7 . The data support 4-fold degenerate ground state on a torus in the large size limit.
2503.20122	10	0.561		0.3				Table 11 : The EP phase: size-dependence of the eigenvalues of the fidelity matrix for J 1 / J 2 = 0.7 . The data support 4-fold degenerate ground state on a torus in the large size limit.
2503.20122	10	1.1787		0.3				Table 11 : The EP phase: size-dependence of the eigenvalues of the fidelity matrix for J 1 / J 2 = 0.7 . The data support 4-fold degenerate ground state on a torus in the large size limit.
2503.20122	10	1.8566		0.3				Table 11 : The EP phase: size-dependence of the eigenvalues of the fidelity matrix for J 1 / J 2 = 0.7 . The data support 4-fold degenerate ground state on a torus in the large size limit.
2503.20122	10	0.3148		0.2	8 × 8	8x8		Table 11 : The EP phase: size-dependence of the eigenvalues of the fidelity matrix for J 1 / J 2 = 0.7 . The data support 4-fold degenerate ground state on a torus in the large size limit.
2503.20122	10	0.339		0.2	12 × 12	12x12		Table 11 : The EP phase: size-dependence of the eigenvalues of the fidelity matrix for J 1 / J 2 = 0.7 . The data support 4-fold degenerate ground state on a torus in the large size limit.
2503.20122	10	1.3791		0.2	16 × 16	16x16		Table 11 : The EP phase: size-dependence of the eigenvalues of the fidelity matrix for J 1 / J 2 = 0.7 . The data support 4-fold degenerate ground state on a torus in the large size limit.
2503.20122	10	1.967		0.2				Table 11 : The EP phase: size-dependence of the eigenvalues of the fidelity matrix for J 1 / J 2 = 0.7 . The data support 4-fold degenerate ground state on a torus in the large size limit.
2503.20122	10	0.3102		0.2				Table 11 : The EP phase: size-dependence of the eigenvalues of the fidelity matrix for J 1 / J 2 = 0.7 . The data support 4-fold degenerate ground state on a torus in the large size limit.
2503.20122	10	0.4039		0.2				Table 11 : The EP phase: size-dependence of the eigenvalues of the fidelity matrix for J 1 / J 2 = 0.7 . The data support 4-fold degenerate ground state on a torus in the large size limit.
2503.20122	10	1.2178		0.2				Table 11 : The EP phase: size-dependence of the eigenvalues of the fidelity matrix for J 1 / J 2 = 0.7 . The data support 4-fold degenerate ground state on a torus in the large size limit.
2503.20122	10	2.0681		0.2				Table 11 : The EP phase: size-dependence of the eigenvalues of the fidelity matrix for J 1 / J 2 = 0.7 . The data support 4-fold degenerate ground state on a torus in the large size limit.
2503.20122	10	0.8097		0.2				Table 11 : The EP phase: size-dependence of the eigenvalues of the fidelity matrix for J 1 / J 2 = 0.7 . The data support 4-fold degenerate ground state on a torus in the large size limit.
2503.20122	10	0.9494		0.2				Table 11 : The EP phase: size-dependence of the eigenvalues of the fidelity matrix for J 1 / J 2 = 0.7 . The data support 4-fold degenerate ground state on a torus in the large size limit.
2503.20122	10	1.0595		0.2				Table 11 : The EP phase: size-dependence of the eigenvalues of the fidelity matrix for J 1 / J 2 = 0.7 . The data support 4-fold degenerate ground state on a torus in the large size limit.
2503.20122	10	1.1815		0.2				Table 11 : The EP phase: size-dependence of the eigenvalues of the fidelity matrix for J 1 / J 2 = 0.7 . The data support 4-fold degenerate ground state on a torus in the large size limit.
2503.20122	10	0.3148		0.1	8 × 8	8x8		Table 11 : The EP phase: size-dependence of the eigenvalues of the fidelity matrix for J 1 / J 2 = 0.7 . The data support 4-fold degenerate ground state on a torus in the large size limit.
2503.20122	10	0.339		0.1	12 × 12	12x12		Table 11 : The EP phase: size-dependence of the eigenvalues of the fidelity matrix for J 1 / J 2 = 0.7 . The data support 4-fold degenerate ground state on a torus in the large size limit.
2503.20122	10	1.3791		0.1	16 × 16	16x16		Table 11 : The EP phase: size-dependence of the eigenvalues of the fidelity matrix for J 1 / J 2 = 0.7 . The data support 4-fold degenerate ground state on a torus in the large size limit.
2503.20122	10	1.967		0.1				Table 11 : The EP phase: size-dependence of the eigenvalues of the fidelity matrix for J 1 / J 2 = 0.7 . The data support 4-fold degenerate ground state on a torus in the large size limit.
2503.20122	10	0.6965		0.1				Table 11 : The EP phase: size-dependence of the eigenvalues of the fidelity matrix for J 1 / J 2 = 0.7 . The data support 4-fold degenerate ground state on a torus in the large size limit.
2503.20122	10	0.9686		0.1				Table 11 : The EP phase: size-dependence of the eigenvalues of the fidelity matrix for J 1 / J 2 = 0.7 . The data support 4-fold degenerate ground state on a torus in the large size limit.
2503.20122	10	1.0268		0.1				Table 11 : The EP phase: size-dependence of the eigenvalues of the fidelity matrix for J 1 / J 2 = 0.7 . The data support 4-fold degenerate ground state on a torus in the large size limit.
2503.20122	10	1.3081		0.1				Table 11 : The EP phase: size-dependence of the eigenvalues of the fidelity matrix for J 1 / J 2 = 0.7 . The data support 4-fold degenerate ground state on a torus in the large size limit.
2503.20122	10	0.9466		0.1				Table 11 : The EP phase: size-dependence of the eigenvalues of the fidelity matrix for J 1 / J 2 = 0.7 . The data support 4-fold degenerate ground state on a torus in the large size limit.
2503.20122	10	0.9758		0.1				Table 11 : The EP phase: size-dependence of the eigenvalues of the fidelity matrix for J 1 / J 2 = 0.7 . The data support 4-fold degenerate ground state on a torus in the large size limit.
2503.20122	10	1.0185		0.1				Table 11 : The EP phase: size-dependence of the eigenvalues of the fidelity matrix for J 1 / J 2 = 0.7 . The data support 4-fold degenerate ground state on a torus in the large size limit.
2503.20122	10	1.0592		0.1				Table 11 : The EP phase: size-dependence of the eigenvalues of the fidelity matrix for J 1 / J 2 = 0.7 . The data support 4-fold degenerate ground state on a torus in the large size limit.
2503.20122	10	0.3234		0	8 × 8	8x8		Table 11 : The EP phase: size-dependence of the eigenvalues of the fidelity matrix for J 1 / J 2 = 0.7 . The data support 4-fold degenerate ground state on a torus in the large size limit.
2503.20122	10	0.341		0	12 × 12	12x12		Table 11 : The EP phase: size-dependence of the eigenvalues of the fidelity matrix for J 1 / J 2 = 0.7 . The data support 4-fold degenerate ground state on a torus in the large size limit.
2503.20122	10	1.2811		0	16 × 16	16x16		Table 11 : The EP phase: size-dependence of the eigenvalues of the fidelity matrix for J 1 / J 2 = 0.7 . The data support 4-fold degenerate ground state on a torus in the large size limit.
2503.20122	10	2.0546		0				Table 11 : The EP phase: size-dependence of the eigenvalues of the fidelity matrix for J 1 / J 2 = 0.7 . The data support 4-fold degenerate ground state on a torus in the large size limit.
2503.20122	10	0.932		0				Table 11 : The EP phase: size-dependence of the eigenvalues of the fidelity matrix for J 1 / J 2 = 0.7 . The data support 4-fold degenerate ground state on a torus in the large size limit.
2503.20122	10	0.9834		0				Table 11 : The EP phase: size-dependence of the eigenvalues of the fidelity matrix for J 1 / J 2 = 0.7 . The data support 4-fold degenerate ground state on a torus in the large size limit.
2503.20122	10	1.0189		0				Table 11 : The EP phase: size-dependence of the eigenvalues of the fidelity matrix for J 1 / J 2 = 0.7 . The data support 4-fold degenerate ground state on a torus in the large size limit.
2503.20122	10	1.0658		0				Table 11 : The EP phase: size-dependence of the eigenvalues of the fidelity matrix for J 1 / J 2 = 0.7 . The data support 4-fold degenerate ground state on a torus in the large size limit.
2503.20122	10	0.9447		0				Table 11 : The EP phase: size-dependence of the eigenvalues of the fidelity matrix for J 1 / J 2 = 0.7 . The data support 4-fold degenerate ground state on a torus in the large size limit.
2503.20122	10	0.9772		0				Table 11 : The EP phase: size-dependence of the eigenvalues of the fidelity matrix for J 1 / J 2 = 0.7 . The data support 4-fold degenerate ground state on a torus in the large size limit.
2503.20122	10	1.0079		0				Table 11 : The EP phase: size-dependence of the eigenvalues of the fidelity matrix for J 1 / J 2 = 0.7 . The data support 4-fold degenerate ground state on a torus in the large size limit.
2503.20122	10	1.0703		0				Table 11 : The EP phase: size-dependence of the eigenvalues of the fidelity matrix for J 1 / J 2 = 0.7 . The data support 4-fold degenerate ground state on a torus in the large size limit.
2503.20122	11	0.1037		0.62	8 × 8	8x8		Table 12 : The FP phase, size-dependence of the eigenvalues of the fidelity matrix for J r / J 2 = 0.9 . The max eigenvalue of the fidelity matrix increase with size, indicating the tendency of single ground state on a torus and Z 2 confinement.
2503.20122	11	0.2522		0.62	12 × 12	12x12		Table 12 : The FP phase, size-dependence of the eigenvalues of the fidelity matrix for J r / J 2 = 0.9 . The max eigenvalue of the fidelity matrix increase with size, indicating the tendency of single ground state on a torus and Z 2 confinement.
2503.20122	11	1.2822		0.62	16 × 16	16x16		Table 12 : The FP phase, size-dependence of the eigenvalues of the fidelity matrix for J r / J 2 = 0.9 . The max eigenvalue of the fidelity matrix increase with size, indicating the tendency of single ground state on a torus and Z 2 confinement.
2503.20122	11	2.3618		0.62				Table 12 : The FP phase, size-dependence of the eigenvalues of the fidelity matrix for J r / J 2 = 0.9 . The max eigenvalue of the fidelity matrix increase with size, indicating the tendency of single ground state on a torus and Z 2 confinement.
2503.20122	11	0.0697		0.62				Table 12 : The FP phase, size-dependence of the eigenvalues of the fidelity matrix for J r / J 2 = 0.9 . The max eigenvalue of the fidelity matrix increase with size, indicating the tendency of single ground state on a torus and Z 2 confinement.
2503.20122	11	0.2411		0.62				Table 12 : The FP phase, size-dependence of the eigenvalues of the fidelity matrix for J r / J 2 = 0.9 . The max eigenvalue of the fidelity matrix increase with size, indicating the tendency of single ground state on a torus and Z 2 confinement.
2503.20122	11	1.083		0.62				Table 12 : The FP phase, size-dependence of the eigenvalues of the fidelity matrix for J r / J 2 = 0.9 . The max eigenvalue of the fidelity matrix increase with size, indicating the tendency of single ground state on a torus and Z 2 confinement.
2503.20122	11	2.6062		0.62				Table 12 : The FP phase, size-dependence of the eigenvalues of the fidelity matrix for J r / J 2 = 0.9 . The max eigenvalue of the fidelity matrix increase with size, indicating the tendency of single ground state on a torus and Z 2 confinement.
2503.20122	11	0.0328		0.62				Table 12 : The FP phase, size-dependence of the eigenvalues of the fidelity matrix for J r / J 2 = 0.9 . The max eigenvalue of the fidelity matrix increase with size, indicating the tendency of single ground state on a torus and Z 2 confinement.
2503.20122	11	0.9927		0.62				Table 12 : The FP phase, size-dependence of the eigenvalues of the fidelity matrix for J r / J 2 = 0.9 . The max eigenvalue of the fidelity matrix increase with size, indicating the tendency of single ground state on a torus and Z 2 confinement.
2503.20122	11	2.8087		0.62				Table 12 : The FP phase, size-dependence of the eigenvalues of the fidelity matrix for J r / J 2 = 0.9 . The max eigenvalue of the fidelity matrix increase with size, indicating the tendency of single ground state on a torus and Z 2 confinement.
2503.20122	11	0.0786		0.66	8 × 8	8x8		Table 12 : The FP phase, size-dependence of the eigenvalues of the fidelity matrix for J r / J 2 = 0.9 . The max eigenvalue of the fidelity matrix increase with size, indicating the tendency of single ground state on a torus and Z 2 confinement.
2503.20122	11	0.2211		0.66	12 × 12	12x12		Table 12 : The FP phase, size-dependence of the eigenvalues of the fidelity matrix for J r / J 2 = 0.9 . The max eigenvalue of the fidelity matrix increase with size, indicating the tendency of single ground state on a torus and Z 2 confinement.
2503.20122	11	1.239		0.66	16 × 16	16x16		Table 12 : The FP phase, size-dependence of the eigenvalues of the fidelity matrix for J r / J 2 = 0.9 . The max eigenvalue of the fidelity matrix increase with size, indicating the tendency of single ground state on a torus and Z 2 confinement.
2503.20122	11	2.4613		0.66				Table 12 : The FP phase, size-dependence of the eigenvalues of the fidelity matrix for J r / J 2 = 0.9 . The max eigenvalue of the fidelity matrix increase with size, indicating the tendency of single ground state on a torus and Z 2 confinement.
2503.20122	11	0.0941		0.66				Table 12 : The FP phase, size-dependence of the eigenvalues of the fidelity matrix for J r / J 2 = 0.9 . The max eigenvalue of the fidelity matrix increase with size, indicating the tendency of single ground state on a torus and Z 2 confinement.
2503.20122	11	0.2947		0.66				Table 12 : The FP phase, size-dependence of the eigenvalues of the fidelity matrix for J r / J 2 = 0.9 . The max eigenvalue of the fidelity matrix increase with size, indicating the tendency of single ground state on a torus and Z 2 confinement.
2503.20122	11	1.1016		0.66				Table 12 : The FP phase, size-dependence of the eigenvalues of the fidelity matrix for J r / J 2 = 0.9 . The max eigenvalue of the fidelity matrix increase with size, indicating the tendency of single ground state on a torus and Z 2 confinement.
2503.20122	11	2.5096		0.66				Table 12 : The FP phase, size-dependence of the eigenvalues of the fidelity matrix for J r / J 2 = 0.9 . The max eigenvalue of the fidelity matrix increase with size, indicating the tendency of single ground state on a torus and Z 2 confinement.
2503.20122	11	0.0478		0.66				Table 12 : The FP phase, size-dependence of the eigenvalues of the fidelity matrix for J r / J 2 = 0.9 . The max eigenvalue of the fidelity matrix increase with size, indicating the tendency of single ground state on a torus and Z 2 confinement.
2503.20122	11	0.214		0.66				Table 12 : The FP phase, size-dependence of the eigenvalues of the fidelity matrix for J r / J 2 = 0.9 . The max eigenvalue of the fidelity matrix increase with size, indicating the tendency of single ground state on a torus and Z 2 confinement.
2503.20122	11	1.008		0.66				Table 12 : The FP phase, size-dependence of the eigenvalues of the fidelity matrix for J r / J 2 = 0.9 . The max eigenvalue of the fidelity matrix increase with size, indicating the tendency of single ground state on a torus and Z 2 confinement.
2503.20122	11	2.7302		0.66				Table 12 : The FP phase, size-dependence of the eigenvalues of the fidelity matrix for J r / J 2 = 0.9 . The max eigenvalue of the fidelity matrix increase with size, indicating the tendency of single ground state on a torus and Z 2 confinement.
2503.20122	11	0.0648		0.70	8 × 8	8x8		Table 12 : The FP phase, size-dependence of the eigenvalues of the fidelity matrix for J r / J 2 = 0.9 . The max eigenvalue of the fidelity matrix increase with size, indicating the tendency of single ground state on a torus and Z 2 confinement.
2503.20122	11	0.2107		0.70	12 × 12	12x12		Table 12 : The FP phase, size-dependence of the eigenvalues of the fidelity matrix for J r / J 2 = 0.9 . The max eigenvalue of the fidelity matrix increase with size, indicating the tendency of single ground state on a torus and Z 2 confinement.
2503.20122	11	1.2188		0.70	16 × 16	16x16		Table 12 : The FP phase, size-dependence of the eigenvalues of the fidelity matrix for J r / J 2 = 0.9 . The max eigenvalue of the fidelity matrix increase with size, indicating the tendency of single ground state on a torus and Z 2 confinement.
2503.20122	11	2.5057		0.70				Table 12 : The FP phase, size-dependence of the eigenvalues of the fidelity matrix for J r / J 2 = 0.9 . The max eigenvalue of the fidelity matrix increase with size, indicating the tendency of single ground state on a torus and Z 2 confinement.
2503.20122	11	0.0926		0.70				Table 12 : The FP phase, size-dependence of the eigenvalues of the fidelity matrix for J r / J 2 = 0.9 . The max eigenvalue of the fidelity matrix increase with size, indicating the tendency of single ground state on a torus and Z 2 confinement.
2503.20122	11	0.2932		0.70				Table 12 : The FP phase, size-dependence of the eigenvalues of the fidelity matrix for J r / J 2 = 0.9 . The max eigenvalue of the fidelity matrix increase with size, indicating the tendency of single ground state on a torus and Z 2 confinement.
2503.20122	11	1.1137		0.70				Table 12 : The FP phase, size-dependence of the eigenvalues of the fidelity matrix for J r / J 2 = 0.9 . The max eigenvalue of the fidelity matrix increase with size, indicating the tendency of single ground state on a torus and Z 2 confinement.
2503.20122	11	2.5005		0.70				Table 12 : The FP phase, size-dependence of the eigenvalues of the fidelity matrix for J r / J 2 = 0.9 . The max eigenvalue of the fidelity matrix increase with size, indicating the tendency of single ground state on a torus and Z 2 confinement.
2503.20122	11	0.057		0.70				Table 12 : The FP phase, size-dependence of the eigenvalues of the fidelity matrix for J r / J 2 = 0.9 . The max eigenvalue of the fidelity matrix increase with size, indicating the tendency of single ground state on a torus and Z 2 confinement.
2503.20122	11	0.2437		0.70				Table 12 : The FP phase, size-dependence of the eigenvalues of the fidelity matrix for J r / J 2 = 0.9 . The max eigenvalue of the fidelity matrix increase with size, indicating the tendency of single ground state on a torus and Z 2 confinement.
2503.20122	11	0.9937		0.70				Table 12 : The FP phase, size-dependence of the eigenvalues of the fidelity matrix for J r / J 2 = 0.9 . The max eigenvalue of the fidelity matrix increase with size, indicating the tendency of single ground state on a torus and Z 2 confinement.
2503.20122	11	2.7056		0.70				Table 12 : The FP phase, size-dependence of the eigenvalues of the fidelity matrix for J r / J 2 = 0.9 . The max eigenvalue of the fidelity matrix increase with size, indicating the tendency of single ground state on a torus and Z 2 confinement.
2503.20122	12	0.0903		0.72	8 × 8	8x8		Table 13 : In AFM phase: size-dependence of the eigenvalues of the fidelity matrix for J r / J 2 = 0 and varying J 1 / J 2 . The fidelity matrix is not very sensitive to the system size, but its values are clearly greater than 2, which is more like a confined phase.
2503.20122	12	0.1956		0.72	12 × 12	12x12		Table 13 : In AFM phase: size-dependence of the eigenvalues of the fidelity matrix for J r / J 2 = 0 and varying J 1 / J 2 . The fidelity matrix is not very sensitive to the system size, but its values are clearly greater than 2, which is more like a confined phase.
2503.20122	12	1.1315		0.72	16 × 16	16x16		Table 13 : In AFM phase: size-dependence of the eigenvalues of the fidelity matrix for J r / J 2 = 0 and varying J 1 / J 2 . The fidelity matrix is not very sensitive to the system size, but its values are clearly greater than 2, which is more like a confined phase.
2503.20122	12	2.5825		0.72				Table 13 : In AFM phase: size-dependence of the eigenvalues of the fidelity matrix for J r / J 2 = 0 and varying J 1 / J 2 . The fidelity matrix is not very sensitive to the system size, but its values are clearly greater than 2, which is more like a confined phase.
2503.20122	12	0.028		0.72				Table 13 : In AFM phase: size-dependence of the eigenvalues of the fidelity matrix for J r / J 2 = 0 and varying J 1 / J 2 . The fidelity matrix is not very sensitive to the system size, but its values are clearly greater than 2, which is more like a confined phase.
2503.20122	12	0.0914		0.72				Table 13 : In AFM phase: size-dependence of the eigenvalues of the fidelity matrix for J r / J 2 = 0 and varying J 1 / J 2 . The fidelity matrix is not very sensitive to the system size, but its values are clearly greater than 2, which is more like a confined phase.
2503.20122	12	0.9987		0.72				Table 13 : In AFM phase: size-dependence of the eigenvalues of the fidelity matrix for J r / J 2 = 0 and varying J 1 / J 2 . The fidelity matrix is not very sensitive to the system size, but its values are clearly greater than 2, which is more like a confined phase.
2503.20122	12	2.8819		0.72				Table 13 : In AFM phase: size-dependence of the eigenvalues of the fidelity matrix for J r / J 2 = 0 and varying J 1 / J 2 . The fidelity matrix is not very sensitive to the system size, but its values are clearly greater than 2, which is more like a confined phase.
2503.20122	12	0.0221		0.72				Table 13 : In AFM phase: size-dependence of the eigenvalues of the fidelity matrix for J r / J 2 = 0 and varying J 1 / J 2 . The fidelity matrix is not very sensitive to the system size, but its values are clearly greater than 2, which is more like a confined phase.
2503.20122	12	0.0447		0.72				Table 13 : In AFM phase: size-dependence of the eigenvalues of the fidelity matrix for J r / J 2 = 0 and varying J 1 / J 2 . The fidelity matrix is not very sensitive to the system size, but its values are clearly greater than 2, which is more like a confined phase.
2503.20122	12	1.0013		0.72				Table 13 : In AFM phase: size-dependence of the eigenvalues of the fidelity matrix for J r / J 2 = 0 and varying J 1 / J 2 . The fidelity matrix is not very sensitive to the system size, but its values are clearly greater than 2, which is more like a confined phase.
2503.20122	12	2.9319		0.72				Table 13 : In AFM phase: size-dependence of the eigenvalues of the fidelity matrix for J r / J 2 = 0 and varying J 1 / J 2 . The fidelity matrix is not very sensitive to the system size, but its values are clearly greater than 2, which is more like a confined phase.
2503.20122	12	0.0657		0.73	8 × 8	8x8		Table 13 : In AFM phase: size-dependence of the eigenvalues of the fidelity matrix for J r / J 2 = 0 and varying J 1 / J 2 . The fidelity matrix is not very sensitive to the system size, but its values are clearly greater than 2, which is more like a confined phase.
2503.20122	12	0.1629		0.73	12 × 12	12x12		Table 13 : In AFM phase: size-dependence of the eigenvalues of the fidelity matrix for J r / J 2 = 0 and varying J 1 / J 2 . The fidelity matrix is not very sensitive to the system size, but its values are clearly greater than 2, which is more like a confined phase.
2503.20122	12	1.1039		0.73	16 × 16	16x16		Table 13 : In AFM phase: size-dependence of the eigenvalues of the fidelity matrix for J r / J 2 = 0 and varying J 1 / J 2 . The fidelity matrix is not very sensitive to the system size, but its values are clearly greater than 2, which is more like a confined phase.
2503.20122	12	2.6675		0.73				Table 13 : In AFM phase: size-dependence of the eigenvalues of the fidelity matrix for J r / J 2 = 0 and varying J 1 / J 2 . The fidelity matrix is not very sensitive to the system size, but its values are clearly greater than 2, which is more like a confined phase.
2503.20122	12	0.0259		0.73				Table 13 : In AFM phase: size-dependence of the eigenvalues of the fidelity matrix for J r / J 2 = 0 and varying J 1 / J 2 . The fidelity matrix is not very sensitive to the system size, but its values are clearly greater than 2, which is more like a confined phase.
2503.20122	12	0.0799		0.73				Table 13 : In AFM phase: size-dependence of the eigenvalues of the fidelity matrix for J r / J 2 = 0 and varying J 1 / J 2 . The fidelity matrix is not very sensitive to the system size, but its values are clearly greater than 2, which is more like a confined phase.
2503.20122	12	0.9995		0.73				Table 13 : In AFM phase: size-dependence of the eigenvalues of the fidelity matrix for J r / J 2 = 0 and varying J 1 / J 2 . The fidelity matrix is not very sensitive to the system size, but its values are clearly greater than 2, which is more like a confined phase.
2503.20122	12	2.8947		0.73				Table 13 : In AFM phase: size-dependence of the eigenvalues of the fidelity matrix for J r / J 2 = 0 and varying J 1 / J 2 . The fidelity matrix is not very sensitive to the system size, but its values are clearly greater than 2, which is more like a confined phase.
2503.20122	12	0.0248		0.73				Table 13 : In AFM phase: size-dependence of the eigenvalues of the fidelity matrix for J r / J 2 = 0 and varying J 1 / J 2 . The fidelity matrix is not very sensitive to the system size, but its values are clearly greater than 2, which is more like a confined phase.
2503.20122	12	0.042		0.73				Table 13 : In AFM phase: size-dependence of the eigenvalues of the fidelity matrix for J r / J 2 = 0 and varying J 1 / J 2 . The fidelity matrix is not very sensitive to the system size, but its values are clearly greater than 2, which is more like a confined phase.
2503.20122	12	1.0121		0.73				Table 13 : In AFM phase: size-dependence of the eigenvalues of the fidelity matrix for J r / J 2 = 0 and varying J 1 / J 2 . The fidelity matrix is not very sensitive to the system size, but its values are clearly greater than 2, which is more like a confined phase.
2503.20122	12	2.9212		0.73				Table 13 : In AFM phase: size-dependence of the eigenvalues of the fidelity matrix for J r / J 2 = 0 and varying J 1 / J 2 . The fidelity matrix is not very sensitive to the system size, but its values are clearly greater than 2, which is more like a confined phase.
2503.20122	12	0.074		0.74	8 × 8	8x8		Table 13 : In AFM phase: size-dependence of the eigenvalues of the fidelity matrix for J r / J 2 = 0 and varying J 1 / J 2 . The fidelity matrix is not very sensitive to the system size, but its values are clearly greater than 2, which is more like a confined phase.
2503.20122	12	0.165		0.74	12 × 12	12x12		Table 13 : In AFM phase: size-dependence of the eigenvalues of the fidelity matrix for J r / J 2 = 0 and varying J 1 / J 2 . The fidelity matrix is not very sensitive to the system size, but its values are clearly greater than 2, which is more like a confined phase.
2503.20122	12	1.1012		0.74	16 × 16	16x16		Table 13 : In AFM phase: size-dependence of the eigenvalues of the fidelity matrix for J r / J 2 = 0 and varying J 1 / J 2 . The fidelity matrix is not very sensitive to the system size, but its values are clearly greater than 2, which is more like a confined phase.
2503.20122	12	2.6598		0.74				Table 13 : In AFM phase: size-dependence of the eigenvalues of the fidelity matrix for J r / J 2 = 0 and varying J 1 / J 2 . The fidelity matrix is not very sensitive to the system size, but its values are clearly greater than 2, which is more like a confined phase.
2503.20122	12	0.0216		0.74				Table 13 : In AFM phase: size-dependence of the eigenvalues of the fidelity matrix for J r / J 2 = 0 and varying J 1 / J 2 . The fidelity matrix is not very sensitive to the system size, but its values are clearly greater than 2, which is more like a confined phase.
2503.20122	12	0.0674		0.74				Table 13 : In AFM phase: size-dependence of the eigenvalues of the fidelity matrix for J r / J 2 = 0 and varying J 1 / J 2 . The fidelity matrix is not very sensitive to the system size, but its values are clearly greater than 2, which is more like a confined phase.
2503.20122	12	0.9986		0.74				Table 13 : In AFM phase: size-dependence of the eigenvalues of the fidelity matrix for J r / J 2 = 0 and varying J 1 / J 2 . The fidelity matrix is not very sensitive to the system size, but its values are clearly greater than 2, which is more like a confined phase.
2503.20122	12	2.912		0.74				Table 13 : In AFM phase: size-dependence of the eigenvalues of the fidelity matrix for J r / J 2 = 0 and varying J 1 / J 2 . The fidelity matrix is not very sensitive to the system size, but its values are clearly greater than 2, which is more like a confined phase.
2503.20122	12	0.0139		0.74				Table 13 : In AFM phase: size-dependence of the eigenvalues of the fidelity matrix for J r / J 2 = 0 and varying J 1 / J 2 . The fidelity matrix is not very sensitive to the system size, but its values are clearly greater than 2, which is more like a confined phase.
2503.20122	12	0.0303		0.74				Table 13 : In AFM phase: size-dependence of the eigenvalues of the fidelity matrix for J r / J 2 = 0 and varying J 1 / J 2 . The fidelity matrix is not very sensitive to the system size, but its values are clearly greater than 2, which is more like a confined phase.
2503.20122	12	0.9994		0.74				Table 13 : In AFM phase: size-dependence of the eigenvalues of the fidelity matrix for J r / J 2 = 0 and varying J 1 / J 2 . The fidelity matrix is not very sensitive to the system size, but its values are clearly greater than 2, which is more like a confined phase.
2503.20122	12	2.9564		0.74				Table 13 : In AFM phase: size-dependence of the eigenvalues of the fidelity matrix for J r / J 2 = 0 and varying J 1 / J 2 . The fidelity matrix is not very sensitive to the system size, but its values are clearly greater than 2, which is more like a confined phase.
2505.03466	0	-0.449342	0.000004	Shastry-Sutherland	E / N		Shastry+J1J2	Table 1: Benchmark variational energies for the Shastry-Sutherland and J 1 - J 2 models, using deep translationally-symmetry NQS. The corresponding number of parameters, N p , are indicated.
2505.03466	0	-0.449329	0.000001	( J 1 = 0.8 , J 2 = 1 )	E / N		Shastry+J1J2	Table 1: Benchmark variational energies for the Shastry-Sutherland and J 1 - J 2 models, using deep translationally-symmetry NQS. The corresponding number of parameters, N p , are indicated.
2505.03466	0	-0.497583	0.000006	J 1 - J 2	E / N		Shastry+J1J2	Table 1: Benchmark variational energies for the Shastry-Sutherland and J 1 - J 2 models, using deep translationally-symmetry NQS. The corresponding number of parameters, N p , are indicated.
2505.03466	0	-0.497634	0.000001	( J 1 = 1 , J 2 = 0.5 )	E / N		Shastry+J1J2	Table 1: Benchmark variational energies for the Shastry-Sutherland and J 1 - J 2 models, using deep translationally-symmetry NQS. The corresponding number of parameters, N p , are indicated.
2505.03466	0	-0.4976921	4e-7	ResNet [ 15 ]	E / N		Shastry+J1J2	Table 1: Benchmark variational energies for the Shastry-Sutherland and J 1 - J 2 models, using deep translationally-symmetry NQS. The corresponding number of parameters, N p , are indicated.
2505.20406	2	0.0158		6	⟨ S → 2 ⟩			Table 3: Estimates of the total spin ⟨ S → 2 ⟩ from our most accurate RNN wavefunctions. The wavefunctions are from our simulations with s = 4.0 and r = 0.158 .
2505.20406	2	0.0246		12	⟨ S → 2 ⟩			Table 3: Estimates of the total spin ⟨ S → 2 ⟩ from our most accurate RNN wavefunctions. The wavefunctions are from our simulations with s = 4.0 and r = 0.158 .
2505.20406	2	0.0259		18	⟨ S → 2 ⟩			Table 3: Estimates of the total spin ⟨ S → 2 ⟩ from our most accurate RNN wavefunctions. The wavefunctions are from our simulations with s = 4.0 and r = 0.158 .
2505.20406	2	0.0275		24	⟨ S → 2 ⟩			Table 3: Estimates of the total spin ⟨ S → 2 ⟩ from our most accurate RNN wavefunctions. The wavefunctions are from our simulations with s = 4.0 and r = 0.158 .
2505.20406	2	0.0276		30	⟨ S → 2 ⟩			Table 3: Estimates of the total spin ⟨ S → 2 ⟩ from our most accurate RNN wavefunctions. The wavefunctions are from our simulations with s = 4.0 and r = 0.158 .
2505.20406	4	-0.548025	0.000003	Projected ansatz [ 29 ]	E / N	L=6		Table 5: Estimates of the ground-state energy per spin for the TLAHM on an L = 6 lattice with periodic boundary conditions. This list summarizes variational results from the references discussed in the introduction, which considered the same geometry. Our results, which are shown in bold in this table, are those obtained from our most accurate simulation (scale s = 4.0 and rate r = 0.158 ). We show the exact value of this energy, obtained with exact diagonalization [ 7 ] , for reference.
2505.20406	4	-0.55148	0.00005	Projected mean field ansatz [ 26 ]	E / N	L=6		Table 5: Estimates of the ground-state energy per spin for the TLAHM on an L = 6 lattice with periodic boundary conditions. This list summarizes variational results from the references discussed in the introduction, which considered the same geometry. Our results, which are shown in bold in this table, are those obtained from our most accurate simulation (scale s = 4.0 and rate r = 0.158 ). We show the exact value of this energy, obtained with exact diagonalization [ 7 ] , for reference.
2505.20406	4	-0.5542	0.00005	Entangled-plaquette state [ 27 ]	E / N	L=6		Table 5: Estimates of the ground-state energy per spin for the TLAHM on an L = 6 lattice with periodic boundary conditions. This list summarizes variational results from the references discussed in the introduction, which considered the same geometry. Our results, which are shown in bold in this table, are those obtained from our most accurate simulation (scale s = 4.0 and rate r = 0.158 ). We show the exact value of this energy, obtained with exact diagonalization [ 7 ] , for reference.
2505.20406	4	-0.55519	0.00004	Projected mean field ansatz [ 28 ]	E / N	L=6		Table 5: Estimates of the ground-state energy per spin for the TLAHM on an L = 6 lattice with periodic boundary conditions. This list summarizes variational results from the references discussed in the introduction, which considered the same geometry. Our results, which are shown in bold in this table, are those obtained from our most accurate simulation (scale s = 4.0 and rate r = 0.158 ). We show the exact value of this energy, obtained with exact diagonalization [ 7 ] , for reference.
2505.20406	4	-0.5562	0.0002	RNN wavefunction	E / N	L=6		Table 5: Estimates of the ground-state energy per spin for the TLAHM on an L = 6 lattice with periodic boundary conditions. This list summarizes variational results from the references discussed in the introduction, which considered the same geometry. Our results, which are shown in bold in this table, are those obtained from our most accurate simulation (scale s = 4.0 and rate r = 0.158 ). We show the exact value of this energy, obtained with exact diagonalization [ 7 ] , for reference.
2505.20406	4	-0.55922		Group Convolutional Neural Network [ 104 ]	E / N	L=6		Table 5: Estimates of the ground-state energy per spin for the TLAHM on an L = 6 lattice with periodic boundary conditions. This list summarizes variational results from the references discussed in the introduction, which considered the same geometry. Our results, which are shown in bold in this table, are those obtained from our most accurate simulation (scale s = 4.0 and rate r = 0.158 ). We show the exact value of this energy, obtained with exact diagonalization [ 7 ] , for reference.
2505.20406	4	-0.5601	0.0004	Lattice Convolutional Network [ 49 ]	E / N	L=6		Table 5: Estimates of the ground-state energy per spin for the TLAHM on an L = 6 lattice with periodic boundary conditions. This list summarizes variational results from the references discussed in the introduction, which considered the same geometry. Our results, which are shown in bold in this table, are those obtained from our most accurate simulation (scale s = 4.0 and rate r = 0.158 ). We show the exact value of this energy, obtained with exact diagonalization [ 7 ] , for reference.
2505.20406	4	-0.560313	0.000003	Group Convolutional Neural Network [ 32 ]	E / N	L=6		Table 5: Estimates of the ground-state energy per spin for the TLAHM on an L = 6 lattice with periodic boundary conditions. This list summarizes variational results from the references discussed in the introduction, which considered the same geometry. Our results, which are shown in bold in this table, are those obtained from our most accurate simulation (scale s = 4.0 and rate r = 0.158 ). We show the exact value of this energy, obtained with exact diagonalization [ 7 ] , for reference.
2505.20406	4	-0.5603734		Exact Diagonalization [ 7 ]	E / N	L=6		Table 5: Estimates of the ground-state energy per spin for the TLAHM on an L = 6 lattice with periodic boundary conditions. This list summarizes variational results from the references discussed in the introduction, which considered the same geometry. Our results, which are shown in bold in this table, are those obtained from our most accurate simulation (scale s = 4.0 and rate r = 0.158 ). We show the exact value of this energy, obtained with exact diagonalization [ 7 ] , for reference.
2505.20406	5	-0.5388		Spin-Wave Theory [ 13 ]	E ∞ / N			Table 6: Values for the energy per spin and the sublattice magnetization of the TLAHM in the thermodynamic limit from the literature. This list is not comprehensive; it summarizes some of the results discussed in the introduction and includes the state-of-the-art. Our results are shown in bold.
2505.20406	5	-0.5466		Spin-Wave Theory [ 14 ]	E ∞ / N			Table 6: Values for the energy per spin and the sublattice magnetization of the TLAHM in the thermodynamic limit from the literature. This list is not comprehensive; it summarizes some of the results discussed in the introduction and includes the state-of-the-art. Our results are shown in bold.
2505.20406	5	0.2497		Spin-Wave Theory [ 14 ]	M ∞			Table 6: Values for the energy per spin and the sublattice magnetization of the TLAHM in the thermodynamic limit from the literature. This list is not comprehensive; it summarizes some of the results discussed in the introduction and includes the state-of-the-art. Our results are shown in bold.
2505.20406	5	-0.5445		Exact Diagonalization [ 7 ]	E ∞ / N			Table 6: Values for the energy per spin and the sublattice magnetization of the TLAHM in the thermodynamic limit from the literature. This list is not comprehensive; it summarizes some of the results discussed in the introduction and includes the state-of-the-art. Our results are shown in bold.
2505.20406	5	-0.5475		Exact Diagonalization [ 5 ]	E ∞ / N			Table 6: Values for the energy per spin and the sublattice magnetization of the TLAHM in the thermodynamic limit from the literature. This list is not comprehensive; it summarizes some of the results discussed in the introduction and includes the state-of-the-art. Our results are shown in bold.
2505.20406	5	-0.5502	0.0004	Series expansion [ 20 ]	E ∞ / N			Table 6: Values for the energy per spin and the sublattice magnetization of the TLAHM in the thermodynamic limit from the literature. This list is not comprehensive; it summarizes some of the results discussed in the introduction and includes the state-of-the-art. Our results are shown in bold.
2505.20406	5	-0.5458	0.0001	QMC - Green’s function + SR [ 17 ]	E ∞ / N			Table 6: Values for the energy per spin and the sublattice magnetization of the TLAHM in the thermodynamic limit from the literature. This list is not comprehensive; it summarizes some of the results discussed in the introduction and includes the state-of-the-art. Our results are shown in bold.
2505.20406	5	-0.5367		VMC - Jastrow ansatz [ 11 ]	E ∞ / N			Table 6: Values for the energy per spin and the sublattice magnetization of the TLAHM in the thermodynamic limit from the literature. This list is not comprehensive; it summarizes some of the results discussed in the introduction and includes the state-of-the-art. Our results are shown in bold.
2505.20406	5	-0.5449	0.0002	VMC - projected mean field ansatz [ 28 ]	E ∞ / N			Table 6: Values for the energy per spin and the sublattice magnetization of the TLAHM in the thermodynamic limit from the literature. This list is not comprehensive; it summarizes some of the results discussed in the introduction and includes the state-of-the-art. Our results are shown in bold.
2505.20406	5	-0.545321	0.000007	VMC + Lanczos - projected ansatz [ 29 ]	E ∞ / N			Table 6: Values for the energy per spin and the sublattice magnetization of the TLAHM in the thermodynamic limit from the literature. This list is not comprehensive; it summarizes some of the results discussed in the introduction and includes the state-of-the-art. Our results are shown in bold.
2505.20406	5	-0.547	0.0001	VMC - projected mean field ansatz [ 26 ]	E ∞ / N			Table 6: Values for the energy per spin and the sublattice magnetization of the TLAHM in the thermodynamic limit from the literature. This list is not comprehensive; it summarizes some of the results discussed in the introduction and includes the state-of-the-art. Our results are shown in bold.
2505.20406	5	-0.5442		two-dimensional DMRG [ 22 ]	E ∞ / N			Table 6: Values for the energy per spin and the sublattice magnetization of the TLAHM in the thermodynamic limit from the literature. This list is not comprehensive; it summarizes some of the results discussed in the introduction and includes the state-of-the-art. Our results are shown in bold.
2505.20406	5	-0.5503	0.0008	DMRG (cylinders) [ 24 ]	E ∞ / N			Table 6: Values for the energy per spin and the sublattice magnetization of the TLAHM in the thermodynamic limit from the literature. This list is not comprehensive; it summarizes some of the results discussed in the introduction and includes the state-of-the-art. Our results are shown in bold.
2505.20406	5	-0.55161	0.00006	iPEPS [ 30 ]	E ∞ / N			Table 6: Values for the energy per spin and the sublattice magnetization of the TLAHM in the thermodynamic limit from the literature. This list is not comprehensive; it summarizes some of the results discussed in the introduction and includes the state-of-the-art. Our results are shown in bold.
2506.08329	1	-0.5037	0.0008	fMPS-GO	4	6x10,L=24	Hubbard	Table 2: Energy per site of pure fMPS and NN-fMPS for the Fermi-Hubbard model on an L = 24 one-dimensional chain at hole doping n h = 1 / 6 ( N e = 20 , N ↑ = N ↓ = 10 ). The DMRG reference energy per site is - 0.56309964 , obtained using pyBlock2 [ 72 ] with fMPS bond dimension 1000 and truncated weight d w = 1.6 × 10 - 10 .
2506.08329	1	-0.5348	0	fMPS-GO	6	6x10,L=24	Hubbard	Table 2: Energy per site of pure fMPS and NN-fMPS for the Fermi-Hubbard model on an L = 24 one-dimensional chain at hole doping n h = 1 / 6 ( N e = 20 , N ↑ = N ↓ = 10 ). The DMRG reference energy per site is - 0.56309964 , obtained using pyBlock2 [ 72 ] with fMPS bond dimension 1000 and truncated weight d w = 1.6 × 10 - 10 .
2506.08329	1	-0.547	0.0004	fMPS-GO	8	6x10,L=24	Hubbard	Table 2: Energy per site of pure fMPS and NN-fMPS for the Fermi-Hubbard model on an L = 24 one-dimensional chain at hole doping n h = 1 / 6 ( N e = 20 , N ↑ = N ↓ = 10 ). The DMRG reference energy per site is - 0.56309964 , obtained using pyBlock2 [ 72 ] with fMPS bond dimension 1000 and truncated weight d w = 1.6 × 10 - 10 .
2506.08329	2	-0.4174	0.0002	fPEPS-SU [ 19 ]	4	4x4	Hubbard	Table 3: Energy per site of pure fPEPS and NN-fPEPS for the Fermi-Hubbard model on a 4 × 4 square lattice at half-filling ( N e = 16 , N ↑ = N ↓ = 8 ). The DMRG reference energy per site is - 0.42552590 [ 19 ] . The pure NN model yields E NN = - 0.3290 , while the NN backflow baseline calculation gives E NN - SD ⁡ ( MLP ) = - 0.4157 and E NN - SD ⁡ ( ViT ) = - 0.4247 .
2506.08329	2	-0.4204	0.0006	fPEPS-SU [ 19 ]	6	4x4	Hubbard	Table 3: Energy per site of pure fPEPS and NN-fPEPS for the Fermi-Hubbard model on a 4 × 4 square lattice at half-filling ( N e = 16 , N ↑ = N ↓ = 8 ). The DMRG reference energy per site is - 0.42552590 [ 19 ] . The pure NN model yields E NN = - 0.3290 , while the NN backflow baseline calculation gives E NN - SD ⁡ ( MLP ) = - 0.4157 and E NN - SD ⁡ ( ViT ) = - 0.4247 .
2506.08329	2	-0.4238	0.0005	fPEPS-SU [ 19 ]	8	4x4	Hubbard	Table 3: Energy per site of pure fPEPS and NN-fPEPS for the Fermi-Hubbard model on a 4 × 4 square lattice at half-filling ( N e = 16 , N ↑ = N ↓ = 8 ). The DMRG reference energy per site is - 0.42552590 [ 19 ] . The pure NN model yields E NN = - 0.3290 , while the NN backflow baseline calculation gives E NN - SD ⁡ ( MLP ) = - 0.4157 and E NN - SD ⁡ ( ViT ) = - 0.4247 .
2506.08329	2	-0.4242	0.0005	fPEPS-SU [ 19 ]	14	4x4	Hubbard	Table 3: Energy per site of pure fPEPS and NN-fPEPS for the Fermi-Hubbard model on a 4 × 4 square lattice at half-filling ( N e = 16 , N ↑ = N ↓ = 8 ). The DMRG reference energy per site is - 0.42552590 [ 19 ] . The pure NN model yields E NN = - 0.3290 , while the NN backflow baseline calculation gives E NN - SD ⁡ ( MLP ) = - 0.4157 and E NN - SD ⁡ ( ViT ) = - 0.4247 .
2506.08329	2	-0.42115	0.00003	fPEPS-GO [ 19 ]	4	4x4	Hubbard	Table 3: Energy per site of pure fPEPS and NN-fPEPS for the Fermi-Hubbard model on a 4 × 4 square lattice at half-filling ( N e = 16 , N ↑ = N ↓ = 8 ). The DMRG reference energy per site is - 0.42552590 [ 19 ] . The pure NN model yields E NN = - 0.3290 , while the NN backflow baseline calculation gives E NN - SD ⁡ ( MLP ) = - 0.4157 and E NN - SD ⁡ ( ViT ) = - 0.4247 .
2506.08329	2	-0.42416	0.00007	fPEPS-GO [ 19 ]	6	4x4	Hubbard	Table 3: Energy per site of pure fPEPS and NN-fPEPS for the Fermi-Hubbard model on a 4 × 4 square lattice at half-filling ( N e = 16 , N ↑ = N ↓ = 8 ). The DMRG reference energy per site is - 0.42552590 [ 19 ] . The pure NN model yields E NN = - 0.3290 , while the NN backflow baseline calculation gives E NN - SD ⁡ ( MLP ) = - 0.4157 and E NN - SD ⁡ ( ViT ) = - 0.4247 .
2506.08329	2	-0.42508	0.00004	fPEPS-GO [ 19 ]	8	4x4	Hubbard	Table 3: Energy per site of pure fPEPS and NN-fPEPS for the Fermi-Hubbard model on a 4 × 4 square lattice at half-filling ( N e = 16 , N ↑ = N ↓ = 8 ). The DMRG reference energy per site is - 0.42552590 [ 19 ] . The pure NN model yields E NN = - 0.3290 , while the NN backflow baseline calculation gives E NN - SD ⁡ ( MLP ) = - 0.4157 and E NN - SD ⁡ ( ViT ) = - 0.4247 .
2506.08329	2	-0.425508	0.000005	fPEPS-GO [ 19 ]	14	4x4	Hubbard	Table 3: Energy per site of pure fPEPS and NN-fPEPS for the Fermi-Hubbard model on a 4 × 4 square lattice at half-filling ( N e = 16 , N ↑ = N ↓ = 8 ). The DMRG reference energy per site is - 0.42552590 [ 19 ] . The pure NN model yields E NN = - 0.3290 , while the NN backflow baseline calculation gives E NN - SD ⁡ ( MLP ) = - 0.4157 and E NN - SD ⁡ ( ViT ) = - 0.4247 .
2506.08329	3	-0.5497	0.0006	fPEPS-SU [ 19 ]	4	4x4	Hubbard	Table 4: Energy per site of pure fPEPS and NN-fPEPS for the Fermi-Hubbard model on a 4 × 4 square lattice at 1 / 8 hole doping ( N e = 14 , N ↑ = N ↓ = 7 ). The DMRG reference energy is - 0.63261830 [ 19 ] . The pure NN model yields E NN = - 0.5391 , while the NN backflow baseline calculation gives E NN - SD ⁡ ( MLP ) = - 0.6125 and E NN - SD ⁡ ( CNN ) = - 0.6288 .
2506.08329	3	-0.585	0.0004	fPEPS-SU [ 19 ]	6	4x4	Hubbard	Table 4: Energy per site of pure fPEPS and NN-fPEPS for the Fermi-Hubbard model on a 4 × 4 square lattice at 1 / 8 hole doping ( N e = 14 , N ↑ = N ↓ = 7 ). The DMRG reference energy is - 0.63261830 [ 19 ] . The pure NN model yields E NN = - 0.5391 , while the NN backflow baseline calculation gives E NN - SD ⁡ ( MLP ) = - 0.6125 and E NN - SD ⁡ ( CNN ) = - 0.6288 .
2506.08329	3	-0.6016	0.0003	fPEPS-SU [ 19 ]	8	4x4	Hubbard	Table 4: Energy per site of pure fPEPS and NN-fPEPS for the Fermi-Hubbard model on a 4 × 4 square lattice at 1 / 8 hole doping ( N e = 14 , N ↑ = N ↓ = 7 ). The DMRG reference energy is - 0.63261830 [ 19 ] . The pure NN model yields E NN = - 0.5391 , while the NN backflow baseline calculation gives E NN - SD ⁡ ( MLP ) = - 0.6125 and E NN - SD ⁡ ( CNN ) = - 0.6288 .
2506.08329	3	-0.6104	0.0004	fPEPS-SU [ 19 ]	10	4x4	Hubbard	Table 4: Energy per site of pure fPEPS and NN-fPEPS for the Fermi-Hubbard model on a 4 × 4 square lattice at 1 / 8 hole doping ( N e = 14 , N ↑ = N ↓ = 7 ). The DMRG reference energy is - 0.63261830 [ 19 ] . The pure NN model yields E NN = - 0.5391 , while the NN backflow baseline calculation gives E NN - SD ⁡ ( MLP ) = - 0.6125 and E NN - SD ⁡ ( CNN ) = - 0.6288 .
2506.08329	3	-0.6154	0.0004	fPEPS-SU [ 19 ]	14	4x4	Hubbard	Table 4: Energy per site of pure fPEPS and NN-fPEPS for the Fermi-Hubbard model on a 4 × 4 square lattice at 1 / 8 hole doping ( N e = 14 , N ↑ = N ↓ = 7 ). The DMRG reference energy is - 0.63261830 [ 19 ] . The pure NN model yields E NN = - 0.5391 , while the NN backflow baseline calculation gives E NN - SD ⁡ ( MLP ) = - 0.6125 and E NN - SD ⁡ ( CNN ) = - 0.6288 .
2506.08329	3	-0.5892	0.0002	fPEPS-GO [ 19 ]	4	4x4	Hubbard	Table 4: Energy per site of pure fPEPS and NN-fPEPS for the Fermi-Hubbard model on a 4 × 4 square lattice at 1 / 8 hole doping ( N e = 14 , N ↑ = N ↓ = 7 ). The DMRG reference energy is - 0.63261830 [ 19 ] . The pure NN model yields E NN = - 0.5391 , while the NN backflow baseline calculation gives E NN - SD ⁡ ( MLP ) = - 0.6125 and E NN - SD ⁡ ( CNN ) = - 0.6288 .
2506.08329	3	-0.61225	0.00007	fPEPS-GO [ 19 ]	6	4x4	Hubbard	Table 4: Energy per site of pure fPEPS and NN-fPEPS for the Fermi-Hubbard model on a 4 × 4 square lattice at 1 / 8 hole doping ( N e = 14 , N ↑ = N ↓ = 7 ). The DMRG reference energy is - 0.63261830 [ 19 ] . The pure NN model yields E NN = - 0.5391 , while the NN backflow baseline calculation gives E NN - SD ⁡ ( MLP ) = - 0.6125 and E NN - SD ⁡ ( CNN ) = - 0.6288 .
2506.08329	3	-0.62314	0.00006	fPEPS-GO [ 19 ]	8	4x4	Hubbard	Table 4: Energy per site of pure fPEPS and NN-fPEPS for the Fermi-Hubbard model on a 4 × 4 square lattice at 1 / 8 hole doping ( N e = 14 , N ↑ = N ↓ = 7 ). The DMRG reference energy is - 0.63261830 [ 19 ] . The pure NN model yields E NN = - 0.5391 , while the NN backflow baseline calculation gives E NN - SD ⁡ ( MLP ) = - 0.6125 and E NN - SD ⁡ ( CNN ) = - 0.6288 .
2506.08329	3	-0.62725	0.00004	fPEPS-GO [ 19 ]	10	4x4	Hubbard	Table 4: Energy per site of pure fPEPS and NN-fPEPS for the Fermi-Hubbard model on a 4 × 4 square lattice at 1 / 8 hole doping ( N e = 14 , N ↑ = N ↓ = 7 ). The DMRG reference energy is - 0.63261830 [ 19 ] . The pure NN model yields E NN = - 0.5391 , while the NN backflow baseline calculation gives E NN - SD ⁡ ( MLP ) = - 0.6125 and E NN - SD ⁡ ( CNN ) = - 0.6288 .
2506.08329	3	-0.63206	0.00001	fPEPS-GO [ 19 ]	14	4x4	Hubbard	Table 4: Energy per site of pure fPEPS and NN-fPEPS for the Fermi-Hubbard model on a 4 × 4 square lattice at 1 / 8 hole doping ( N e = 14 , N ↑ = N ↓ = 7 ). The DMRG reference energy is - 0.63261830 [ 19 ] . The pure NN model yields E NN = - 0.5391 , while the NN backflow baseline calculation gives E NN - SD ⁡ ( MLP ) = - 0.6125 and E NN - SD ⁡ ( CNN ) = - 0.6288 .
2506.08329	4	-0.5786	0.0004	fPEPS-SU [ 19 ]	4	6x6	Hubbard	Table 5: Energy per site of pure fPEPS and NN-fPEPS for the Fermi-Hubbard model on a 6 × 6 square lattice at 1 / 9 hole doping ( N e = 32 , N ↑ = N ↓ = 16 ). The DMRG reference energy per site is - 0.6573063 [ 19 ] .
2506.08329	4	-0.62	0.0006	fPEPS-SU [ 19 ]	6	6x6	Hubbard	Table 5: Energy per site of pure fPEPS and NN-fPEPS for the Fermi-Hubbard model on a 6 × 6 square lattice at 1 / 9 hole doping ( N e = 32 , N ↑ = N ↓ = 16 ). The DMRG reference energy per site is - 0.6573063 [ 19 ] .
2506.08329	4	-0.6312	0.0005	fPEPS-SU [ 19 ]	8	6x6	Hubbard	Table 5: Energy per site of pure fPEPS and NN-fPEPS for the Fermi-Hubbard model on a 6 × 6 square lattice at 1 / 9 hole doping ( N e = 32 , N ↑ = N ↓ = 16 ). The DMRG reference energy per site is - 0.6573063 [ 19 ] .
2506.08329	4	-0.647	0.0004	fPEPS-SU [ 19 ]	16	6x6	Hubbard	Table 5: Energy per site of pure fPEPS and NN-fPEPS for the Fermi-Hubbard model on a 6 × 6 square lattice at 1 / 9 hole doping ( N e = 32 , N ↑ = N ↓ = 16 ). The DMRG reference energy per site is - 0.6573063 [ 19 ] .
2506.08329	4	-0.6007	0.0007	fPEPS-GO [ 19 ]	4	6x6	Hubbard	Table 5: Energy per site of pure fPEPS and NN-fPEPS for the Fermi-Hubbard model on a 6 × 6 square lattice at 1 / 9 hole doping ( N e = 32 , N ↑ = N ↓ = 16 ). The DMRG reference energy per site is - 0.6573063 [ 19 ] .
2506.08329	4	-0.6309	0.0004	fPEPS-GO [ 19 ]	6	6x6	Hubbard	Table 5: Energy per site of pure fPEPS and NN-fPEPS for the Fermi-Hubbard model on a 6 × 6 square lattice at 1 / 9 hole doping ( N e = 32 , N ↑ = N ↓ = 16 ). The DMRG reference energy per site is - 0.6573063 [ 19 ] .
2506.08329	4	-0.6415	0.0006	fPEPS-GO [ 19 ]	8	6x6	Hubbard	Table 5: Energy per site of pure fPEPS and NN-fPEPS for the Fermi-Hubbard model on a 6 × 6 square lattice at 1 / 9 hole doping ( N e = 32 , N ↑ = N ↓ = 16 ). The DMRG reference energy per site is - 0.6573063 [ 19 ] .
2506.08329	4	-0.65327	0.00005	fPEPS-GO [ 19 ]	16	6x6	Hubbard	Table 5: Energy per site of pure fPEPS and NN-fPEPS for the Fermi-Hubbard model on a 6 × 6 square lattice at 1 / 9 hole doping ( N e = 32 , N ↑ = N ↓ = 16 ). The DMRG reference energy per site is - 0.6573063 [ 19 ] .
2506.08908	0	0.9092		+SkipVAR@0.88	SSIM			Table 1 : Quantitative comparison on the DrawBench dataset. Note that ToMe and SiTo use the default ratio of {0.5, 0.5, 0.5}, while FastVAR is reproduced by us using official settings.
2506.08908	0	0.3429		+SkipVAR@0.88	SSIM-HF			Table 1 : Quantitative comparison on the DrawBench dataset. Note that ToMe and SiTo use the default ratio of {0.5, 0.5, 0.5}, while FastVAR is reproduced by us using official settings.
2506.08908	0	0.0488		+SkipVAR@0.88	LPIPS			Table 1 : Quantitative comparison on the DrawBench dataset. Note that ToMe and SiTo use the default ratio of {0.5, 0.5, 0.5}, while FastVAR is reproduced by us using official settings.
2506.08908	0	0.1823		+SkipVAR@0.88	LPIPS-HF			Table 1 : Quantitative comparison on the DrawBench dataset. Note that ToMe and SiTo use the default ratio of {0.5, 0.5, 0.5}, while FastVAR is reproduced by us using official settings.
2506.08908	0	0.8924		+SkipVAR@0.86	SSIM			Table 1 : Quantitative comparison on the DrawBench dataset. Note that ToMe and SiTo use the default ratio of {0.5, 0.5, 0.5}, while FastVAR is reproduced by us using official settings.
2506.08908	0	0.31		+SkipVAR@0.86	SSIM-HF			Table 1 : Quantitative comparison on the DrawBench dataset. Note that ToMe and SiTo use the default ratio of {0.5, 0.5, 0.5}, while FastVAR is reproduced by us using official settings.
2506.08908	0	0.0577		+SkipVAR@0.86	LPIPS			Table 1 : Quantitative comparison on the DrawBench dataset. Note that ToMe and SiTo use the default ratio of {0.5, 0.5, 0.5}, while FastVAR is reproduced by us using official settings.
2506.08908	0	0.1925		+SkipVAR@0.86	LPIPS-HF			Table 1 : Quantitative comparison on the DrawBench dataset. Note that ToMe and SiTo use the default ratio of {0.5, 0.5, 0.5}, while FastVAR is reproduced by us using official settings.
2506.08908	0	0.8793		+SkipVAR@0.84	SSIM			Table 1 : Quantitative comparison on the DrawBench dataset. Note that ToMe and SiTo use the default ratio of {0.5, 0.5, 0.5}, while FastVAR is reproduced by us using official settings.
2506.08908	0	0.2881		+SkipVAR@0.84	SSIM-HF			Table 1 : Quantitative comparison on the DrawBench dataset. Note that ToMe and SiTo use the default ratio of {0.5, 0.5, 0.5}, while FastVAR is reproduced by us using official settings.
2506.08908	0	0.0646		+SkipVAR@0.84	LPIPS			Table 1 : Quantitative comparison on the DrawBench dataset. Note that ToMe and SiTo use the default ratio of {0.5, 0.5, 0.5}, while FastVAR is reproduced by us using official settings.
2506.08908	0	0.1997		+SkipVAR@0.84	LPIPS-HF			Table 1 : Quantitative comparison on the DrawBench dataset. Note that ToMe and SiTo use the default ratio of {0.5, 0.5, 0.5}, while FastVAR is reproduced by us using official settings.
2506.08908	0	0.8747		+SkipVAR@0.84_HFDiffOnly	SSIM			Table 1 : Quantitative comparison on the DrawBench dataset. Note that ToMe and SiTo use the default ratio of {0.5, 0.5, 0.5}, while FastVAR is reproduced by us using official settings.
2506.08908	0	0.2815		+SkipVAR@0.84_HFDiffOnly	SSIM-HF			Table 1 : Quantitative comparison on the DrawBench dataset. Note that ToMe and SiTo use the default ratio of {0.5, 0.5, 0.5}, while FastVAR is reproduced by us using official settings.
2506.08908	0	0.0671		+SkipVAR@0.84_HFDiffOnly	LPIPS			Table 1 : Quantitative comparison on the DrawBench dataset. Note that ToMe and SiTo use the default ratio of {0.5, 0.5, 0.5}, while FastVAR is reproduced by us using official settings.
2506.08908	0	0.2019		+SkipVAR@0.84_HFDiffOnly	LPIPS-HF			Table 1 : Quantitative comparison on the DrawBench dataset. Note that ToMe and SiTo use the default ratio of {0.5, 0.5, 0.5}, while FastVAR is reproduced by us using official settings.
2506.08908	0	0.8067		+ToMe@0.05_LastStepOnly	SSIM			Table 1 : Quantitative comparison on the DrawBench dataset. Note that ToMe and SiTo use the default ratio of {0.5, 0.5, 0.5}, while FastVAR is reproduced by us using official settings.
2506.08908	0	0.1913		+ToMe@0.05_LastStepOnly	SSIM-HF			Table 1 : Quantitative comparison on the DrawBench dataset. Note that ToMe and SiTo use the default ratio of {0.5, 0.5, 0.5}, while FastVAR is reproduced by us using official settings.
2506.08908	0	0.1043		+ToMe@0.05_LastStepOnly	LPIPS			Table 1 : Quantitative comparison on the DrawBench dataset. Note that ToMe and SiTo use the default ratio of {0.5, 0.5, 0.5}, while FastVAR is reproduced by us using official settings.
2506.08908	0	0.2376		+ToMe@0.05_LastStepOnly	LPIPS-HF			Table 1 : Quantitative comparison on the DrawBench dataset. Note that ToMe and SiTo use the default ratio of {0.5, 0.5, 0.5}, while FastVAR is reproduced by us using official settings.
2506.08908	0	0.6264		+ToMe	SSIM			Table 1 : Quantitative comparison on the DrawBench dataset. Note that ToMe and SiTo use the default ratio of {0.5, 0.5, 0.5}, while FastVAR is reproduced by us using official settings.
2506.08908	0	0.1111		+ToMe	SSIM-HF			Table 1 : Quantitative comparison on the DrawBench dataset. Note that ToMe and SiTo use the default ratio of {0.5, 0.5, 0.5}, while FastVAR is reproduced by us using official settings.
2506.08908	0	0.352		+ToMe	LPIPS			Table 1 : Quantitative comparison on the DrawBench dataset. Note that ToMe and SiTo use the default ratio of {0.5, 0.5, 0.5}, while FastVAR is reproduced by us using official settings.
2506.08908	0	0.4133		+ToMe	LPIPS-HF			Table 1 : Quantitative comparison on the DrawBench dataset. Note that ToMe and SiTo use the default ratio of {0.5, 0.5, 0.5}, while FastVAR is reproduced by us using official settings.
2506.08908	0	0.7927		+SiTo@0.05_LastStepOnly	SSIM			Table 1 : Quantitative comparison on the DrawBench dataset. Note that ToMe and SiTo use the default ratio of {0.5, 0.5, 0.5}, while FastVAR is reproduced by us using official settings.
2506.08908	0	0.1816		+SiTo@0.05_LastStepOnly	SSIM-HF			Table 1 : Quantitative comparison on the DrawBench dataset. Note that ToMe and SiTo use the default ratio of {0.5, 0.5, 0.5}, while FastVAR is reproduced by us using official settings.
2506.08908	0	0.1092		+SiTo@0.05_LastStepOnly	LPIPS			Table 1 : Quantitative comparison on the DrawBench dataset. Note that ToMe and SiTo use the default ratio of {0.5, 0.5, 0.5}, while FastVAR is reproduced by us using official settings.
2506.08908	0	0.2412		+SiTo@0.05_LastStepOnly	LPIPS-HF			Table 1 : Quantitative comparison on the DrawBench dataset. Note that ToMe and SiTo use the default ratio of {0.5, 0.5, 0.5}, while FastVAR is reproduced by us using official settings.
2506.08908	0	0.6487		+SiTo	SSIM			Table 1 : Quantitative comparison on the DrawBench dataset. Note that ToMe and SiTo use the default ratio of {0.5, 0.5, 0.5}, while FastVAR is reproduced by us using official settings.
2506.08908	0	0.1168		+SiTo	SSIM-HF			Table 1 : Quantitative comparison on the DrawBench dataset. Note that ToMe and SiTo use the default ratio of {0.5, 0.5, 0.5}, while FastVAR is reproduced by us using official settings.
2506.08908	0	0.2874		+SiTo	LPIPS			Table 1 : Quantitative comparison on the DrawBench dataset. Note that ToMe and SiTo use the default ratio of {0.5, 0.5, 0.5}, while FastVAR is reproduced by us using official settings.
2506.08908	0	0.367		+SiTo	LPIPS-HF			Table 1 : Quantitative comparison on the DrawBench dataset. Note that ToMe and SiTo use the default ratio of {0.5, 0.5, 0.5}, while FastVAR is reproduced by us using official settings.
2506.08908	0	0.8142		+FastVAR@0.05_LastStepOnly	SSIM			Table 1 : Quantitative comparison on the DrawBench dataset. Note that ToMe and SiTo use the default ratio of {0.5, 0.5, 0.5}, while FastVAR is reproduced by us using official settings.
2506.08908	0	0.1964		+FastVAR@0.05_LastStepOnly	SSIM-HF			Table 1 : Quantitative comparison on the DrawBench dataset. Note that ToMe and SiTo use the default ratio of {0.5, 0.5, 0.5}, while FastVAR is reproduced by us using official settings.
2506.08908	0	0.0977		+FastVAR@0.05_LastStepOnly	LPIPS			Table 1 : Quantitative comparison on the DrawBench dataset. Note that ToMe and SiTo use the default ratio of {0.5, 0.5, 0.5}, while FastVAR is reproduced by us using official settings.
2506.08908	0	0.233		+FastVAR@0.05_LastStepOnly	LPIPS-HF			Table 1 : Quantitative comparison on the DrawBench dataset. Note that ToMe and SiTo use the default ratio of {0.5, 0.5, 0.5}, while FastVAR is reproduced by us using official settings.
2506.08908	0	0.6919		+FastVAR	SSIM			Table 1 : Quantitative comparison on the DrawBench dataset. Note that ToMe and SiTo use the default ratio of {0.5, 0.5, 0.5}, while FastVAR is reproduced by us using official settings.
2506.08908	0	0.127		+FastVAR	SSIM-HF			Table 1 : Quantitative comparison on the DrawBench dataset. Note that ToMe and SiTo use the default ratio of {0.5, 0.5, 0.5}, while FastVAR is reproduced by us using official settings.
2506.08908	0	0.2042		+FastVAR	LPIPS			Table 1 : Quantitative comparison on the DrawBench dataset. Note that ToMe and SiTo use the default ratio of {0.5, 0.5, 0.5}, while FastVAR is reproduced by us using official settings.
2506.08908	0	0.3092		+FastVAR	LPIPS-HF			Table 1 : Quantitative comparison on the DrawBench dataset. Note that ToMe and SiTo use the default ratio of {0.5, 0.5, 0.5}, while FastVAR is reproduced by us using official settings.
2506.08908	0	0.7915		+SkipVAR-hybrid (w/o DM)	SSIM			Table 1 : Quantitative comparison on the DrawBench dataset. Note that ToMe and SiTo use the default ratio of {0.5, 0.5, 0.5}, while FastVAR is reproduced by us using official settings.
2506.08908	0	0.1829		+SkipVAR-hybrid (w/o DM)	SSIM-HF			Table 1 : Quantitative comparison on the DrawBench dataset. Note that ToMe and SiTo use the default ratio of {0.5, 0.5, 0.5}, while FastVAR is reproduced by us using official settings.
2506.08908	0	0.1075		+SkipVAR-hybrid (w/o DM)	LPIPS			Table 1 : Quantitative comparison on the DrawBench dataset. Note that ToMe and SiTo use the default ratio of {0.5, 0.5, 0.5}, while FastVAR is reproduced by us using official settings.
2506.08908	0	0.2385		+SkipVAR-hybrid (w/o DM)	LPIPS-HF			Table 1 : Quantitative comparison on the DrawBench dataset. Note that ToMe and SiTo use the default ratio of {0.5, 0.5, 0.5}, while FastVAR is reproduced by us using official settings.
2506.08908	1	0.8618		Infinity	IRwd			Table 2 : Evaluation on different datasets. Gray: DrawBench , Orange: Paintings , Cyan: Photo .
2506.08908	1	0.2702		Infinity	Clip			Table 2 : Evaluation on different datasets. Gray: DrawBench , Orange: Paintings , Cyan: Photo .
2506.08908	1	0.8688		+SkipVAR@0.88	IRwd			Table 2 : Evaluation on different datasets. Gray: DrawBench , Orange: Paintings , Cyan: Photo .
2506.08908	1	0.2701		+SkipVAR@0.88	Clip			Table 2 : Evaluation on different datasets. Gray: DrawBench , Orange: Paintings , Cyan: Photo .
2506.08908	1	0.857		+SkipVAR@0.86	IRwd			Table 2 : Evaluation on different datasets. Gray: DrawBench , Orange: Paintings , Cyan: Photo .
2506.08908	1	0.2705		+SkipVAR@0.86	Clip			Table 2 : Evaluation on different datasets. Gray: DrawBench , Orange: Paintings , Cyan: Photo .
2506.08908	1	0.8575		+SkipVAR@0.84	IRwd			Table 2 : Evaluation on different datasets. Gray: DrawBench , Orange: Paintings , Cyan: Photo .
2506.08908	1	0.2704		+SkipVAR@0.84	Clip			Table 2 : Evaluation on different datasets. Gray: DrawBench , Orange: Paintings , Cyan: Photo .
2506.08908	1	1.2767		Infinity	IRwd			Table 2 : Evaluation on different datasets. Gray: DrawBench , Orange: Paintings , Cyan: Photo .
2506.08908	1	0.2746		Infinity	Clip			Table 2 : Evaluation on different datasets. Gray: DrawBench , Orange: Paintings , Cyan: Photo .
2506.08908	1	1.2742		+SkipVAR@0.84	IRwd			Table 2 : Evaluation on different datasets. Gray: DrawBench , Orange: Paintings , Cyan: Photo .
2506.08908	1	0.2745		+SkipVAR@0.84	Clip			Table 2 : Evaluation on different datasets. Gray: DrawBench , Orange: Paintings , Cyan: Photo .
2506.08908	1	0.9991		Infinity	IRwd			Table 2 : Evaluation on different datasets. Gray: DrawBench , Orange: Paintings , Cyan: Photo .
2506.08908	1	0.2618		Infinity	Clip			Table 2 : Evaluation on different datasets. Gray: DrawBench , Orange: Paintings , Cyan: Photo .
2506.08908	1	0.9876		+SkipVAR@0.88	IRwd			Table 2 : Evaluation on different datasets. Gray: DrawBench , Orange: Paintings , Cyan: Photo .
2506.08908	1	0.2621		+SkipVAR@0.88	Clip			Table 2 : Evaluation on different datasets. Gray: DrawBench , Orange: Paintings , Cyan: Photo .
2506.08908	1	0.9854		+SkipVAR@0.84	IRwd			Table 2 : Evaluation on different datasets. Gray: DrawBench , Orange: Paintings , Cyan: Photo .
2506.08908	1	0.2625		+SkipVAR@0.84	Clip			Table 2 : Evaluation on different datasets. Gray: DrawBench , Orange: Paintings , Cyan: Photo .
2506.08908	5	0.8675		Food	SSIM			Table 5 : Generation quality on MJHQ30K
2506.08908	5	0.078		Food	LPIPS			Table 5 : Generation quality on MJHQ30K
2506.08908	5	0.8713		Fashion	SSIM			Table 5 : Generation quality on MJHQ30K
2506.08908	5	0.0765		Fashion	LPIPS			Table 5 : Generation quality on MJHQ30K
2506.08908	5	0.869		Plants	SSIM			Table 5 : Generation quality on MJHQ30K
2506.08908	5	0.0649		Plants	LPIPS			Table 5 : Generation quality on MJHQ30K
2506.08908	5	0.8663		Art	SSIM			Table 5 : Generation quality on MJHQ30K
2506.08908	5	0.0704		Art	LPIPS			Table 5 : Generation quality on MJHQ30K
2506.08908	6	0.0406		+SkipVAR@0.88_via_2B	LPIPS			Table 6 : Quantitative Results on DrawBench using SkipVAR decision models trained on 2B, applied to Infinity-8B.
2506.08908	6	0.3885		+SkipVAR@0.88_via_2B	SSIM-HF			Table 6 : Quantitative Results on DrawBench using SkipVAR decision models trained on 2B, applied to Infinity-8B.
2506.08908	6	0.1765		+SkipVAR@0.88_via_2B	LPIPS-HF			Table 6 : Quantitative Results on DrawBench using SkipVAR decision models trained on 2B, applied to Infinity-8B.
2506.08908	6	0.8795		+SkipVAR@0.86_via_2B	SSIM			Table 6 : Quantitative Results on DrawBench using SkipVAR decision models trained on 2B, applied to Infinity-8B.
2506.08908	6	0.0476		+SkipVAR@0.86_via_2B	LPIPS			Table 6 : Quantitative Results on DrawBench using SkipVAR decision models trained on 2B, applied to Infinity-8B.
2506.08908	6	0.3472		+SkipVAR@0.86_via_2B	SSIM-HF			Table 6 : Quantitative Results on DrawBench using SkipVAR decision models trained on 2B, applied to Infinity-8B.
2506.08908	6	0.1857		+SkipVAR@0.86_via_2B	LPIPS-HF			Table 6 : Quantitative Results on DrawBench using SkipVAR decision models trained on 2B, applied to Infinity-8B.
2506.08908	6	0.8592		+SkipVAR@0.84_via_2B	SSIM			Table 6 : Quantitative Results on DrawBench using SkipVAR decision models trained on 2B, applied to Infinity-8B.
2506.08908	6	0.0549		+SkipVAR@0.84_via_2B	LPIPS			Table 6 : Quantitative Results on DrawBench using SkipVAR decision models trained on 2B, applied to Infinity-8B.
2506.08908	6	0.3121		+SkipVAR@0.84_via_2B	SSIM-HF			Table 6 : Quantitative Results on DrawBench using SkipVAR decision models trained on 2B, applied to Infinity-8B.
2506.08908	6	0.1955		+SkipVAR@0.84_via_2B	LPIPS-HF			Table 6 : Quantitative Results on DrawBench using SkipVAR decision models trained on 2B, applied to Infinity-8B.
2506.08908	7	0.8412		SR-12	SSIM ↑			Table 7 : Comparison of Super-Resolution (SR) and direct skipping for late steps in VAR model
2506.08908	7	0.1405		SR-12	LPIPS ↓			Table 7 : Comparison of Super-Resolution (SR) and direct skipping for late steps in VAR model
2506.08908	7	0.2128		SR-12	SSIM - high ↑			Table 7 : Comparison of Super-Resolution (SR) and direct skipping for late steps in VAR model
2506.08908	7	0.3055		SR-12	LPIPS - high ↓			Table 7 : Comparison of Super-Resolution (SR) and direct skipping for late steps in VAR model
2506.08908	7	0.8621		Skip-12	SSIM ↑			Table 7 : Comparison of Super-Resolution (SR) and direct skipping for late steps in VAR model
2506.08908	7	0.0632		Skip-12	LPIPS ↓			Table 7 : Comparison of Super-Resolution (SR) and direct skipping for late steps in VAR model
2506.08908	7	0.2596		Skip-12	SSIM - high ↑			Table 7 : Comparison of Super-Resolution (SR) and direct skipping for late steps in VAR model
2506.08908	7	0.2011		Skip-12	LPIPS - high ↓			Table 7 : Comparison of Super-Resolution (SR) and direct skipping for late steps in VAR model
2506.08908	7	0.8078		SR-11-12	SSIM ↑			Table 7 : Comparison of Super-Resolution (SR) and direct skipping for late steps in VAR model
2506.08908	7	0.1576		SR-11-12	LPIPS ↓			Table 7 : Comparison of Super-Resolution (SR) and direct skipping for late steps in VAR model
2506.08908	7	0.1841		SR-11-12	SSIM - high ↑			Table 7 : Comparison of Super-Resolution (SR) and direct skipping for late steps in VAR model
2506.08908	7	0.3189		SR-11-12	LPIPS - high ↓			Table 7 : Comparison of Super-Resolution (SR) and direct skipping for late steps in VAR model
2506.08908	7	0.8218		Skip-11-12	SSIM ↑			Table 7 : Comparison of Super-Resolution (SR) and direct skipping for late steps in VAR model
2506.08908	7	0.0875		Skip-11-12	LPIPS ↓			Table 7 : Comparison of Super-Resolution (SR) and direct skipping for late steps in VAR model
2506.08908	7	0.2099		Skip-11-12	SSIM - high ↑			Table 7 : Comparison of Super-Resolution (SR) and direct skipping for late steps in VAR model
2506.08908	7	0.2233		Skip-11-12	LPIPS - high ↓			Table 7 : Comparison of Super-Resolution (SR) and direct skipping for late steps in VAR model
2506.08908	7	0.7712		SR-10-12	SSIM ↑			Table 7 : Comparison of Super-Resolution (SR) and direct skipping for late steps in VAR model
2506.08908	7	0.1797		SR-10-12	LPIPS ↓			Table 7 : Comparison of Super-Resolution (SR) and direct skipping for late steps in VAR model
2506.08908	7	0.1599		SR-10-12	SSIM - high ↑			Table 7 : Comparison of Super-Resolution (SR) and direct skipping for late steps in VAR model
2506.08908	7	0.3347		SR-10-12	LPIPS - high ↓			Table 7 : Comparison of Super-Resolution (SR) and direct skipping for late steps in VAR model
2506.08908	7	0.7802		Skip-10-12	SSIM ↑			Table 7 : Comparison of Super-Resolution (SR) and direct skipping for late steps in VAR model
2506.08908	7	0.1172		Skip-10-12	LPIPS ↓			Table 7 : Comparison of Super-Resolution (SR) and direct skipping for late steps in VAR model
2506.08908	7	0.1726		Skip-10-12	SSIM - high ↑			Table 7 : Comparison of Super-Resolution (SR) and direct skipping for late steps in VAR model
2506.08908	7	0.2467		Skip-10-12	LPIPS - high ↓			Table 7 : Comparison of Super-Resolution (SR) and direct skipping for late steps in VAR model
2506.12391	0	-17.59609		1	REM			Table 1 : The noise amplified data in Figure 7 , comparing estimates obtained with and without Symmetry Verification (SV) applied on top of Readout Error Mitigation (REM).
2506.12391	0	0.07113		1	REM+SV			Table 1 : The noise amplified data in Figure 7 , comparing estimates obtained with and without Symmetry Verification (SV) applied on top of Readout Error Mitigation (REM).
2506.12391	0	-17.99325		1				Table 1 : The noise amplified data in Figure 7 , comparing estimates obtained with and without Symmetry Verification (SV) applied on top of Readout Error Mitigation (REM).
2506.12391	0	0.00266		1				Table 1 : The noise amplified data in Figure 7 , comparing estimates obtained with and without Symmetry Verification (SV) applied on top of Readout Error Mitigation (REM).
2506.12391	0	-17.40111		2	REM			Table 1 : The noise amplified data in Figure 7 , comparing estimates obtained with and without Symmetry Verification (SV) applied on top of Readout Error Mitigation (REM).
2506.12391	0	0.06654		2	REM+SV			Table 1 : The noise amplified data in Figure 7 , comparing estimates obtained with and without Symmetry Verification (SV) applied on top of Readout Error Mitigation (REM).
2506.12391	0	-17.98822		2				Table 1 : The noise amplified data in Figure 7 , comparing estimates obtained with and without Symmetry Verification (SV) applied on top of Readout Error Mitigation (REM).
2506.12391	0	0.00368		2				Table 1 : The noise amplified data in Figure 7 , comparing estimates obtained with and without Symmetry Verification (SV) applied on top of Readout Error Mitigation (REM).
2506.12391	0	-17.13956		3	REM			Table 1 : The noise amplified data in Figure 7 , comparing estimates obtained with and without Symmetry Verification (SV) applied on top of Readout Error Mitigation (REM).
2506.12391	0	0.08612		3	REM+SV			Table 1 : The noise amplified data in Figure 7 , comparing estimates obtained with and without Symmetry Verification (SV) applied on top of Readout Error Mitigation (REM).
2506.12391	0	-17.97595		3				Table 1 : The noise amplified data in Figure 7 , comparing estimates obtained with and without Symmetry Verification (SV) applied on top of Readout Error Mitigation (REM).
2506.12391	0	0.00551		3				Table 1 : The noise amplified data in Figure 7 , comparing estimates obtained with and without Symmetry Verification (SV) applied on top of Readout Error Mitigation (REM).
2506.12391	0	-16.88709		4	REM			Table 1 : The noise amplified data in Figure 7 , comparing estimates obtained with and without Symmetry Verification (SV) applied on top of Readout Error Mitigation (REM).
2506.12391	0	0.10957		4	REM+SV			Table 1 : The noise amplified data in Figure 7 , comparing estimates obtained with and without Symmetry Verification (SV) applied on top of Readout Error Mitigation (REM).
2506.12391	0	-17.95655		4				Table 1 : The noise amplified data in Figure 7 , comparing estimates obtained with and without Symmetry Verification (SV) applied on top of Readout Error Mitigation (REM).
2506.12391	0	0.00924		4				Table 1 : The noise amplified data in Figure 7 , comparing estimates obtained with and without Symmetry Verification (SV) applied on top of Readout Error Mitigation (REM).
2507.02644	0	-0.5262	0.0005	AFQMC	8 × 8	8x8	Hubbard	Table S1 : Benchmark energy in pure Hubbard model at half-filling with PBC. NQS achieve comparable results with the numerically exact AFQMC values [ 47 ] .
2507.02644	0	-0.5254	0.0003	AFQMC	10 × 10	10x10	Hubbard	Table S1 : Benchmark energy in pure Hubbard model at half-filling with PBC. NQS achieve comparable results with the numerically exact AFQMC values [ 47 ] .
2507.02644	0	-0.5246	0.0001	AFQMC	12 × 12	12x12	Hubbard	Table S1 : Benchmark energy in pure Hubbard model at half-filling with PBC. NQS achieve comparable results with the numerically exact AFQMC values [ 47 ] .
2507.02644	0	-0.52582		NQS	8 × 8	8x8	Hubbard	Table S1 : Benchmark energy in pure Hubbard model at half-filling with PBC. NQS achieve comparable results with the numerically exact AFQMC values [ 47 ] .
2507.02644	0	-0.52492		NQS	10 × 10	10x10	Hubbard	Table S1 : Benchmark energy in pure Hubbard model at half-filling with PBC. NQS achieve comparable results with the numerically exact AFQMC values [ 47 ] .
2507.02644	0	-0.5244		NQS	12 × 12	12x12	Hubbard	Table S1 : Benchmark energy in pure Hubbard model at half-filling with PBC. NQS achieve comparable results with the numerically exact AFQMC values [ 47 ] .
2507.02644	1	-0.68537		DMRG	16 × 4	16x4	Hubbard	Table S2 : Benchmark energy in pure Hubbard model with OBC. NQS achieve new state-of-the-art results by surpassing PEPS.
2507.02644	1	-0.7055		DMRG	16 × 6	16x6	Hubbard	Table S2 : Benchmark energy in pure Hubbard model with OBC. NQS achieve new state-of-the-art results by surpassing PEPS.
2507.02644	1	-0.6984		DMRG	8 × 8	8x8	Hubbard	Table S2 : Benchmark energy in pure Hubbard model with OBC. NQS achieve new state-of-the-art results by surpassing PEPS.
2507.02644	1	-0.7125		DMRG	16 × 8	16x8	Hubbard	Table S2 : Benchmark energy in pure Hubbard model with OBC. NQS achieve new state-of-the-art results by surpassing PEPS.
2507.02644	1	-0.68304	0.00005	PEPS	16 × 4	16x4	Hubbard	Table S2 : Benchmark energy in pure Hubbard model with OBC. NQS achieve new state-of-the-art results by surpassing PEPS.
2507.02644	1	-0.7008	0.0002	PEPS	16 × 6	16x6	Hubbard	Table S2 : Benchmark energy in pure Hubbard model with OBC. NQS achieve new state-of-the-art results by surpassing PEPS.
2507.02644	1	-0.69928	0.00003	PEPS	8 × 8	8x8	Hubbard	Table S2 : Benchmark energy in pure Hubbard model with OBC. NQS achieve new state-of-the-art results by surpassing PEPS.
2507.02644	1	-0.7122	0.0003	PEPS	16 × 8	16x8	Hubbard	Table S2 : Benchmark energy in pure Hubbard model with OBC. NQS achieve new state-of-the-art results by surpassing PEPS.
2507.02644	1	-0.7202	0.0002	PEPS	16 × 12	16x12	Hubbard	Table S2 : Benchmark energy in pure Hubbard model with OBC. NQS achieve new state-of-the-art results by surpassing PEPS.
2507.02644	1	-0.726	0.0002	PEPS	16 × 16	16x16	Hubbard	Table S2 : Benchmark energy in pure Hubbard model with OBC. NQS achieve new state-of-the-art results by surpassing PEPS.
2507.02644	1	-0.68325		NQS	16 × 4	16x4	Hubbard	Table S2 : Benchmark energy in pure Hubbard model with OBC. NQS achieve new state-of-the-art results by surpassing PEPS.
2507.02644	1	-0.70307		NQS	16 × 6	16x6	Hubbard	Table S2 : Benchmark energy in pure Hubbard model with OBC. NQS achieve new state-of-the-art results by surpassing PEPS.
2507.02644	1	-0.69952		NQS	8 × 8	8x8	Hubbard	Table S2 : Benchmark energy in pure Hubbard model with OBC. NQS achieve new state-of-the-art results by surpassing PEPS.
2507.02644	1	-0.71309		NQS	16 × 8	16x8	Hubbard	Table S2 : Benchmark energy in pure Hubbard model with OBC. NQS achieve new state-of-the-art results by surpassing PEPS.
2507.02644	1	-0.72212		NQS	16 × 12	16x12	Hubbard	Table S2 : Benchmark energy in pure Hubbard model with OBC. NQS achieve new state-of-the-art results by surpassing PEPS.
2507.02644	1	-0.72747		NQS	16 × 16	16x16	Hubbard	Table S2 : Benchmark energy in pure Hubbard model with OBC. NQS achieve new state-of-the-art results by surpassing PEPS.
2507.02644	1	-0.52499		Hartree-Fock	16 × 4	16x4	Hubbard	Table S2 : Benchmark energy in pure Hubbard model with OBC. NQS achieve new state-of-the-art results by surpassing PEPS.
2507.02644	1	-0.54269		Hartree-Fock	16 × 6	16x6	Hubbard	Table S2 : Benchmark energy in pure Hubbard model with OBC. NQS achieve new state-of-the-art results by surpassing PEPS.
2507.02644	1	-0.53874		Hartree-Fock	8 × 8	8x8	Hubbard	Table S2 : Benchmark energy in pure Hubbard model with OBC. NQS achieve new state-of-the-art results by surpassing PEPS.
2507.02644	1	-0.55335		Hartree-Fock	16 × 8	16x8	Hubbard	Table S2 : Benchmark energy in pure Hubbard model with OBC. NQS achieve new state-of-the-art results by surpassing PEPS.
2507.02644	1	-0.5625		Hartree-Fock	16 × 12	16x12	Hubbard	Table S2 : Benchmark energy in pure Hubbard model with OBC. NQS achieve new state-of-the-art results by surpassing PEPS.
2507.02644	1	-0.56716		Hartree-Fock	16 × 16	16x16	Hubbard	Table S2 : Benchmark energy in pure Hubbard model with OBC. NQS achieve new state-of-the-art results by surpassing PEPS.
2507.10705	1	-1.223808595		4	E ED / N site	4x4		Table 2: Raw data of Fig. 4 in the 4 × 4 lattice with particle density n = 5 / 8 .
2507.10705	1	-1.223807	0.000007	4	E / N site	4x4		Table 2: Raw data of Fig. 4 in the 4 × 4 lattice with particle density n = 5 / 8 .
2507.10705	1	-1.147397817		6	E ED / N site	4x4		Table 2: Raw data of Fig. 4 in the 4 × 4 lattice with particle density n = 5 / 8 .
2507.10705	1	-1.147396	0.000007	6	E / N site	4x4		Table 2: Raw data of Fig. 4 in the 4 × 4 lattice with particle density n = 5 / 8 .
2507.10705	1	-1.094397918		8	E ED / N site	4x4		Table 2: Raw data of Fig. 4 in the 4 × 4 lattice with particle density n = 5 / 8 .
2507.10705	1	-1.094396	0.000004	8	E / N site	4x4		Table 2: Raw data of Fig. 4 in the 4 × 4 lattice with particle density n = 5 / 8 .
2507.10705	1	-1.056472499		10	E ED / N site	4x4		Table 2: Raw data of Fig. 4 in the 4 × 4 lattice with particle density n = 5 / 8 .
2507.10705	1	-1.056468	0.000009	10	E / N site	4x4		Table 2: Raw data of Fig. 4 in the 4 × 4 lattice with particle density n = 5 / 8 .
2507.10705	2	-2.8603	0.0008	-4	E AFQMC / N site	8x8		Table 3: Raw data of Fig. 6 in the 8 × 8 lattice at half filling. The HFPS data shown here is the one with sublattices.
2507.10705	2	-2.859578		-4	E / N site	8x8		Table 3: Raw data of Fig. 6 in the 8 × 8 lattice at half filling. The HFPS data shown here is the one with sublattices.
2507.10705	2	-4.5258	0.0009	-8	E AFQMC / N site	8x8		Table 3: Raw data of Fig. 6 in the 8 × 8 lattice at half filling. The HFPS data shown here is the one with sublattices.
2507.10705	2	-4.525834		-8	E / N site	8x8		Table 3: Raw data of Fig. 6 in the 8 × 8 lattice at half filling. The HFPS data shown here is the one with sublattices.
2507.10705	3	-0.74177	0.00005	4 × 4	E / N site	4x4		Table 4: Raw data of Fig. 7 in the L × 4 lattice with 1/8 doping and U = 8 . Training time is listed in hours on NVIDIA H100 80GB GPUs.
2507.10705	3	-0.7669	0.00001	8 × 4	E / N site	8x4		Table 4: Raw data of Fig. 7 in the L × 4 lattice with 1/8 doping and U = 8 . Training time is listed in hours on NVIDIA H100 80GB GPUs.
2507.10705	3	0.01632		8 × 4	σ 2 / N site	8x4		Table 4: Raw data of Fig. 7 in the L × 4 lattice with 1/8 doping and U = 8 . Training time is listed in hours on NVIDIA H100 80GB GPUs.
2507.10705	3	-0.76608	0.00001	12 × 4	E / N site	12x4		Table 4: Raw data of Fig. 7 in the L × 4 lattice with 1/8 doping and U = 8 . Training time is listed in hours on NVIDIA H100 80GB GPUs.
2507.10705	3	0.028784		12 × 4	σ 2 / N site	12x4		Table 4: Raw data of Fig. 7 in the L × 4 lattice with 1/8 doping and U = 8 . Training time is listed in hours on NVIDIA H100 80GB GPUs.
2507.10705	3	-0.76413	0.00003	16 × 4	E / N site	16x4		Table 4: Raw data of Fig. 7 in the L × 4 lattice with 1/8 doping and U = 8 . Training time is listed in hours on NVIDIA H100 80GB GPUs.
2507.10705	3	0.031283		16 × 4	σ 2 / N site	16x4		Table 4: Raw data of Fig. 7 in the L × 4 lattice with 1/8 doping and U = 8 . Training time is listed in hours on NVIDIA H100 80GB GPUs.
2508.19248	1	0.00072	0.00007	Sn (16c)				Table S1: Refined atomic positions and anisotropic displacement parameters. Atomic positions and anisotropic displacement parameters for pulverized single-crystal Pr 2 Sn 2 O 7 , determined from neutron powder diffraction data collected on NOMAD and neutron PDF analysis under the assumption of full stoichiometry.
2508.19248	1	0.00072	0.00007	Sn (16c)				Table S1: Refined atomic positions and anisotropic displacement parameters. Atomic positions and anisotropic displacement parameters for pulverized single-crystal Pr 2 Sn 2 O 7 , determined from neutron powder diffraction data collected on NOMAD and neutron PDF analysis under the assumption of full stoichiometry.
2508.19248	1	0.00072	0.00007	Sn (16c)				Table S1: Refined atomic positions and anisotropic displacement parameters. Atomic positions and anisotropic displacement parameters for pulverized single-crystal Pr 2 Sn 2 O 7 , determined from neutron powder diffraction data collected on NOMAD and neutron PDF analysis under the assumption of full stoichiometry.
2508.19248	1	0.00005	0.00007	Sn (16c)				Table S1: Refined atomic positions and anisotropic displacement parameters. Atomic positions and anisotropic displacement parameters for pulverized single-crystal Pr 2 Sn 2 O 7 , determined from neutron powder diffraction data collected on NOMAD and neutron PDF analysis under the assumption of full stoichiometry.
2508.19248	1	0.00005	0.00007	Sn (16c)				Table S1: Refined atomic positions and anisotropic displacement parameters. Atomic positions and anisotropic displacement parameters for pulverized single-crystal Pr 2 Sn 2 O 7 , determined from neutron powder diffraction data collected on NOMAD and neutron PDF analysis under the assumption of full stoichiometry.
2508.19248	1	0.00005	0.00007	Sn (16c)				Table S1: Refined atomic positions and anisotropic displacement parameters. Atomic positions and anisotropic displacement parameters for pulverized single-crystal Pr 2 Sn 2 O 7 , determined from neutron powder diffraction data collected on NOMAD and neutron PDF analysis under the assumption of full stoichiometry.
2508.19248	1	0.00259	0.0001	Pr (16d)				Table S1: Refined atomic positions and anisotropic displacement parameters. Atomic positions and anisotropic displacement parameters for pulverized single-crystal Pr 2 Sn 2 O 7 , determined from neutron powder diffraction data collected on NOMAD and neutron PDF analysis under the assumption of full stoichiometry.
2508.19248	1	0.00259	0.0001	Pr (16d)				Table S1: Refined atomic positions and anisotropic displacement parameters. Atomic positions and anisotropic displacement parameters for pulverized single-crystal Pr 2 Sn 2 O 7 , determined from neutron powder diffraction data collected on NOMAD and neutron PDF analysis under the assumption of full stoichiometry.
2508.19248	1	0.00259	0.0001	Pr (16d)				Table S1: Refined atomic positions and anisotropic displacement parameters. Atomic positions and anisotropic displacement parameters for pulverized single-crystal Pr 2 Sn 2 O 7 , determined from neutron powder diffraction data collected on NOMAD and neutron PDF analysis under the assumption of full stoichiometry.
2508.19248	1	-0.00046	0.00011	Pr (16d)				Table S1: Refined atomic positions and anisotropic displacement parameters. Atomic positions and anisotropic displacement parameters for pulverized single-crystal Pr 2 Sn 2 O 7 , determined from neutron powder diffraction data collected on NOMAD and neutron PDF analysis under the assumption of full stoichiometry.
2508.19248	1	-0.00046	0.00011	Pr (16d)				Table S1: Refined atomic positions and anisotropic displacement parameters. Atomic positions and anisotropic displacement parameters for pulverized single-crystal Pr 2 Sn 2 O 7 , determined from neutron powder diffraction data collected on NOMAD and neutron PDF analysis under the assumption of full stoichiometry.
2508.19248	1	-0.00046	0.00011	Pr (16d)				Table S1: Refined atomic positions and anisotropic displacement parameters. Atomic positions and anisotropic displacement parameters for pulverized single-crystal Pr 2 Sn 2 O 7 , determined from neutron powder diffraction data collected on NOMAD and neutron PDF analysis under the assumption of full stoichiometry.
2508.19248	1	0.00258	0.0001	O (8b)				Table S1: Refined atomic positions and anisotropic displacement parameters. Atomic positions and anisotropic displacement parameters for pulverized single-crystal Pr 2 Sn 2 O 7 , determined from neutron powder diffraction data collected on NOMAD and neutron PDF analysis under the assumption of full stoichiometry.
2508.19248	1	0.00258	0.0001	O (8b)				Table S1: Refined atomic positions and anisotropic displacement parameters. Atomic positions and anisotropic displacement parameters for pulverized single-crystal Pr 2 Sn 2 O 7 , determined from neutron powder diffraction data collected on NOMAD and neutron PDF analysis under the assumption of full stoichiometry.
2508.19248	1	0.00258	0.0001	O (8b)				Table S1: Refined atomic positions and anisotropic displacement parameters. Atomic positions and anisotropic displacement parameters for pulverized single-crystal Pr 2 Sn 2 O 7 , determined from neutron powder diffraction data collected on NOMAD and neutron PDF analysis under the assumption of full stoichiometry.
2508.19248	1	0.33148	0.000018	O (48f)	Space group: Fd 3 ¯ m			Table S1: Refined atomic positions and anisotropic displacement parameters. Atomic positions and anisotropic displacement parameters for pulverized single-crystal Pr 2 Sn 2 O 7 , determined from neutron powder diffraction data collected on NOMAD and neutron PDF analysis under the assumption of full stoichiometry.
2508.19248	1	0.00264	0.0001	O (48f)				Table S1: Refined atomic positions and anisotropic displacement parameters. Atomic positions and anisotropic displacement parameters for pulverized single-crystal Pr 2 Sn 2 O 7 , determined from neutron powder diffraction data collected on NOMAD and neutron PDF analysis under the assumption of full stoichiometry.
2508.19248	1	0.00337	0.00008	O (48f)				Table S1: Refined atomic positions and anisotropic displacement parameters. Atomic positions and anisotropic displacement parameters for pulverized single-crystal Pr 2 Sn 2 O 7 , determined from neutron powder diffraction data collected on NOMAD and neutron PDF analysis under the assumption of full stoichiometry.
2508.19248	1	0.00337	0.00008	O (48f)				Table S1: Refined atomic positions and anisotropic displacement parameters. Atomic positions and anisotropic displacement parameters for pulverized single-crystal Pr 2 Sn 2 O 7 , determined from neutron powder diffraction data collected on NOMAD and neutron PDF analysis under the assumption of full stoichiometry.
2508.19248	1	0.00141	0.00009	O (48f)				Table S1: Refined atomic positions and anisotropic displacement parameters. Atomic positions and anisotropic displacement parameters for pulverized single-crystal Pr 2 Sn 2 O 7 , determined from neutron powder diffraction data collected on NOMAD and neutron PDF analysis under the assumption of full stoichiometry.
2508.19248	2	0.0018	0.00009	Sn (16c)				(b) Rietveld refinement from data collected at T = 300 K.
2508.19248	2	0.0018	0.00009	Sn (16c)				(b) Rietveld refinement from data collected at T = 300 K.
2508.19248	2	0.0018	0.00009	Sn (16c)				(b) Rietveld refinement from data collected at T = 300 K.
2508.19248	2	0.00028	0.00008	Sn (16c)				(b) Rietveld refinement from data collected at T = 300 K.
2508.19248	2	0.00028	0.00008	Sn (16c)				(b) Rietveld refinement from data collected at T = 300 K.
2508.19248	2	0.00028	0.00008	Sn (16c)				(b) Rietveld refinement from data collected at T = 300 K.
2508.19248	2	0.00507	0.00013	Pr (16d)				(b) Rietveld refinement from data collected at T = 300 K.
2508.19248	2	0.00507	0.00013	Pr (16d)				(b) Rietveld refinement from data collected at T = 300 K.
2508.19248	2	0.00507	0.00013	Pr (16d)				(b) Rietveld refinement from data collected at T = 300 K.
2508.19248	2	-0.00102	0.00012	Pr (16d)				(b) Rietveld refinement from data collected at T = 300 K.
2508.19248	2	-0.00102	0.00012	Pr (16d)				(b) Rietveld refinement from data collected at T = 300 K.
2508.19248	2	-0.00102	0.00012	Pr (16d)				(b) Rietveld refinement from data collected at T = 300 K.
2508.19248	2	0.004	0.00013	O (8b)				(b) Rietveld refinement from data collected at T = 300 K.
2508.19248	2	0.004	0.00013	O (8b)				(b) Rietveld refinement from data collected at T = 300 K.
2508.19248	2	0.004	0.00013	O (8b)				(b) Rietveld refinement from data collected at T = 300 K.
2508.19248	2	0.331219	0.000019	O (48f)	Space group: Fd 3 ¯ m			(b) Rietveld refinement from data collected at T = 300 K.
2508.19248	2	0.00452	0.00012	O (48f)				(b) Rietveld refinement from data collected at T = 300 K.
2508.19248	2	0.00537	0.0001	O (48f)				(b) Rietveld refinement from data collected at T = 300 K.
2508.19248	2	0.00537	0.0001	O (48f)				(b) Rietveld refinement from data collected at T = 300 K.
2508.19248	2	0.00252	0.0001	O (48f)				(b) Rietveld refinement from data collected at T = 300 K.
2508.19248	3	0.00167	0.00004	Sn (16c)				(c) PDF refinement from data collected at T = 100 K.
2508.19248	3	0.00167	0.00004	Sn (16c)				(c) PDF refinement from data collected at T = 100 K.
2508.19248	3	0.00167	0.00004	Sn (16c)				(c) PDF refinement from data collected at T = 100 K.
2508.19248	3	-0.00022	0.00007	Sn (16c)				(c) PDF refinement from data collected at T = 100 K.
2508.19248	3	-0.00022	0.00007	Sn (16c)				(c) PDF refinement from data collected at T = 100 K.
2508.19248	3	-0.00022	0.00007	Sn (16c)				(c) PDF refinement from data collected at T = 100 K.
2508.19248	3	0.00285	0.00007	Pr (16d)				(c) PDF refinement from data collected at T = 100 K.
2508.19248	3	0.00285	0.00007	Pr (16d)				(c) PDF refinement from data collected at T = 100 K.
2508.19248	3	0.00285	0.00007	Pr (16d)				(c) PDF refinement from data collected at T = 100 K.
2508.19248	3	-0.00027	0.00012	Pr (16d)				(c) PDF refinement from data collected at T = 100 K.
2508.19248	3	-0.00027	0.00012	Pr (16d)				(c) PDF refinement from data collected at T = 100 K.
2508.19248	3	-0.00027	0.00012	Pr (16d)				(c) PDF refinement from data collected at T = 100 K.
2508.19248	3	0.00353	0.0001	O (8b)				(c) PDF refinement from data collected at T = 100 K.
2508.19248	3	0.00353	0.0001	O (8b)				(c) PDF refinement from data collected at T = 100 K.
2508.19248	3	0.00353	0.0001	O (8b)				(c) PDF refinement from data collected at T = 100 K.
2508.19248	3	0.331348	0.000052	O (48f)	Space group: Fd 3 ¯ m			(c) PDF refinement from data collected at T = 100 K.
2508.19248	3	0.00465	0.00012	O (48f)				(c) PDF refinement from data collected at T = 100 K.
2508.19248	3	0.00396	0.00008	O (48f)				(c) PDF refinement from data collected at T = 100 K.
2508.19248	3	0.00396	0.00008	O (48f)				(c) PDF refinement from data collected at T = 100 K.
2508.19248	3	0.00144	0.00009	O (48f)				(c) PDF refinement from data collected at T = 100 K.
2508.19248	4	2.5887		Pr-O1 (48f)	Length (Å)		pyrochlore	(d) Selected bond lengths and bond angles obtained from the PDF refinement assuming the ideal pyrochlore structural model at T = 100 K.
2508.19248	4	2.2939		Pr-O2 (8b)	Length (Å)		pyrochlore	(d) Selected bond lengths and bond angles obtained from the PDF refinement assuming the ideal pyrochlore structural model at T = 100 K.
2508.19248	4	2.0618		Sn-O	Length (Å)		pyrochlore	(d) Selected bond lengths and bond angles obtained from the PDF refinement assuming the ideal pyrochlore structural model at T = 100 K.
2508.19248	4	3.746		Pr-Pr, Sn-Sn, Pr-Sn	Length (Å)		pyrochlore	(d) Selected bond lengths and bond angles obtained from the PDF refinement assuming the ideal pyrochlore structural model at T = 100 K.
2509.02658	0	-1.5		4	E 0		J1J2+Heisenberg	Table 1: Representative diagnostics (across 3 simulations) of ST-MH ensembles for resolving the degenerate ground space of the frustrated J 1 - J 2 Heisenberg chain at the MG point with N = 4 , 6 , 8 sites. Listed are the ground state degeneracy g , number of ensemble heads K , exact and average learned head-energies E 0 and E ¯ , maximum per-head quantum variance of the full Hamiltonian at the final iterate across all heads, mean and minimum ground-subspace fidelity F mean , F min , rank of the projection matrix 𝒞 relative to g , smallest singular value σ min , condition number κ , Frobenius deviation of the head overlap matrix from the identity, and the lowest effective dimension d eff re
2509.02658	0	-1.5		4	E ¯		J1J2+Heisenberg	Table 1: Representative diagnostics (across 3 simulations) of ST-MH ensembles for resolving the degenerate ground space of the frustrated J 1 - J 2 Heisenberg chain at the MG point with N = 4 , 6 , 8 sites. Listed are the ground state degeneracy g , number of ensemble heads K , exact and average learned head-energies E 0 and E ¯ , maximum per-head quantum variance of the full Hamiltonian at the final iterate across all heads, mean and minimum ground-subspace fidelity F mean , F min , rank of the projection matrix 𝒞 relative to g , smallest singular value σ min , condition number κ , Frobenius deviation of the head overlap matrix from the identity, and the lowest effective dimension d eff re
2509.02658	0	0.999988		4	F min		J1J2+Heisenberg	Table 1: Representative diagnostics (across 3 simulations) of ST-MH ensembles for resolving the degenerate ground space of the frustrated J 1 - J 2 Heisenberg chain at the MG point with N = 4 , 6 , 8 sites. Listed are the ground state degeneracy g , number of ensemble heads K , exact and average learned head-energies E 0 and E ¯ , maximum per-head quantum variance of the full Hamiltonian at the final iterate across all heads, mean and minimum ground-subspace fidelity F mean , F min , rank of the projection matrix 𝒞 relative to g , smallest singular value σ min , condition number κ , Frobenius deviation of the head overlap matrix from the identity, and the lowest effective dimension d eff re
2509.02658	0	0.999991		4	σ min ( C )		J1J2+Heisenberg	Table 1: Representative diagnostics (across 3 simulations) of ST-MH ensembles for resolving the degenerate ground space of the frustrated J 1 - J 2 Heisenberg chain at the MG point with N = 4 , 6 , 8 sites. Listed are the ground state degeneracy g , number of ensemble heads K , exact and average learned head-energies E 0 and E ¯ , maximum per-head quantum variance of the full Hamiltonian at the final iterate across all heads, mean and minimum ground-subspace fidelity F mean , F min , rank of the projection matrix 𝒞 relative to g , smallest singular value σ min , condition number κ , Frobenius deviation of the head overlap matrix from the identity, and the lowest effective dimension d eff re
2509.02658	0	0.004736		4	‖ σ - 1 ‖ F		J1J2+Heisenberg	Table 1: Representative diagnostics (across 3 simulations) of ST-MH ensembles for resolving the degenerate ground space of the frustrated J 1 - J 2 Heisenberg chain at the MG point with N = 4 , 6 , 8 sites. Listed are the ground state degeneracy g , number of ensemble heads K , exact and average learned head-energies E 0 and E ¯ , maximum per-head quantum variance of the full Hamiltonian at the final iterate across all heads, mean and minimum ground-subspace fidelity F mean , F min , rank of the projection matrix 𝒞 relative to g , smallest singular value σ min , condition number κ , Frobenius deviation of the head overlap matrix from the identity, and the lowest effective dimension d eff re
2509.02658	0	-1.5		4(B)	E 0		J1J2+Heisenberg	Table 1: Representative diagnostics (across 3 simulations) of ST-MH ensembles for resolving the degenerate ground space of the frustrated J 1 - J 2 Heisenberg chain at the MG point with N = 4 , 6 , 8 sites. Listed are the ground state degeneracy g , number of ensemble heads K , exact and average learned head-energies E 0 and E ¯ , maximum per-head quantum variance of the full Hamiltonian at the final iterate across all heads, mean and minimum ground-subspace fidelity F mean , F min , rank of the projection matrix 𝒞 relative to g , smallest singular value σ min , condition number κ , Frobenius deviation of the head overlap matrix from the identity, and the lowest effective dimension d eff re
2509.02658	0	-1.4999		4(B)	E ¯		J1J2+Heisenberg	Table 1: Representative diagnostics (across 3 simulations) of ST-MH ensembles for resolving the degenerate ground space of the frustrated J 1 - J 2 Heisenberg chain at the MG point with N = 4 , 6 , 8 sites. Listed are the ground state degeneracy g , number of ensemble heads K , exact and average learned head-energies E 0 and E ¯ , maximum per-head quantum variance of the full Hamiltonian at the final iterate across all heads, mean and minimum ground-subspace fidelity F mean , F min , rank of the projection matrix 𝒞 relative to g , smallest singular value σ min , condition number κ , Frobenius deviation of the head overlap matrix from the identity, and the lowest effective dimension d eff re
2509.02658	0	0.999874		4(B)	F min		J1J2+Heisenberg	Table 1: Representative diagnostics (across 3 simulations) of ST-MH ensembles for resolving the degenerate ground space of the frustrated J 1 - J 2 Heisenberg chain at the MG point with N = 4 , 6 , 8 sites. Listed are the ground state degeneracy g , number of ensemble heads K , exact and average learned head-energies E 0 and E ¯ , maximum per-head quantum variance of the full Hamiltonian at the final iterate across all heads, mean and minimum ground-subspace fidelity F mean , F min , rank of the projection matrix 𝒞 relative to g , smallest singular value σ min , condition number κ , Frobenius deviation of the head overlap matrix from the identity, and the lowest effective dimension d eff re
2509.02658	0	0.999933		4(B)	σ min ( C )		J1J2+Heisenberg	Table 1: Representative diagnostics (across 3 simulations) of ST-MH ensembles for resolving the degenerate ground space of the frustrated J 1 - J 2 Heisenberg chain at the MG point with N = 4 , 6 , 8 sites. Listed are the ground state degeneracy g , number of ensemble heads K , exact and average learned head-energies E 0 and E ¯ , maximum per-head quantum variance of the full Hamiltonian at the final iterate across all heads, mean and minimum ground-subspace fidelity F mean , F min , rank of the projection matrix 𝒞 relative to g , smallest singular value σ min , condition number κ , Frobenius deviation of the head overlap matrix from the identity, and the lowest effective dimension d eff re
2509.02658	0	0.008485		4(B)	‖ σ - 1 ‖ F		J1J2+Heisenberg	Table 1: Representative diagnostics (across 3 simulations) of ST-MH ensembles for resolving the degenerate ground space of the frustrated J 1 - J 2 Heisenberg chain at the MG point with N = 4 , 6 , 8 sites. Listed are the ground state degeneracy g , number of ensemble heads K , exact and average learned head-energies E 0 and E ¯ , maximum per-head quantum variance of the full Hamiltonian at the final iterate across all heads, mean and minimum ground-subspace fidelity F mean , F min , rank of the projection matrix 𝒞 relative to g , smallest singular value σ min , condition number κ , Frobenius deviation of the head overlap matrix from the identity, and the lowest effective dimension d eff re
2509.02658	0	-1.5		4(C)	E 0		J1J2+Heisenberg	Table 1: Representative diagnostics (across 3 simulations) of ST-MH ensembles for resolving the degenerate ground space of the frustrated J 1 - J 2 Heisenberg chain at the MG point with N = 4 , 6 , 8 sites. Listed are the ground state degeneracy g , number of ensemble heads K , exact and average learned head-energies E 0 and E ¯ , maximum per-head quantum variance of the full Hamiltonian at the final iterate across all heads, mean and minimum ground-subspace fidelity F mean , F min , rank of the projection matrix 𝒞 relative to g , smallest singular value σ min , condition number κ , Frobenius deviation of the head overlap matrix from the identity, and the lowest effective dimension d eff re
2509.02658	0	-1.5		4(C)	E ¯		J1J2+Heisenberg	Table 1: Representative diagnostics (across 3 simulations) of ST-MH ensembles for resolving the degenerate ground space of the frustrated J 1 - J 2 Heisenberg chain at the MG point with N = 4 , 6 , 8 sites. Listed are the ground state degeneracy g , number of ensemble heads K , exact and average learned head-energies E 0 and E ¯ , maximum per-head quantum variance of the full Hamiltonian at the final iterate across all heads, mean and minimum ground-subspace fidelity F mean , F min , rank of the projection matrix 𝒞 relative to g , smallest singular value σ min , condition number κ , Frobenius deviation of the head overlap matrix from the identity, and the lowest effective dimension d eff re
2509.02658	0	0.999964		4(C)	F min		J1J2+Heisenberg	Table 1: Representative diagnostics (across 3 simulations) of ST-MH ensembles for resolving the degenerate ground space of the frustrated J 1 - J 2 Heisenberg chain at the MG point with N = 4 , 6 , 8 sites. Listed are the ground state degeneracy g , number of ensemble heads K , exact and average learned head-energies E 0 and E ¯ , maximum per-head quantum variance of the full Hamiltonian at the final iterate across all heads, mean and minimum ground-subspace fidelity F mean , F min , rank of the projection matrix 𝒞 relative to g , smallest singular value σ min , condition number κ , Frobenius deviation of the head overlap matrix from the identity, and the lowest effective dimension d eff re
2509.02658	0	0.999976		4(C)	σ min ( C )		J1J2+Heisenberg	Table 1: Representative diagnostics (across 3 simulations) of ST-MH ensembles for resolving the degenerate ground space of the frustrated J 1 - J 2 Heisenberg chain at the MG point with N = 4 , 6 , 8 sites. Listed are the ground state degeneracy g , number of ensemble heads K , exact and average learned head-energies E 0 and E ¯ , maximum per-head quantum variance of the full Hamiltonian at the final iterate across all heads, mean and minimum ground-subspace fidelity F mean , F min , rank of the projection matrix 𝒞 relative to g , smallest singular value σ min , condition number κ , Frobenius deviation of the head overlap matrix from the identity, and the lowest effective dimension d eff re
2509.02658	0	0.00687		4(C)	‖ σ - 1 ‖ F		J1J2+Heisenberg	Table 1: Representative diagnostics (across 3 simulations) of ST-MH ensembles for resolving the degenerate ground space of the frustrated J 1 - J 2 Heisenberg chain at the MG point with N = 4 , 6 , 8 sites. Listed are the ground state degeneracy g , number of ensemble heads K , exact and average learned head-energies E 0 and E ¯ , maximum per-head quantum variance of the full Hamiltonian at the final iterate across all heads, mean and minimum ground-subspace fidelity F mean , F min , rank of the projection matrix 𝒞 relative to g , smallest singular value σ min , condition number κ , Frobenius deviation of the head overlap matrix from the identity, and the lowest effective dimension d eff re
2509.02658	0	-2.25		6	E 0		J1J2+Heisenberg	Table 1: Representative diagnostics (across 3 simulations) of ST-MH ensembles for resolving the degenerate ground space of the frustrated J 1 - J 2 Heisenberg chain at the MG point with N = 4 , 6 , 8 sites. Listed are the ground state degeneracy g , number of ensemble heads K , exact and average learned head-energies E 0 and E ¯ , maximum per-head quantum variance of the full Hamiltonian at the final iterate across all heads, mean and minimum ground-subspace fidelity F mean , F min , rank of the projection matrix 𝒞 relative to g , smallest singular value σ min , condition number κ , Frobenius deviation of the head overlap matrix from the identity, and the lowest effective dimension d eff re
2509.02658	0	-2.2492		6	E ¯		J1J2+Heisenberg	Table 1: Representative diagnostics (across 3 simulations) of ST-MH ensembles for resolving the degenerate ground space of the frustrated J 1 - J 2 Heisenberg chain at the MG point with N = 4 , 6 , 8 sites. Listed are the ground state degeneracy g , number of ensemble heads K , exact and average learned head-energies E 0 and E ¯ , maximum per-head quantum variance of the full Hamiltonian at the final iterate across all heads, mean and minimum ground-subspace fidelity F mean , F min , rank of the projection matrix 𝒞 relative to g , smallest singular value σ min , condition number κ , Frobenius deviation of the head overlap matrix from the identity, and the lowest effective dimension d eff re
2509.02658	0	0.999219		6	F min		J1J2+Heisenberg	Table 1: Representative diagnostics (across 3 simulations) of ST-MH ensembles for resolving the degenerate ground space of the frustrated J 1 - J 2 Heisenberg chain at the MG point with N = 4 , 6 , 8 sites. Listed are the ground state degeneracy g , number of ensemble heads K , exact and average learned head-energies E 0 and E ¯ , maximum per-head quantum variance of the full Hamiltonian at the final iterate across all heads, mean and minimum ground-subspace fidelity F mean , F min , rank of the projection matrix 𝒞 relative to g , smallest singular value σ min , condition number κ , Frobenius deviation of the head overlap matrix from the identity, and the lowest effective dimension d eff re
2509.02658	0	0.999524		6	σ min ( C )		J1J2+Heisenberg	Table 1: Representative diagnostics (across 3 simulations) of ST-MH ensembles for resolving the degenerate ground space of the frustrated J 1 - J 2 Heisenberg chain at the MG point with N = 4 , 6 , 8 sites. Listed are the ground state degeneracy g , number of ensemble heads K , exact and average learned head-energies E 0 and E ¯ , maximum per-head quantum variance of the full Hamiltonian at the final iterate across all heads, mean and minimum ground-subspace fidelity F mean , F min , rank of the projection matrix 𝒞 relative to g , smallest singular value σ min , condition number κ , Frobenius deviation of the head overlap matrix from the identity, and the lowest effective dimension d eff re
2509.02658	0	0.004153		6	‖ σ - 1 ‖ F		J1J2+Heisenberg	Table 1: Representative diagnostics (across 3 simulations) of ST-MH ensembles for resolving the degenerate ground space of the frustrated J 1 - J 2 Heisenberg chain at the MG point with N = 4 , 6 , 8 sites. Listed are the ground state degeneracy g , number of ensemble heads K , exact and average learned head-energies E 0 and E ¯ , maximum per-head quantum variance of the full Hamiltonian at the final iterate across all heads, mean and minimum ground-subspace fidelity F mean , F min , rank of the projection matrix 𝒞 relative to g , smallest singular value σ min , condition number κ , Frobenius deviation of the head overlap matrix from the identity, and the lowest effective dimension d eff re
2509.02658	0	-3		8	E 0		J1J2+Heisenberg	Table 1: Representative diagnostics (across 3 simulations) of ST-MH ensembles for resolving the degenerate ground space of the frustrated J 1 - J 2 Heisenberg chain at the MG point with N = 4 , 6 , 8 sites. Listed are the ground state degeneracy g , number of ensemble heads K , exact and average learned head-energies E 0 and E ¯ , maximum per-head quantum variance of the full Hamiltonian at the final iterate across all heads, mean and minimum ground-subspace fidelity F mean , F min , rank of the projection matrix 𝒞 relative to g , smallest singular value σ min , condition number κ , Frobenius deviation of the head overlap matrix from the identity, and the lowest effective dimension d eff re
2509.02658	0	-2.9977		8	E ¯		J1J2+Heisenberg	Table 1: Representative diagnostics (across 3 simulations) of ST-MH ensembles for resolving the degenerate ground space of the frustrated J 1 - J 2 Heisenberg chain at the MG point with N = 4 , 6 , 8 sites. Listed are the ground state degeneracy g , number of ensemble heads K , exact and average learned head-energies E 0 and E ¯ , maximum per-head quantum variance of the full Hamiltonian at the final iterate across all heads, mean and minimum ground-subspace fidelity F mean , F min , rank of the projection matrix 𝒞 relative to g , smallest singular value σ min , condition number κ , Frobenius deviation of the head overlap matrix from the identity, and the lowest effective dimension d eff re
2509.02658	0	0.997502		8	F min		J1J2+Heisenberg	Table 1: Representative diagnostics (across 3 simulations) of ST-MH ensembles for resolving the degenerate ground space of the frustrated J 1 - J 2 Heisenberg chain at the MG point with N = 4 , 6 , 8 sites. Listed are the ground state degeneracy g , number of ensemble heads K , exact and average learned head-energies E 0 and E ¯ , maximum per-head quantum variance of the full Hamiltonian at the final iterate across all heads, mean and minimum ground-subspace fidelity F mean , F min , rank of the projection matrix 𝒞 relative to g , smallest singular value σ min , condition number κ , Frobenius deviation of the head overlap matrix from the identity, and the lowest effective dimension d eff re
2509.02658	0	0.998601		8	σ min ( C )		J1J2+Heisenberg	Table 1: Representative diagnostics (across 3 simulations) of ST-MH ensembles for resolving the degenerate ground space of the frustrated J 1 - J 2 Heisenberg chain at the MG point with N = 4 , 6 , 8 sites. Listed are the ground state degeneracy g , number of ensemble heads K , exact and average learned head-energies E 0 and E ¯ , maximum per-head quantum variance of the full Hamiltonian at the final iterate across all heads, mean and minimum ground-subspace fidelity F mean , F min , rank of the projection matrix 𝒞 relative to g , smallest singular value σ min , condition number κ , Frobenius deviation of the head overlap matrix from the identity, and the lowest effective dimension d eff re
2509.02658	0	0.080933		8	‖ σ - 1 ‖ F		J1J2+Heisenberg	Table 1: Representative diagnostics (across 3 simulations) of ST-MH ensembles for resolving the degenerate ground space of the frustrated J 1 - J 2 Heisenberg chain at the MG point with N = 4 , 6 , 8 sites. Listed are the ground state degeneracy g , number of ensemble heads K , exact and average learned head-energies E 0 and E ¯ , maximum per-head quantum variance of the full Hamiltonian at the final iterate across all heads, mean and minimum ground-subspace fidelity F mean , F min , rank of the projection matrix 𝒞 relative to g , smallest singular value σ min , condition number κ , Frobenius deviation of the head overlap matrix from the identity, and the lowest effective dimension d eff re
2509.09189	0	-0.1275		1	J ± / J a			Table S1: 30 Parameter points shown in Fig. 2 (a) selected in the QSI region from the smallest goodness-of-fit parameter ⟨ δ 2 / ϵ 2 ⟩ C estimated in Ref. [ 39 ] .
2509.09189	0	0.0825		1	J ± ⁣ ± / J a			Table S1: 30 Parameter points shown in Fig. 2 (a) selected in the QSI region from the smallest goodness-of-fit parameter ⟨ δ 2 / ϵ 2 ⟩ C estimated in Ref. [ 39 ] .
2509.09189	0	0.0496		1	J a			Table S1: 30 Parameter points shown in Fig. 2 (a) selected in the QSI region from the smallest goodness-of-fit parameter ⟨ δ 2 / ϵ 2 ⟩ C estimated in Ref. [ 39 ] .
2509.09189	0	0.0208		1	J b			Table S1: 30 Parameter points shown in Fig. 2 (a) selected in the QSI region from the smallest goodness-of-fit parameter ⟨ δ 2 / ϵ 2 ⟩ C estimated in Ref. [ 39 ] .
2509.09189	0	0.0045		1	J c			Table S1: 30 Parameter points shown in Fig. 2 (a) selected in the QSI region from the smallest goodness-of-fit parameter ⟨ δ 2 / ϵ 2 ⟩ C estimated in Ref. [ 39 ] .
2509.09189	0	-0.135		2	J ± / J a			Table S1: 30 Parameter points shown in Fig. 2 (a) selected in the QSI region from the smallest goodness-of-fit parameter ⟨ δ 2 / ϵ 2 ⟩ C estimated in Ref. [ 39 ] .
2509.09189	0	0.09		2	J ± ⁣ ± / J a			Table S1: 30 Parameter points shown in Fig. 2 (a) selected in the QSI region from the smallest goodness-of-fit parameter ⟨ δ 2 / ϵ 2 ⟩ C estimated in Ref. [ 39 ] .
2509.09189	0	0.0489		2	J a			Table S1: 30 Parameter points shown in Fig. 2 (a) selected in the QSI region from the smallest goodness-of-fit parameter ⟨ δ 2 / ϵ 2 ⟩ C estimated in Ref. [ 39 ] .
2509.09189	0	0.022		2	J b			Table S1: 30 Parameter points shown in Fig. 2 (a) selected in the QSI region from the smallest goodness-of-fit parameter ⟨ δ 2 / ϵ 2 ⟩ C estimated in Ref. [ 39 ] .
2509.09189	0	0.0044		2	J c			Table S1: 30 Parameter points shown in Fig. 2 (a) selected in the QSI region from the smallest goodness-of-fit parameter ⟨ δ 2 / ϵ 2 ⟩ C estimated in Ref. [ 39 ] .
2509.09189	0	-0.1275		3	J ± / J a			Table S1: 30 Parameter points shown in Fig. 2 (a) selected in the QSI region from the smallest goodness-of-fit parameter ⟨ δ 2 / ϵ 2 ⟩ C estimated in Ref. [ 39 ] .
2509.09189	0	0.0675		3	J ± ⁣ ± / J a			Table S1: 30 Parameter points shown in Fig. 2 (a) selected in the QSI region from the smallest goodness-of-fit parameter ⟨ δ 2 / ϵ 2 ⟩ C estimated in Ref. [ 39 ] .
2509.09189	0	0.0497		3	J a			Table S1: 30 Parameter points shown in Fig. 2 (a) selected in the QSI region from the smallest goodness-of-fit parameter ⟨ δ 2 / ϵ 2 ⟩ C estimated in Ref. [ 39 ] .
2509.09189	0	0.0194		3	J b			Table S1: 30 Parameter points shown in Fig. 2 (a) selected in the QSI region from the smallest goodness-of-fit parameter ⟨ δ 2 / ϵ 2 ⟩ C estimated in Ref. [ 39 ] .
2509.09189	0	0.006		3	J c			Table S1: 30 Parameter points shown in Fig. 2 (a) selected in the QSI region from the smallest goodness-of-fit parameter ⟨ δ 2 / ϵ 2 ⟩ C estimated in Ref. [ 39 ] .
2509.09189	0	-0.12		4	J ± / J a			Table S1: 30 Parameter points shown in Fig. 2 (a) selected in the QSI region from the smallest goodness-of-fit parameter ⟨ δ 2 / ϵ 2 ⟩ C estimated in Ref. [ 39 ] .
2509.09189	0	0.075		4	J ± ⁣ ± / J a			Table S1: 30 Parameter points shown in Fig. 2 (a) selected in the QSI region from the smallest goodness-of-fit parameter ⟨ δ 2 / ϵ 2 ⟩ C estimated in Ref. [ 39 ] .
2509.09189	0	0.0503		4	J a			Table S1: 30 Parameter points shown in Fig. 2 (a) selected in the QSI region from the smallest goodness-of-fit parameter ⟨ δ 2 / ϵ 2 ⟩ C estimated in Ref. [ 39 ] .
2509.09189	0	0.0196		4	J b			Table S1: 30 Parameter points shown in Fig. 2 (a) selected in the QSI region from the smallest goodness-of-fit parameter ⟨ δ 2 / ϵ 2 ⟩ C estimated in Ref. [ 39 ] .
2509.09189	0	0.0045		4	J c			Table S1: 30 Parameter points shown in Fig. 2 (a) selected in the QSI region from the smallest goodness-of-fit parameter ⟨ δ 2 / ϵ 2 ⟩ C estimated in Ref. [ 39 ] .
2509.09189	0	-0.135		5	J ± / J a			Table S1: 30 Parameter points shown in Fig. 2 (a) selected in the QSI region from the smallest goodness-of-fit parameter ⟨ δ 2 / ϵ 2 ⟩ C estimated in Ref. [ 39 ] .
2509.09189	0	0.075		5	J ± ⁣ ± / J a			Table S1: 30 Parameter points shown in Fig. 2 (a) selected in the QSI region from the smallest goodness-of-fit parameter ⟨ δ 2 / ϵ 2 ⟩ C estimated in Ref. [ 39 ] .
2509.09189	0	0.0489		5	J a			Table S1: 30 Parameter points shown in Fig. 2 (a) selected in the QSI region from the smallest goodness-of-fit parameter ⟨ δ 2 / ϵ 2 ⟩ C estimated in Ref. [ 39 ] .
2509.09189	0	0.0205		5	J b			Table S1: 30 Parameter points shown in Fig. 2 (a) selected in the QSI region from the smallest goodness-of-fit parameter ⟨ δ 2 / ϵ 2 ⟩ C estimated in Ref. [ 39 ] .
2509.09189	0	0.0059		5	J c			Table S1: 30 Parameter points shown in Fig. 2 (a) selected in the QSI region from the smallest goodness-of-fit parameter ⟨ δ 2 / ϵ 2 ⟩ C estimated in Ref. [ 39 ] .
2509.09189	0	-0.12		6	J ± / J a			Table S1: 30 Parameter points shown in Fig. 2 (a) selected in the QSI region from the smallest goodness-of-fit parameter ⟨ δ 2 / ϵ 2 ⟩ C estimated in Ref. [ 39 ] .
2509.09189	0	0.06		6	J ± ⁣ ± / J a			Table S1: 30 Parameter points shown in Fig. 2 (a) selected in the QSI region from the smallest goodness-of-fit parameter ⟨ δ 2 / ϵ 2 ⟩ C estimated in Ref. [ 39 ] .
2509.09189	0	0.0503		6	J a			Table S1: 30 Parameter points shown in Fig. 2 (a) selected in the QSI region from the smallest goodness-of-fit parameter ⟨ δ 2 / ϵ 2 ⟩ C estimated in Ref. [ 39 ] .
2509.09189	0	0.0181		6	J b			Table S1: 30 Parameter points shown in Fig. 2 (a) selected in the QSI region from the smallest goodness-of-fit parameter ⟨ δ 2 / ϵ 2 ⟩ C estimated in Ref. [ 39 ] .
2509.09189	0	0.006		6	J c			Table S1: 30 Parameter points shown in Fig. 2 (a) selected in the QSI region from the smallest goodness-of-fit parameter ⟨ δ 2 / ϵ 2 ⟩ C estimated in Ref. [ 39 ] .
2509.09189	0	-0.1275		7	J ± / J a			Table S1: 30 Parameter points shown in Fig. 2 (a) selected in the QSI region from the smallest goodness-of-fit parameter ⟨ δ 2 / ϵ 2 ⟩ C estimated in Ref. [ 39 ] .
2509.09189	0	0.0975		7	J ± ⁣ ± / J a			Table S1: 30 Parameter points shown in Fig. 2 (a) selected in the QSI region from the smallest goodness-of-fit parameter ⟨ δ 2 / ϵ 2 ⟩ C estimated in Ref. [ 39 ] .
2509.09189	0	0.0495		7	J a			Table S1: 30 Parameter points shown in Fig. 2 (a) selected in the QSI region from the smallest goodness-of-fit parameter ⟨ δ 2 / ϵ 2 ⟩ C estimated in Ref. [ 39 ] .
2509.09189	0	0.0223		7	J b			Table S1: 30 Parameter points shown in Fig. 2 (a) selected in the QSI region from the smallest goodness-of-fit parameter ⟨ δ 2 / ϵ 2 ⟩ C estimated in Ref. [ 39 ] .
2509.09189	0	0.003		7	J c			Table S1: 30 Parameter points shown in Fig. 2 (a) selected in the QSI region from the smallest goodness-of-fit parameter ⟨ δ 2 / ϵ 2 ⟩ C estimated in Ref. [ 39 ] .
2509.09189	0	-0.1425		8	J ± / J a			Table S1: 30 Parameter points shown in Fig. 2 (a) selected in the QSI region from the smallest goodness-of-fit parameter ⟨ δ 2 / ϵ 2 ⟩ C estimated in Ref. [ 39 ] .
2509.09189	0	0.0975		8	J ± ⁣ ± / J a			Table S1: 30 Parameter points shown in Fig. 2 (a) selected in the QSI region from the smallest goodness-of-fit parameter ⟨ δ 2 / ϵ 2 ⟩ C estimated in Ref. [ 39 ] .
2509.09189	0	0.0481		8	J a			Table S1: 30 Parameter points shown in Fig. 2 (a) selected in the QSI region from the smallest goodness-of-fit parameter ⟨ δ 2 / ϵ 2 ⟩ C estimated in Ref. [ 39 ] .
2509.09189	0	0.0231		8	J b			Table S1: 30 Parameter points shown in Fig. 2 (a) selected in the QSI region from the smallest goodness-of-fit parameter ⟨ δ 2 / ϵ 2 ⟩ C estimated in Ref. [ 39 ] .
2509.09189	0	0.0043		8	J c			Table S1: 30 Parameter points shown in Fig. 2 (a) selected in the QSI region from the smallest goodness-of-fit parameter ⟨ δ 2 / ϵ 2 ⟩ C estimated in Ref. [ 39 ] .
2509.09189	0	-0.135		9	J ± / J a			Table S1: 30 Parameter points shown in Fig. 2 (a) selected in the QSI region from the smallest goodness-of-fit parameter ⟨ δ 2 / ϵ 2 ⟩ C estimated in Ref. [ 39 ] .
2509.09189	0	0.105		9	J ± ⁣ ± / J a			Table S1: 30 Parameter points shown in Fig. 2 (a) selected in the QSI region from the smallest goodness-of-fit parameter ⟨ δ 2 / ϵ 2 ⟩ C estimated in Ref. [ 39 ] .
2509.09189	0	0.0488		9	J a			Table S1: 30 Parameter points shown in Fig. 2 (a) selected in the QSI region from the smallest goodness-of-fit parameter ⟨ δ 2 / ϵ 2 ⟩ C estimated in Ref. [ 39 ] .
2509.09189	0	0.0234		9	J b			Table S1: 30 Parameter points shown in Fig. 2 (a) selected in the QSI region from the smallest goodness-of-fit parameter ⟨ δ 2 / ϵ 2 ⟩ C estimated in Ref. [ 39 ] .
2509.09189	0	0.0029		9	J c			Table S1: 30 Parameter points shown in Fig. 2 (a) selected in the QSI region from the smallest goodness-of-fit parameter ⟨ δ 2 / ϵ 2 ⟩ C estimated in Ref. [ 39 ] .
2509.09189	0	-0.1275		10	J ± / J a			Table S1: 30 Parameter points shown in Fig. 2 (a) selected in the QSI region from the smallest goodness-of-fit parameter ⟨ δ 2 / ϵ 2 ⟩ C estimated in Ref. [ 39 ] .
2509.09189	0	0.0525		10	J ± ⁣ ± / J a			Table S1: 30 Parameter points shown in Fig. 2 (a) selected in the QSI region from the smallest goodness-of-fit parameter ⟨ δ 2 / ϵ 2 ⟩ C estimated in Ref. [ 39 ] .
2509.09189	0	0.0497		10	J a			Table S1: 30 Parameter points shown in Fig. 2 (a) selected in the QSI region from the smallest goodness-of-fit parameter ⟨ δ 2 / ϵ 2 ⟩ C estimated in Ref. [ 39 ] .
2509.09189	0	0.0179		10	J b			Table S1: 30 Parameter points shown in Fig. 2 (a) selected in the QSI region from the smallest goodness-of-fit parameter ⟨ δ 2 / ϵ 2 ⟩ C estimated in Ref. [ 39 ] .
2509.09189	0	0.0075		10	J c			Table S1: 30 Parameter points shown in Fig. 2 (a) selected in the QSI region from the smallest goodness-of-fit parameter ⟨ δ 2 / ϵ 2 ⟩ C estimated in Ref. [ 39 ] .
2509.09189	0	-0.12		11	J ± / J a			Table S1: 30 Parameter points shown in Fig. 2 (a) selected in the QSI region from the smallest goodness-of-fit parameter ⟨ δ 2 / ϵ 2 ⟩ C estimated in Ref. [ 39 ] .
2509.09189	0	0.09		11	J ± ⁣ ± / J a			Table S1: 30 Parameter points shown in Fig. 2 (a) selected in the QSI region from the smallest goodness-of-fit parameter ⟨ δ 2 / ϵ 2 ⟩ C estimated in Ref. [ 39 ] .
2509.09189	0	0.0503		11	J a			Table S1: 30 Parameter points shown in Fig. 2 (a) selected in the QSI region from the smallest goodness-of-fit parameter ⟨ δ 2 / ϵ 2 ⟩ C estimated in Ref. [ 39 ] .
2509.09189	0	0.0211		11	J b			Table S1: 30 Parameter points shown in Fig. 2 (a) selected in the QSI region from the smallest goodness-of-fit parameter ⟨ δ 2 / ϵ 2 ⟩ C estimated in Ref. [ 39 ] .
2509.09189	0	0.003		11	J c			Table S1: 30 Parameter points shown in Fig. 2 (a) selected in the QSI region from the smallest goodness-of-fit parameter ⟨ δ 2 / ϵ 2 ⟩ C estimated in Ref. [ 39 ] .
2509.09189	0	-0.1425		12	J ± / J a			Table S1: 30 Parameter points shown in Fig. 2 (a) selected in the QSI region from the smallest goodness-of-fit parameter ⟨ δ 2 / ϵ 2 ⟩ C estimated in Ref. [ 39 ] .
2509.09189	0	0.0825		12	J ± ⁣ ± / J a			Table S1: 30 Parameter points shown in Fig. 2 (a) selected in the QSI region from the smallest goodness-of-fit parameter ⟨ δ 2 / ϵ 2 ⟩ C estimated in Ref. [ 39 ] .
2509.09189	0	0.0482		12	J a			Table S1: 30 Parameter points shown in Fig. 2 (a) selected in the QSI region from the smallest goodness-of-fit parameter ⟨ δ 2 / ϵ 2 ⟩ C estimated in Ref. [ 39 ] .
2509.09189	0	0.0217		12	J b			Table S1: 30 Parameter points shown in Fig. 2 (a) selected in the QSI region from the smallest goodness-of-fit parameter ⟨ δ 2 / ϵ 2 ⟩ C estimated in Ref. [ 39 ] .
2509.09189	0	0.0058		12	J c			Table S1: 30 Parameter points shown in Fig. 2 (a) selected in the QSI region from the smallest goodness-of-fit parameter ⟨ δ 2 / ϵ 2 ⟩ C estimated in Ref. [ 39 ] .
2509.09189	0	-0.12		13	J ± / J a			Table S1: 30 Parameter points shown in Fig. 2 (a) selected in the QSI region from the smallest goodness-of-fit parameter ⟨ δ 2 / ϵ 2 ⟩ C estimated in Ref. [ 39 ] .
2509.09189	0	0.045		13	J ± ⁣ ± / J a			Table S1: 30 Parameter points shown in Fig. 2 (a) selected in the QSI region from the smallest goodness-of-fit parameter ⟨ δ 2 / ϵ 2 ⟩ C estimated in Ref. [ 39 ] .
2509.09189	0	0.0503		13	J a			Table S1: 30 Parameter points shown in Fig. 2 (a) selected in the QSI region from the smallest goodness-of-fit parameter ⟨ δ 2 / ϵ 2 ⟩ C estimated in Ref. [ 39 ] .
2509.09189	0	0.0166		13	J b			Table S1: 30 Parameter points shown in Fig. 2 (a) selected in the QSI region from the smallest goodness-of-fit parameter ⟨ δ 2 / ϵ 2 ⟩ C estimated in Ref. [ 39 ] .
2509.09189	0	0.0075		13	J c			Table S1: 30 Parameter points shown in Fig. 2 (a) selected in the QSI region from the smallest goodness-of-fit parameter ⟨ δ 2 / ϵ 2 ⟩ C estimated in Ref. [ 39 ] .
2509.09189	0	-0.135		14	J ± / J a			Table S1: 30 Parameter points shown in Fig. 2 (a) selected in the QSI region from the smallest goodness-of-fit parameter ⟨ δ 2 / ϵ 2 ⟩ C estimated in Ref. [ 39 ] .
2509.09189	0	0.06		14	J ± ⁣ ± / J a			Table S1: 30 Parameter points shown in Fig. 2 (a) selected in the QSI region from the smallest goodness-of-fit parameter ⟨ δ 2 / ϵ 2 ⟩ C estimated in Ref. [ 39 ] .
2509.09189	0	0.049		14	J a			Table S1: 30 Parameter points shown in Fig. 2 (a) selected in the QSI region from the smallest goodness-of-fit parameter ⟨ δ 2 / ϵ 2 ⟩ C estimated in Ref. [ 39 ] .
2509.09189	0	0.0191		14	J b			Table S1: 30 Parameter points shown in Fig. 2 (a) selected in the QSI region from the smallest goodness-of-fit parameter ⟨ δ 2 / ϵ 2 ⟩ C estimated in Ref. [ 39 ] .
2509.09189	0	0.0074		14	J c			Table S1: 30 Parameter points shown in Fig. 2 (a) selected in the QSI region from the smallest goodness-of-fit parameter ⟨ δ 2 / ϵ 2 ⟩ C estimated in Ref. [ 39 ] .
2509.09189	0	-0.1125		15	J ± / J a			Table S1: 30 Parameter points shown in Fig. 2 (a) selected in the QSI region from the smallest goodness-of-fit parameter ⟨ δ 2 / ϵ 2 ⟩ C estimated in Ref. [ 39 ] .
2509.09189	0	0.0675		15	J ± ⁣ ± / J a			Table S1: 30 Parameter points shown in Fig. 2 (a) selected in the QSI region from the smallest goodness-of-fit parameter ⟨ δ 2 / ϵ 2 ⟩ C estimated in Ref. [ 39 ] .
2509.09189	0	0.0511		15	J a			Table S1: 30 Parameter points shown in Fig. 2 (a) selected in the QSI region from the smallest goodness-of-fit parameter ⟨ δ 2 / ϵ 2 ⟩ C estimated in Ref. [ 39 ] .
2509.09189	0	0.0184		15	J b			Table S1: 30 Parameter points shown in Fig. 2 (a) selected in the QSI region from the smallest goodness-of-fit parameter ⟨ δ 2 / ϵ 2 ⟩ C estimated in Ref. [ 39 ] .
2509.09189	0	0.0046		15	J c			Table S1: 30 Parameter points shown in Fig. 2 (a) selected in the QSI region from the smallest goodness-of-fit parameter ⟨ δ 2 / ϵ 2 ⟩ C estimated in Ref. [ 39 ] .
2509.09189	0	-0.1125		16	J ± / J a			Table S1: 30 Parameter points shown in Fig. 2 (a) selected in the QSI region from the smallest goodness-of-fit parameter ⟨ δ 2 / ϵ 2 ⟩ C estimated in Ref. [ 39 ] .
2509.09189	0	0.0525		16	J ± ⁣ ± / J a			Table S1: 30 Parameter points shown in Fig. 2 (a) selected in the QSI region from the smallest goodness-of-fit parameter ⟨ δ 2 / ϵ 2 ⟩ C estimated in Ref. [ 39 ] .
2509.09189	0	0.0512		16	J a			Table S1: 30 Parameter points shown in Fig. 2 (a) selected in the QSI region from the smallest goodness-of-fit parameter ⟨ δ 2 / ϵ 2 ⟩ C estimated in Ref. [ 39 ] .
2509.09189	0	0.0169		16	J b			Table S1: 30 Parameter points shown in Fig. 2 (a) selected in the QSI region from the smallest goodness-of-fit parameter ⟨ δ 2 / ϵ 2 ⟩ C estimated in Ref. [ 39 ] .
2509.09189	0	0.0061		16	J c			Table S1: 30 Parameter points shown in Fig. 2 (a) selected in the QSI region from the smallest goodness-of-fit parameter ⟨ δ 2 / ϵ 2 ⟩ C estimated in Ref. [ 39 ] .
2509.09189	0	-0.1425		17	J ± / J a			Table S1: 30 Parameter points shown in Fig. 2 (a) selected in the QSI region from the smallest goodness-of-fit parameter ⟨ δ 2 / ϵ 2 ⟩ C estimated in Ref. [ 39 ] .
2509.09189	0	0.1125		17	J ± ⁣ ± / J a			Table S1: 30 Parameter points shown in Fig. 2 (a) selected in the QSI region from the smallest goodness-of-fit parameter ⟨ δ 2 / ϵ 2 ⟩ C estimated in Ref. [ 39 ] .
2509.09189	0	0.048		17	J a			Table S1: 30 Parameter points shown in Fig. 2 (a) selected in the QSI region from the smallest goodness-of-fit parameter ⟨ δ 2 / ϵ 2 ⟩ C estimated in Ref. [ 39 ] .
2509.09189	0	0.0245		17	J b			Table S1: 30 Parameter points shown in Fig. 2 (a) selected in the QSI region from the smallest goodness-of-fit parameter ⟨ δ 2 / ϵ 2 ⟩ C estimated in Ref. [ 39 ] .
2509.09189	0	0.0029		17	J c			Table S1: 30 Parameter points shown in Fig. 2 (a) selected in the QSI region from the smallest goodness-of-fit parameter ⟨ δ 2 / ϵ 2 ⟩ C estimated in Ref. [ 39 ] .
2509.09189	0	-0.15		18	J ± / J a			Table S1: 30 Parameter points shown in Fig. 2 (a) selected in the QSI region from the smallest goodness-of-fit parameter ⟨ δ 2 / ϵ 2 ⟩ C estimated in Ref. [ 39 ] .
2509.09189	0	0.105		18	J ± ⁣ ± / J a			Table S1: 30 Parameter points shown in Fig. 2 (a) selected in the QSI region from the smallest goodness-of-fit parameter ⟨ δ 2 / ϵ 2 ⟩ C estimated in Ref. [ 39 ] .
2509.09189	0	0.0474		18	J a			Table S1: 30 Parameter points shown in Fig. 2 (a) selected in the QSI region from the smallest goodness-of-fit parameter ⟨ δ 2 / ϵ 2 ⟩ C estimated in Ref. [ 39 ] .
2509.09189	0	0.0242		18	J b			Table S1: 30 Parameter points shown in Fig. 2 (a) selected in the QSI region from the smallest goodness-of-fit parameter ⟨ δ 2 / ϵ 2 ⟩ C estimated in Ref. [ 39 ] .
2509.09189	0	0.0043		18	J c			Table S1: 30 Parameter points shown in Fig. 2 (a) selected in the QSI region from the smallest goodness-of-fit parameter ⟨ δ 2 / ϵ 2 ⟩ C estimated in Ref. [ 39 ] .
2509.09189	0	-0.12		19	J ± / J a			Table S1: 30 Parameter points shown in Fig. 2 (a) selected in the QSI region from the smallest goodness-of-fit parameter ⟨ δ 2 / ϵ 2 ⟩ C estimated in Ref. [ 39 ] .
2509.09189	0	0.03		19	J ± ⁣ ± / J a			Table S1: 30 Parameter points shown in Fig. 2 (a) selected in the QSI region from the smallest goodness-of-fit parameter ⟨ δ 2 / ϵ 2 ⟩ C estimated in Ref. [ 39 ] .
2509.09189	0	0.0506		19	J a			Table S1: 30 Parameter points shown in Fig. 2 (a) selected in the QSI region from the smallest goodness-of-fit parameter ⟨ δ 2 / ϵ 2 ⟩ C estimated in Ref. [ 39 ] .
2509.09189	0	0.0152		19	J b			Table S1: 30 Parameter points shown in Fig. 2 (a) selected in the QSI region from the smallest goodness-of-fit parameter ⟨ δ 2 / ϵ 2 ⟩ C estimated in Ref. [ 39 ] .
2509.09189	0	0.0091		19	J c			Table S1: 30 Parameter points shown in Fig. 2 (a) selected in the QSI region from the smallest goodness-of-fit parameter ⟨ δ 2 / ϵ 2 ⟩ C estimated in Ref. [ 39 ] .
2509.09189	0	-0.15		20	J ± / J a			Table S1: 30 Parameter points shown in Fig. 2 (a) selected in the QSI region from the smallest goodness-of-fit parameter ⟨ δ 2 / ϵ 2 ⟩ C estimated in Ref. [ 39 ] .
2509.09189	0	0.09		20	J ± ⁣ ± / J a			Table S1: 30 Parameter points shown in Fig. 2 (a) selected in the QSI region from the smallest goodness-of-fit parameter ⟨ δ 2 / ϵ 2 ⟩ C estimated in Ref. [ 39 ] .
2509.09189	0	0.0475		20	J a			Table S1: 30 Parameter points shown in Fig. 2 (a) selected in the QSI region from the smallest goodness-of-fit parameter ⟨ δ 2 / ϵ 2 ⟩ C estimated in Ref. [ 39 ] .
2509.09189	0	0.0228		20	J b			Table S1: 30 Parameter points shown in Fig. 2 (a) selected in the QSI region from the smallest goodness-of-fit parameter ⟨ δ 2 / ϵ 2 ⟩ C estimated in Ref. [ 39 ] .
2509.09189	0	0.0057		20	J c			Table S1: 30 Parameter points shown in Fig. 2 (a) selected in the QSI region from the smallest goodness-of-fit parameter ⟨ δ 2 / ϵ 2 ⟩ C estimated in Ref. [ 39 ] .
2509.09189	0	-0.1275		21	J ± / J a			Table S1: 30 Parameter points shown in Fig. 2 (a) selected in the QSI region from the smallest goodness-of-fit parameter ⟨ δ 2 / ϵ 2 ⟩ C estimated in Ref. [ 39 ] .
2509.09189	0	0.0375		21	J ± ⁣ ± / J a			Table S1: 30 Parameter points shown in Fig. 2 (a) selected in the QSI region from the smallest goodness-of-fit parameter ⟨ δ 2 / ϵ 2 ⟩ C estimated in Ref. [ 39 ] .
2509.09189	0	0.0498		21	J a			Table S1: 30 Parameter points shown in Fig. 2 (a) selected in the QSI region from the smallest goodness-of-fit parameter ⟨ δ 2 / ϵ 2 ⟩ C estimated in Ref. [ 39 ] .
2509.09189	0	0.0164		21	J b			Table S1: 30 Parameter points shown in Fig. 2 (a) selected in the QSI region from the smallest goodness-of-fit parameter ⟨ δ 2 / ϵ 2 ⟩ C estimated in Ref. [ 39 ] .
2509.09189	0	0.009		21	J c			Table S1: 30 Parameter points shown in Fig. 2 (a) selected in the QSI region from the smallest goodness-of-fit parameter ⟨ δ 2 / ϵ 2 ⟩ C estimated in Ref. [ 39 ] .
2509.09189	0	-0.1125		22	J ± / J a			Table S1: 30 Parameter points shown in Fig. 2 (a) selected in the QSI region from the smallest goodness-of-fit parameter ⟨ δ 2 / ϵ 2 ⟩ C estimated in Ref. [ 39 ] .
2509.09189	0	0.0375		22	J ± ⁣ ± / J a			Table S1: 30 Parameter points shown in Fig. 2 (a) selected in the QSI region from the smallest goodness-of-fit parameter ⟨ δ 2 / ϵ 2 ⟩ C estimated in Ref. [ 39 ] .
2509.09189	0	0.0512		22	J a			Table S1: 30 Parameter points shown in Fig. 2 (a) selected in the QSI region from the smallest goodness-of-fit parameter ⟨ δ 2 / ϵ 2 ⟩ C estimated in Ref. [ 39 ] .
2509.09189	0	0.0154		22	J b			Table S1: 30 Parameter points shown in Fig. 2 (a) selected in the QSI region from the smallest goodness-of-fit parameter ⟨ δ 2 / ϵ 2 ⟩ C estimated in Ref. [ 39 ] .
2509.09189	0	0.0077		22	J c			Table S1: 30 Parameter points shown in Fig. 2 (a) selected in the QSI region from the smallest goodness-of-fit parameter ⟨ δ 2 / ϵ 2 ⟩ C estimated in Ref. [ 39 ] .
2509.09189	0	-0.1125		23	J ± / J a			Table S1: 30 Parameter points shown in Fig. 2 (a) selected in the QSI region from the smallest goodness-of-fit parameter ⟨ δ 2 / ϵ 2 ⟩ C estimated in Ref. [ 39 ] .
2509.09189	0	0.0825		23	J ± ⁣ ± / J a			Table S1: 30 Parameter points shown in Fig. 2 (a) selected in the QSI region from the smallest goodness-of-fit parameter ⟨ δ 2 / ϵ 2 ⟩ C estimated in Ref. [ 39 ] .
2509.09189	0	0.051		23	J a			Table S1: 30 Parameter points shown in Fig. 2 (a) selected in the QSI region from the smallest goodness-of-fit parameter ⟨ δ 2 / ϵ 2 ⟩ C estimated in Ref. [ 39 ] .
2509.09189	0	0.0199		23	J b			Table S1: 30 Parameter points shown in Fig. 2 (a) selected in the QSI region from the smallest goodness-of-fit parameter ⟨ δ 2 / ϵ 2 ⟩ C estimated in Ref. [ 39 ] .
2509.09189	0	0.0031		23	J c			Table S1: 30 Parameter points shown in Fig. 2 (a) selected in the QSI region from the smallest goodness-of-fit parameter ⟨ δ 2 / ϵ 2 ⟩ C estimated in Ref. [ 39 ] .
2509.09189	0	-0.1425		24	J ± / J a			Table S1: 30 Parameter points shown in Fig. 2 (a) selected in the QSI region from the smallest goodness-of-fit parameter ⟨ δ 2 / ϵ 2 ⟩ C estimated in Ref. [ 39 ] .
2509.09189	0	0.0675		24	J ± ⁣ ± / J a			Table S1: 30 Parameter points shown in Fig. 2 (a) selected in the QSI region from the smallest goodness-of-fit parameter ⟨ δ 2 / ϵ 2 ⟩ C estimated in Ref. [ 39 ] .
2509.09189	0	0.0482		24	J a			Table S1: 30 Parameter points shown in Fig. 2 (a) selected in the QSI region from the smallest goodness-of-fit parameter ⟨ δ 2 / ϵ 2 ⟩ C estimated in Ref. [ 39 ] .
2509.09189	0	0.0203		24	J b			Table S1: 30 Parameter points shown in Fig. 2 (a) selected in the QSI region from the smallest goodness-of-fit parameter ⟨ δ 2 / ϵ 2 ⟩ C estimated in Ref. [ 39 ] .
2509.09189	0	0.0072		24	J c			Table S1: 30 Parameter points shown in Fig. 2 (a) selected in the QSI region from the smallest goodness-of-fit parameter ⟨ δ 2 / ϵ 2 ⟩ C estimated in Ref. [ 39 ] .
2509.09189	0	-0.12		25	J ± / J a			Table S1: 30 Parameter points shown in Fig. 2 (a) selected in the QSI region from the smallest goodness-of-fit parameter ⟨ δ 2 / ϵ 2 ⟩ C estimated in Ref. [ 39 ] .
2509.09189	0	0.015		25	J ± ⁣ ± / J a			Table S1: 30 Parameter points shown in Fig. 2 (a) selected in the QSI region from the smallest goodness-of-fit parameter ⟨ δ 2 / ϵ 2 ⟩ C estimated in Ref. [ 39 ] .
2509.09189	0	0.0506		25	J a			Table S1: 30 Parameter points shown in Fig. 2 (a) selected in the QSI region from the smallest goodness-of-fit parameter ⟨ δ 2 / ϵ 2 ⟩ C estimated in Ref. [ 39 ] .
2509.09189	0	0.0137		25	J b			Table S1: 30 Parameter points shown in Fig. 2 (a) selected in the QSI region from the smallest goodness-of-fit parameter ⟨ δ 2 / ϵ 2 ⟩ C estimated in Ref. [ 39 ] .
2509.09189	0	0.0106		25	J c			Table S1: 30 Parameter points shown in Fig. 2 (a) selected in the QSI region from the smallest goodness-of-fit parameter ⟨ δ 2 / ϵ 2 ⟩ C estimated in Ref. [ 39 ] .
2509.09189	0	-0.1125		26	J ± / J a			Table S1: 30 Parameter points shown in Fig. 2 (a) selected in the QSI region from the smallest goodness-of-fit parameter ⟨ δ 2 / ϵ 2 ⟩ C estimated in Ref. [ 39 ] .
2509.09189	0	0.0225		26	J ± ⁣ ± / J a			Table S1: 30 Parameter points shown in Fig. 2 (a) selected in the QSI region from the smallest goodness-of-fit parameter ⟨ δ 2 / ϵ 2 ⟩ C estimated in Ref. [ 39 ] .
2509.09189	0	0.0513		26	J a			Table S1: 30 Parameter points shown in Fig. 2 (a) selected in the QSI region from the smallest goodness-of-fit parameter ⟨ δ 2 / ϵ 2 ⟩ C estimated in Ref. [ 39 ] .
2509.09189	0	0.0138		26	J b			Table S1: 30 Parameter points shown in Fig. 2 (a) selected in the QSI region from the smallest goodness-of-fit parameter ⟨ δ 2 / ϵ 2 ⟩ C estimated in Ref. [ 39 ] .
2509.09189	0	0.0092		26	J c			Table S1: 30 Parameter points shown in Fig. 2 (a) selected in the QSI region from the smallest goodness-of-fit parameter ⟨ δ 2 / ϵ 2 ⟩ C estimated in Ref. [ 39 ] .
2509.09189	0	-0.135		27	J ± / J a			Table S1: 30 Parameter points shown in Fig. 2 (a) selected in the QSI region from the smallest goodness-of-fit parameter ⟨ δ 2 / ϵ 2 ⟩ C estimated in Ref. [ 39 ] .
2509.09189	0	0.045		27	J ± ⁣ ± / J a			Table S1: 30 Parameter points shown in Fig. 2 (a) selected in the QSI region from the smallest goodness-of-fit parameter ⟨ δ 2 / ϵ 2 ⟩ C estimated in Ref. [ 39 ] .
2509.09189	0	0.0491		27	J a			Table S1: 30 Parameter points shown in Fig. 2 (a) selected in the QSI region from the smallest goodness-of-fit parameter ⟨ δ 2 / ϵ 2 ⟩ C estimated in Ref. [ 39 ] .
2509.09189	0	0.0177		27	J b			Table S1: 30 Parameter points shown in Fig. 2 (a) selected in the QSI region from the smallest goodness-of-fit parameter ⟨ δ 2 / ϵ 2 ⟩ C estimated in Ref. [ 39 ] .
2509.09189	0	0.0088		27	J c			Table S1: 30 Parameter points shown in Fig. 2 (a) selected in the QSI region from the smallest goodness-of-fit parameter ⟨ δ 2 / ϵ 2 ⟩ C estimated in Ref. [ 39 ] .
2509.09189	0	-0.1575		28	J ± / J a			Table S1: 30 Parameter points shown in Fig. 2 (a) selected in the QSI region from the smallest goodness-of-fit parameter ⟨ δ 2 / ϵ 2 ⟩ C estimated in Ref. [ 39 ] .
2509.09189	0	0.1125		28	J ± ⁣ ± / J a			Table S1: 30 Parameter points shown in Fig. 2 (a) selected in the QSI region from the smallest goodness-of-fit parameter ⟨ δ 2 / ϵ 2 ⟩ C estimated in Ref. [ 39 ] .
2509.09189	0	0.0467		28	J a			Table S1: 30 Parameter points shown in Fig. 2 (a) selected in the QSI region from the smallest goodness-of-fit parameter ⟨ δ 2 / ϵ 2 ⟩ C estimated in Ref. [ 39 ] .
2509.09189	0	0.0252		28	J b			Table S1: 30 Parameter points shown in Fig. 2 (a) selected in the QSI region from the smallest goodness-of-fit parameter ⟨ δ 2 / ϵ 2 ⟩ C estimated in Ref. [ 39 ] .
2509.09189	0	0.0042		28	J c			Table S1: 30 Parameter points shown in Fig. 2 (a) selected in the QSI region from the smallest goodness-of-fit parameter ⟨ δ 2 / ϵ 2 ⟩ C estimated in Ref. [ 39 ] .
2509.09189	0	-0.15		29	J ± / J a			Table S1: 30 Parameter points shown in Fig. 2 (a) selected in the QSI region from the smallest goodness-of-fit parameter ⟨ δ 2 / ϵ 2 ⟩ C estimated in Ref. [ 39 ] .
2509.09189	0	0.12		29	J ± ⁣ ± / J a			Table S1: 30 Parameter points shown in Fig. 2 (a) selected in the QSI region from the smallest goodness-of-fit parameter ⟨ δ 2 / ϵ 2 ⟩ C estimated in Ref. [ 39 ] .
2509.09189	0	0.0473		29	J a			Table S1: 30 Parameter points shown in Fig. 2 (a) selected in the QSI region from the smallest goodness-of-fit parameter ⟨ δ 2 / ϵ 2 ⟩ C estimated in Ref. [ 39 ] .
2509.09189	0	0.0255		29	J b			Table S1: 30 Parameter points shown in Fig. 2 (a) selected in the QSI region from the smallest goodness-of-fit parameter ⟨ δ 2 / ϵ 2 ⟩ C estimated in Ref. [ 39 ] .
2509.09189	0	0.0028		29	J c			Table S1: 30 Parameter points shown in Fig. 2 (a) selected in the QSI region from the smallest goodness-of-fit parameter ⟨ δ 2 / ϵ 2 ⟩ C estimated in Ref. [ 39 ] .
2509.09189	0	-0.1575		30	J ± / J a			Table S1: 30 Parameter points shown in Fig. 2 (a) selected in the QSI region from the smallest goodness-of-fit parameter ⟨ δ 2 / ϵ 2 ⟩ C estimated in Ref. [ 39 ] .
2509.09189	0	0.0975		30	J ± ⁣ ± / J a			Table S1: 30 Parameter points shown in Fig. 2 (a) selected in the QSI region from the smallest goodness-of-fit parameter ⟨ δ 2 / ϵ 2 ⟩ C estimated in Ref. [ 39 ] .
2509.09189	0	0.0468		30	J a			Table S1: 30 Parameter points shown in Fig. 2 (a) selected in the QSI region from the smallest goodness-of-fit parameter ⟨ δ 2 / ϵ 2 ⟩ C estimated in Ref. [ 39 ] .
2509.09189	0	0.0239		30	J b			Table S1: 30 Parameter points shown in Fig. 2 (a) selected in the QSI region from the smallest goodness-of-fit parameter ⟨ δ 2 / ϵ 2 ⟩ C estimated in Ref. [ 39 ] .
2509.09189	0	0.0056		30	J c			Table S1: 30 Parameter points shown in Fig. 2 (a) selected in the QSI region from the smallest goodness-of-fit parameter ⟨ δ 2 / ϵ 2 ⟩ C estimated in Ref. [ 39 ] .
2509.09189	1	0.0525		1	J ± / J a			Table S2: 30 Parameter points shown in Fig. 2 (a) selected in the ordered region from the smallest goodness-of-fit parameter ⟨ δ 2 / ϵ 2 ⟩ C estimated in Ref. [ 39 ] .
2509.09189	1	0.1275		1	J ± ⁣ ± / J a			Table S2: 30 Parameter points shown in Fig. 2 (a) selected in the ordered region from the smallest goodness-of-fit parameter ⟨ δ 2 / ϵ 2 ⟩ C estimated in Ref. [ 39 ] .
2509.09189	1	0.0512		1	J a			Table S2: 30 Parameter points shown in Fig. 2 (a) selected in the ordered region from the smallest goodness-of-fit parameter ⟨ δ 2 / ϵ 2 ⟩ C estimated in Ref. [ 39 ] .
2509.09189	1	0.0077		1	J b			Table S2: 30 Parameter points shown in Fig. 2 (a) selected in the ordered region from the smallest goodness-of-fit parameter ⟨ δ 2 / ϵ 2 ⟩ C estimated in Ref. [ 39 ] .
2509.09189	1	-0.0184		1	J c			Table S2: 30 Parameter points shown in Fig. 2 (a) selected in the ordered region from the smallest goodness-of-fit parameter ⟨ δ 2 / ϵ 2 ⟩ C estimated in Ref. [ 39 ] .
2509.09189	1	0.06		2	J ± / J a			Table S2: 30 Parameter points shown in Fig. 2 (a) selected in the ordered region from the smallest goodness-of-fit parameter ⟨ δ 2 / ϵ 2 ⟩ C estimated in Ref. [ 39 ] .
2509.09189	1	0.105		2	J ± ⁣ ± / J a			Table S2: 30 Parameter points shown in Fig. 2 (a) selected in the ordered region from the smallest goodness-of-fit parameter ⟨ δ 2 / ϵ 2 ⟩ C estimated in Ref. [ 39 ] .
2509.09189	1	0.052		2	J a			Table S2: 30 Parameter points shown in Fig. 2 (a) selected in the ordered region from the smallest goodness-of-fit parameter ⟨ δ 2 / ϵ 2 ⟩ C estimated in Ref. [ 39 ] .
2509.09189	1	0.0047		2	J b			Table S2: 30 Parameter points shown in Fig. 2 (a) selected in the ordered region from the smallest goodness-of-fit parameter ⟨ δ 2 / ϵ 2 ⟩ C estimated in Ref. [ 39 ] .
2509.09189	1	-0.0171		2	J c			Table S2: 30 Parameter points shown in Fig. 2 (a) selected in the ordered region from the smallest goodness-of-fit parameter ⟨ δ 2 / ϵ 2 ⟩ C estimated in Ref. [ 39 ] .
2509.09189	1	0.0525		3	J ± / J a			Table S2: 30 Parameter points shown in Fig. 2 (a) selected in the ordered region from the smallest goodness-of-fit parameter ⟨ δ 2 / ϵ 2 ⟩ C estimated in Ref. [ 39 ] .
2509.09189	1	0.1125		3	J ± ⁣ ± / J a			Table S2: 30 Parameter points shown in Fig. 2 (a) selected in the ordered region from the smallest goodness-of-fit parameter ⟨ δ 2 / ϵ 2 ⟩ C estimated in Ref. [ 39 ] .
2509.09189	1	0.0522		3	J a			Table S2: 30 Parameter points shown in Fig. 2 (a) selected in the ordered region from the smallest goodness-of-fit parameter ⟨ δ 2 / ϵ 2 ⟩ C estimated in Ref. [ 39 ] .
2509.09189	1	0.0063		3	J b			Table S2: 30 Parameter points shown in Fig. 2 (a) selected in the ordered region from the smallest goodness-of-fit parameter ⟨ δ 2 / ϵ 2 ⟩ C estimated in Ref. [ 39 ] .
2509.09189	1	-0.0172		3	J c			Table S2: 30 Parameter points shown in Fig. 2 (a) selected in the ordered region from the smallest goodness-of-fit parameter ⟨ δ 2 / ϵ 2 ⟩ C estimated in Ref. [ 39 ] .
2509.09189	1	0.045		4	J ± / J a			Table S2: 30 Parameter points shown in Fig. 2 (a) selected in the ordered region from the smallest goodness-of-fit parameter ⟨ δ 2 / ϵ 2 ⟩ C estimated in Ref. [ 39 ] .
2509.09189	1	0.135		4	J ± ⁣ ± / J a			Table S2: 30 Parameter points shown in Fig. 2 (a) selected in the ordered region from the smallest goodness-of-fit parameter ⟨ δ 2 / ϵ 2 ⟩ C estimated in Ref. [ 39 ] .
2509.09189	1	0.0514		4	J a			Table S2: 30 Parameter points shown in Fig. 2 (a) selected in the ordered region from the smallest goodness-of-fit parameter ⟨ δ 2 / ϵ 2 ⟩ C estimated in Ref. [ 39 ] .
2509.09189	1	0.0092		4	J b			Table S2: 30 Parameter points shown in Fig. 2 (a) selected in the ordered region from the smallest goodness-of-fit parameter ⟨ δ 2 / ϵ 2 ⟩ C estimated in Ref. [ 39 ] .
2509.09189	1	-0.0185		4	J c			Table S2: 30 Parameter points shown in Fig. 2 (a) selected in the ordered region from the smallest goodness-of-fit parameter ⟨ δ 2 / ϵ 2 ⟩ C estimated in Ref. [ 39 ] .
2509.09189	1	0.06		5	J ± / J a			Table S2: 30 Parameter points shown in Fig. 2 (a) selected in the ordered region from the smallest goodness-of-fit parameter ⟨ δ 2 / ϵ 2 ⟩ C estimated in Ref. [ 39 ] .
2509.09189	1	0.12		5	J ± ⁣ ± / J a			Table S2: 30 Parameter points shown in Fig. 2 (a) selected in the ordered region from the smallest goodness-of-fit parameter ⟨ δ 2 / ϵ 2 ⟩ C estimated in Ref. [ 39 ] .
2509.09189	1	0.051		5	J a			Table S2: 30 Parameter points shown in Fig. 2 (a) selected in the ordered region from the smallest goodness-of-fit parameter ⟨ δ 2 / ϵ 2 ⟩ C estimated in Ref. [ 39 ] .
2509.09189	1	0.0061		5	J b			Table S2: 30 Parameter points shown in Fig. 2 (a) selected in the ordered region from the smallest goodness-of-fit parameter ⟨ δ 2 / ϵ 2 ⟩ C estimated in Ref. [ 39 ] .
2509.09189	1	-0.0184		5	J c			Table S2: 30 Parameter points shown in Fig. 2 (a) selected in the ordered region from the smallest goodness-of-fit parameter ⟨ δ 2 / ϵ 2 ⟩ C estimated in Ref. [ 39 ] .
2509.09189	1	0.0675		6	J ± / J a			Table S2: 30 Parameter points shown in Fig. 2 (a) selected in the ordered region from the smallest goodness-of-fit parameter ⟨ δ 2 / ϵ 2 ⟩ C estimated in Ref. [ 39 ] .
2509.09189	1	0.0975		6	J ± ⁣ ± / J a			Table S2: 30 Parameter points shown in Fig. 2 (a) selected in the ordered region from the smallest goodness-of-fit parameter ⟨ δ 2 / ϵ 2 ⟩ C estimated in Ref. [ 39 ] .
2509.09189	1	0.0516		6	J a			Table S2: 30 Parameter points shown in Fig. 2 (a) selected in the ordered region from the smallest goodness-of-fit parameter ⟨ δ 2 / ϵ 2 ⟩ C estimated in Ref. [ 39 ] .
2509.09189	1	0.0031		6	J b			Table S2: 30 Parameter points shown in Fig. 2 (a) selected in the ordered region from the smallest goodness-of-fit parameter ⟨ δ 2 / ϵ 2 ⟩ C estimated in Ref. [ 39 ] .
2509.09189	1	-0.017		6	J c			Table S2: 30 Parameter points shown in Fig. 2 (a) selected in the ordered region from the smallest goodness-of-fit parameter ⟨ δ 2 / ϵ 2 ⟩ C estimated in Ref. [ 39 ] .
2509.09189	1	0.06		7	J ± / J a			Table S2: 30 Parameter points shown in Fig. 2 (a) selected in the ordered region from the smallest goodness-of-fit parameter ⟨ δ 2 / ϵ 2 ⟩ C estimated in Ref. [ 39 ] .
2509.09189	1	0.09		7	J ± ⁣ ± / J a			Table S2: 30 Parameter points shown in Fig. 2 (a) selected in the ordered region from the smallest goodness-of-fit parameter ⟨ δ 2 / ϵ 2 ⟩ C estimated in Ref. [ 39 ] .
2509.09189	1	0.0528		7	J a			Table S2: 30 Parameter points shown in Fig. 2 (a) selected in the ordered region from the smallest goodness-of-fit parameter ⟨ δ 2 / ϵ 2 ⟩ C estimated in Ref. [ 39 ] .
2509.09189	1	0.0032		7	J b			Table S2: 30 Parameter points shown in Fig. 2 (a) selected in the ordered region from the smallest goodness-of-fit parameter ⟨ δ 2 / ϵ 2 ⟩ C estimated in Ref. [ 39 ] .
2509.09189	1	-0.0159		7	J c			Table S2: 30 Parameter points shown in Fig. 2 (a) selected in the ordered region from the smallest goodness-of-fit parameter ⟨ δ 2 / ϵ 2 ⟩ C estimated in Ref. [ 39 ] .
2509.09189	1	0.0675		8	J ± / J a			Table S2: 30 Parameter points shown in Fig. 2 (a) selected in the ordered region from the smallest goodness-of-fit parameter ⟨ δ 2 / ϵ 2 ⟩ C estimated in Ref. [ 39 ] .
2509.09189	1	0.0825		8	J ± ⁣ ± / J a			Table S2: 30 Parameter points shown in Fig. 2 (a) selected in the ordered region from the smallest goodness-of-fit parameter ⟨ δ 2 / ϵ 2 ⟩ C estimated in Ref. [ 39 ] .
2509.09189	1	0.0524		8	J a			Table S2: 30 Parameter points shown in Fig. 2 (a) selected in the ordered region from the smallest goodness-of-fit parameter ⟨ δ 2 / ϵ 2 ⟩ C estimated in Ref. [ 39 ] .
2509.09189	1	0.0016		8	J b			Table S2: 30 Parameter points shown in Fig. 2 (a) selected in the ordered region from the smallest goodness-of-fit parameter ⟨ δ 2 / ϵ 2 ⟩ C estimated in Ref. [ 39 ] .
2509.09189	1	-0.0157		8	J c			Table S2: 30 Parameter points shown in Fig. 2 (a) selected in the ordered region from the smallest goodness-of-fit parameter ⟨ δ 2 / ϵ 2 ⟩ C estimated in Ref. [ 39 ] .
2509.09189	1	0.0525		9	J ± / J a			Table S2: 30 Parameter points shown in Fig. 2 (a) selected in the ordered region from the smallest goodness-of-fit parameter ⟨ δ 2 / ϵ 2 ⟩ C estimated in Ref. [ 39 ] .
2509.09189	1	0.0975		9	J ± ⁣ ± / J a			Table S2: 30 Parameter points shown in Fig. 2 (a) selected in the ordered region from the smallest goodness-of-fit parameter ⟨ δ 2 / ϵ 2 ⟩ C estimated in Ref. [ 39 ] .
2509.09189	1	0.0532		9	J a			Table S2: 30 Parameter points shown in Fig. 2 (a) selected in the ordered region from the smallest goodness-of-fit parameter ⟨ δ 2 / ϵ 2 ⟩ C estimated in Ref. [ 39 ] .
2509.09189	1	0.0048		9	J b			Table S2: 30 Parameter points shown in Fig. 2 (a) selected in the ordered region from the smallest goodness-of-fit parameter ⟨ δ 2 / ϵ 2 ⟩ C estimated in Ref. [ 39 ] .
2509.09189	1	-0.0159		9	J c			Table S2: 30 Parameter points shown in Fig. 2 (a) selected in the ordered region from the smallest goodness-of-fit parameter ⟨ δ 2 / ϵ 2 ⟩ C estimated in Ref. [ 39 ] .
2509.09189	1	0.045		10	J ± / J a			Table S2: 30 Parameter points shown in Fig. 2 (a) selected in the ordered region from the smallest goodness-of-fit parameter ⟨ δ 2 / ϵ 2 ⟩ C estimated in Ref. [ 39 ] .
2509.09189	1	0.15		10	J ± ⁣ ± / J a			Table S2: 30 Parameter points shown in Fig. 2 (a) selected in the ordered region from the smallest goodness-of-fit parameter ⟨ δ 2 / ϵ 2 ⟩ C estimated in Ref. [ 39 ] .
2509.09189	1	0.0503		10	J a			Table S2: 30 Parameter points shown in Fig. 2 (a) selected in the ordered region from the smallest goodness-of-fit parameter ⟨ δ 2 / ϵ 2 ⟩ C estimated in Ref. [ 39 ] .
2509.09189	1	0.0106		10	J b			Table S2: 30 Parameter points shown in Fig. 2 (a) selected in the ordered region from the smallest goodness-of-fit parameter ⟨ δ 2 / ϵ 2 ⟩ C estimated in Ref. [ 39 ] .
2509.09189	1	-0.0196		10	J c			Table S2: 30 Parameter points shown in Fig. 2 (a) selected in the ordered region from the smallest goodness-of-fit parameter ⟨ δ 2 / ϵ 2 ⟩ C estimated in Ref. [ 39 ] .
2509.09189	1	0.045		11	J ± / J a			Table S2: 30 Parameter points shown in Fig. 2 (a) selected in the ordered region from the smallest goodness-of-fit parameter ⟨ δ 2 / ϵ 2 ⟩ C estimated in Ref. [ 39 ] .
2509.09189	1	0.12		11	J ± ⁣ ± / J a			Table S2: 30 Parameter points shown in Fig. 2 (a) selected in the ordered region from the smallest goodness-of-fit parameter ⟨ δ 2 / ϵ 2 ⟩ C estimated in Ref. [ 39 ] .
2509.09189	1	0.0525		11	J a			Table S2: 30 Parameter points shown in Fig. 2 (a) selected in the ordered region from the smallest goodness-of-fit parameter ⟨ δ 2 / ϵ 2 ⟩ C estimated in Ref. [ 39 ] .
2509.09189	1	0.0079		11	J b			Table S2: 30 Parameter points shown in Fig. 2 (a) selected in the ordered region from the smallest goodness-of-fit parameter ⟨ δ 2 / ϵ 2 ⟩ C estimated in Ref. [ 39 ] .
2509.09189	1	-0.0173		11	J c			Table S2: 30 Parameter points shown in Fig. 2 (a) selected in the ordered region from the smallest goodness-of-fit parameter ⟨ δ 2 / ϵ 2 ⟩ C estimated in Ref. [ 39 ] .
2509.09189	1	0.0525		12	J ± / J a			Table S2: 30 Parameter points shown in Fig. 2 (a) selected in the ordered region from the smallest goodness-of-fit parameter ⟨ δ 2 / ϵ 2 ⟩ C estimated in Ref. [ 39 ] .
2509.09189	1	0.1425		12	J ± ⁣ ± / J a			Table S2: 30 Parameter points shown in Fig. 2 (a) selected in the ordered region from the smallest goodness-of-fit parameter ⟨ δ 2 / ϵ 2 ⟩ C estimated in Ref. [ 39 ] .
2509.09189	1	0.0501		12	J a			Table S2: 30 Parameter points shown in Fig. 2 (a) selected in the ordered region from the smallest goodness-of-fit parameter ⟨ δ 2 / ϵ 2 ⟩ C estimated in Ref. [ 39 ] .
2509.09189	1	0.009		12	J b			Table S2: 30 Parameter points shown in Fig. 2 (a) selected in the ordered region from the smallest goodness-of-fit parameter ⟨ δ 2 / ϵ 2 ⟩ C estimated in Ref. [ 39 ] .
2509.09189	1	-0.0196		12	J c			Table S2: 30 Parameter points shown in Fig. 2 (a) selected in the ordered region from the smallest goodness-of-fit parameter ⟨ δ 2 / ϵ 2 ⟩ C estimated in Ref. [ 39 ] .
2509.09189	1	0.0675		13	J ± / J a			Table S2: 30 Parameter points shown in Fig. 2 (a) selected in the ordered region from the smallest goodness-of-fit parameter ⟨ δ 2 / ϵ 2 ⟩ C estimated in Ref. [ 39 ] .
2509.09189	1	0.1125		13	J ± ⁣ ± / J a			Table S2: 30 Parameter points shown in Fig. 2 (a) selected in the ordered region from the smallest goodness-of-fit parameter ⟨ δ 2 / ϵ 2 ⟩ C estimated in Ref. [ 39 ] .
2509.09189	1	0.0506		13	J a			Table S2: 30 Parameter points shown in Fig. 2 (a) selected in the ordered region from the smallest goodness-of-fit parameter ⟨ δ 2 / ϵ 2 ⟩ C estimated in Ref. [ 39 ] .
2509.09189	1	0.0046		13	J b			Table S2: 30 Parameter points shown in Fig. 2 (a) selected in the ordered region from the smallest goodness-of-fit parameter ⟨ δ 2 / ϵ 2 ⟩ C estimated in Ref. [ 39 ] .
2509.09189	1	-0.0182		13	J c			Table S2: 30 Parameter points shown in Fig. 2 (a) selected in the ordered region from the smallest goodness-of-fit parameter ⟨ δ 2 / ϵ 2 ⟩ C estimated in Ref. [ 39 ] .
2509.09189	1	0.06		14	J ± / J a			Table S2: 30 Parameter points shown in Fig. 2 (a) selected in the ordered region from the smallest goodness-of-fit parameter ⟨ δ 2 / ϵ 2 ⟩ C estimated in Ref. [ 39 ] .
2509.09189	1	0.075		14	J ± ⁣ ± / J a			Table S2: 30 Parameter points shown in Fig. 2 (a) selected in the ordered region from the smallest goodness-of-fit parameter ⟨ δ 2 / ϵ 2 ⟩ C estimated in Ref. [ 39 ] .
2509.09189	1	0.0536		14	J a			Table S2: 30 Parameter points shown in Fig. 2 (a) selected in the ordered region from the smallest goodness-of-fit parameter ⟨ δ 2 / ϵ 2 ⟩ C estimated in Ref. [ 39 ] .
2509.09189	1	0.0016		14	J b			Table S2: 30 Parameter points shown in Fig. 2 (a) selected in the ordered region from the smallest goodness-of-fit parameter ⟨ δ 2 / ϵ 2 ⟩ C estimated in Ref. [ 39 ] .
2509.09189	1	-0.0145		14	J c			Table S2: 30 Parameter points shown in Fig. 2 (a) selected in the ordered region from the smallest goodness-of-fit parameter ⟨ δ 2 / ϵ 2 ⟩ C estimated in Ref. [ 39 ] .
2509.09189	1	0.0675		15	J ± / J a			Table S2: 30 Parameter points shown in Fig. 2 (a) selected in the ordered region from the smallest goodness-of-fit parameter ⟨ δ 2 / ϵ 2 ⟩ C estimated in Ref. [ 39 ] .
2509.09189	1	0.0675		15	J ± ⁣ ± / J a			Table S2: 30 Parameter points shown in Fig. 2 (a) selected in the ordered region from the smallest goodness-of-fit parameter ⟨ δ 2 / ϵ 2 ⟩ C estimated in Ref. [ 39 ] .
2509.09189	1	0.0531		15	J a			Table S2: 30 Parameter points shown in Fig. 2 (a) selected in the ordered region from the smallest goodness-of-fit parameter ⟨ δ 2 / ϵ 2 ⟩ C estimated in Ref. [ 39 ] .
2509.09189	1	0		15	J b			Table S2: 30 Parameter points shown in Fig. 2 (a) selected in the ordered region from the smallest goodness-of-fit parameter ⟨ δ 2 / ϵ 2 ⟩ C estimated in Ref. [ 39 ] .
2509.09189	1	-0.0143		15	J c			Table S2: 30 Parameter points shown in Fig. 2 (a) selected in the ordered region from the smallest goodness-of-fit parameter ⟨ δ 2 / ϵ 2 ⟩ C estimated in Ref. [ 39 ] .
2509.09189	1	0.0375		16	J ± / J a			Table S2: 30 Parameter points shown in Fig. 2 (a) selected in the ordered region from the smallest goodness-of-fit parameter ⟨ δ 2 / ϵ 2 ⟩ C estimated in Ref. [ 39 ] .
2509.09189	1	0.1575		16	J ± ⁣ ± / J a			Table S2: 30 Parameter points shown in Fig. 2 (a) selected in the ordered region from the smallest goodness-of-fit parameter ⟨ δ 2 / ϵ 2 ⟩ C estimated in Ref. [ 39 ] .
2509.09189	1	0.0503		16	J a			Table S2: 30 Parameter points shown in Fig. 2 (a) selected in the ordered region from the smallest goodness-of-fit parameter ⟨ δ 2 / ϵ 2 ⟩ C estimated in Ref. [ 39 ] .
2509.09189	1	0.0121		16	J b			Table S2: 30 Parameter points shown in Fig. 2 (a) selected in the ordered region from the smallest goodness-of-fit parameter ⟨ δ 2 / ϵ 2 ⟩ C estimated in Ref. [ 39 ] .
2509.09189	1	-0.0196		16	J c			Table S2: 30 Parameter points shown in Fig. 2 (a) selected in the ordered region from the smallest goodness-of-fit parameter ⟨ δ 2 / ϵ 2 ⟩ C estimated in Ref. [ 39 ] .
2509.09189	1	0.0375		17	J ± / J a			Table S2: 30 Parameter points shown in Fig. 2 (a) selected in the ordered region from the smallest goodness-of-fit parameter ⟨ δ 2 / ϵ 2 ⟩ C estimated in Ref. [ 39 ] .
2509.09189	1	0.1425		17	J ± ⁣ ± / J a			Table S2: 30 Parameter points shown in Fig. 2 (a) selected in the ordered region from the smallest goodness-of-fit parameter ⟨ δ 2 / ϵ 2 ⟩ C estimated in Ref. [ 39 ] .
2509.09189	1	0.0515		17	J a			Table S2: 30 Parameter points shown in Fig. 2 (a) selected in the ordered region from the smallest goodness-of-fit parameter ⟨ δ 2 / ϵ 2 ⟩ C estimated in Ref. [ 39 ] .
2509.09189	1	0.0108		17	J b			Table S2: 30 Parameter points shown in Fig. 2 (a) selected in the ordered region from the smallest goodness-of-fit parameter ⟨ δ 2 / ϵ 2 ⟩ C estimated in Ref. [ 39 ] .
2509.09189	1	-0.0185		17	J c			Table S2: 30 Parameter points shown in Fig. 2 (a) selected in the ordered region from the smallest goodness-of-fit parameter ⟨ δ 2 / ϵ 2 ⟩ C estimated in Ref. [ 39 ] .
2509.09189	1	0.075		18	J ± / J a			Table S2: 30 Parameter points shown in Fig. 2 (a) selected in the ordered region from the smallest goodness-of-fit parameter ⟨ δ 2 / ϵ 2 ⟩ C estimated in Ref. [ 39 ] .
2509.09189	1	0.075		18	J ± ⁣ ± / J a			Table S2: 30 Parameter points shown in Fig. 2 (a) selected in the ordered region from the smallest goodness-of-fit parameter ⟨ δ 2 / ϵ 2 ⟩ C estimated in Ref. [ 39 ] .
2509.09189	1	0.052		18	J a			Table S2: 30 Parameter points shown in Fig. 2 (a) selected in the ordered region from the smallest goodness-of-fit parameter ⟨ δ 2 / ϵ 2 ⟩ C estimated in Ref. [ 39 ] .
2509.09189	1	0		18	J b			Table S2: 30 Parameter points shown in Fig. 2 (a) selected in the ordered region from the smallest goodness-of-fit parameter ⟨ δ 2 / ϵ 2 ⟩ C estimated in Ref. [ 39 ] .
2509.09189	1	-0.0156		18	J c			Table S2: 30 Parameter points shown in Fig. 2 (a) selected in the ordered region from the smallest goodness-of-fit parameter ⟨ δ 2 / ϵ 2 ⟩ C estimated in Ref. [ 39 ] .
2509.09189	1	0.075		19	J ± / J a			Table S2: 30 Parameter points shown in Fig. 2 (a) selected in the ordered region from the smallest goodness-of-fit parameter ⟨ δ 2 / ϵ 2 ⟩ C estimated in Ref. [ 39 ] .
2509.09189	1	0.09		19	J ± ⁣ ± / J a			Table S2: 30 Parameter points shown in Fig. 2 (a) selected in the ordered region from the smallest goodness-of-fit parameter ⟨ δ 2 / ϵ 2 ⟩ C estimated in Ref. [ 39 ] .
2509.09189	1	0.0512		19	J a			Table S2: 30 Parameter points shown in Fig. 2 (a) selected in the ordered region from the smallest goodness-of-fit parameter ⟨ δ 2 / ϵ 2 ⟩ C estimated in Ref. [ 39 ] .
2509.09189	1	0.0015		19	J b			Table S2: 30 Parameter points shown in Fig. 2 (a) selected in the ordered region from the smallest goodness-of-fit parameter ⟨ δ 2 / ϵ 2 ⟩ C estimated in Ref. [ 39 ] .
2509.09189	1	-0.0169		19	J c			Table S2: 30 Parameter points shown in Fig. 2 (a) selected in the ordered region from the smallest goodness-of-fit parameter ⟨ δ 2 / ϵ 2 ⟩ C estimated in Ref. [ 39 ] .
2509.09189	1	0.0525		20	J ± / J a			Table S2: 30 Parameter points shown in Fig. 2 (a) selected in the ordered region from the smallest goodness-of-fit parameter ⟨ δ 2 / ϵ 2 ⟩ C estimated in Ref. [ 39 ] .
2509.09189	1	0.0825		20	J ± ⁣ ± / J a			Table S2: 30 Parameter points shown in Fig. 2 (a) selected in the ordered region from the smallest goodness-of-fit parameter ⟨ δ 2 / ϵ 2 ⟩ C estimated in Ref. [ 39 ] .
2509.09189	1	0.054		20	J a			Table S2: 30 Parameter points shown in Fig. 2 (a) selected in the ordered region from the smallest goodness-of-fit parameter ⟨ δ 2 / ϵ 2 ⟩ C estimated in Ref. [ 39 ] .
2509.09189	1	0.0032		20	J b			Table S2: 30 Parameter points shown in Fig. 2 (a) selected in the ordered region from the smallest goodness-of-fit parameter ⟨ δ 2 / ϵ 2 ⟩ C estimated in Ref. [ 39 ] .
2509.09189	1	-0.0146		20	J c			Table S2: 30 Parameter points shown in Fig. 2 (a) selected in the ordered region from the smallest goodness-of-fit parameter ⟨ δ 2 / ϵ 2 ⟩ C estimated in Ref. [ 39 ] .
2509.09189	1	0.045		21	J ± / J a			Table S2: 30 Parameter points shown in Fig. 2 (a) selected in the ordered region from the smallest goodness-of-fit parameter ⟨ δ 2 / ϵ 2 ⟩ C estimated in Ref. [ 39 ] .
2509.09189	1	0.105		21	J ± ⁣ ± / J a			Table S2: 30 Parameter points shown in Fig. 2 (a) selected in the ordered region from the smallest goodness-of-fit parameter ⟨ δ 2 / ϵ 2 ⟩ C estimated in Ref. [ 39 ] .
2509.09189	1	0.0534		21	J a			Table S2: 30 Parameter points shown in Fig. 2 (a) selected in the ordered region from the smallest goodness-of-fit parameter ⟨ δ 2 / ϵ 2 ⟩ C estimated in Ref. [ 39 ] .
2509.09189	1	0.0064		21	J b			Table S2: 30 Parameter points shown in Fig. 2 (a) selected in the ordered region from the smallest goodness-of-fit parameter ⟨ δ 2 / ϵ 2 ⟩ C estimated in Ref. [ 39 ] .
2509.09189	1	-0.016		21	J c			Table S2: 30 Parameter points shown in Fig. 2 (a) selected in the ordered region from the smallest goodness-of-fit parameter ⟨ δ 2 / ϵ 2 ⟩ C estimated in Ref. [ 39 ] .
2509.09189	1	0.045		22	J ± / J a			Table S2: 30 Parameter points shown in Fig. 2 (a) selected in the ordered region from the smallest goodness-of-fit parameter ⟨ δ 2 / ϵ 2 ⟩ C estimated in Ref. [ 39 ] .
2509.09189	1	0.165		22	J ± ⁣ ± / J a			Table S2: 30 Parameter points shown in Fig. 2 (a) selected in the ordered region from the smallest goodness-of-fit parameter ⟨ δ 2 / ϵ 2 ⟩ C estimated in Ref. [ 39 ] .
2509.09189	1	0.0491		22	J a			Table S2: 30 Parameter points shown in Fig. 2 (a) selected in the ordered region from the smallest goodness-of-fit parameter ⟨ δ 2 / ϵ 2 ⟩ C estimated in Ref. [ 39 ] .
2509.09189	1	0.0118		22	J b			Table S2: 30 Parameter points shown in Fig. 2 (a) selected in the ordered region from the smallest goodness-of-fit parameter ⟨ δ 2 / ϵ 2 ⟩ C estimated in Ref. [ 39 ] .
2509.09189	1	-0.0206		22	J c			Table S2: 30 Parameter points shown in Fig. 2 (a) selected in the ordered region from the smallest goodness-of-fit parameter ⟨ δ 2 / ϵ 2 ⟩ C estimated in Ref. [ 39 ] .
2509.09189	1	0.0375		23	J ± / J a			Table S2: 30 Parameter points shown in Fig. 2 (a) selected in the ordered region from the smallest goodness-of-fit parameter ⟨ δ 2 / ϵ 2 ⟩ C estimated in Ref. [ 39 ] .
2509.09189	1	0.1725		23	J ± ⁣ ± / J a			Table S2: 30 Parameter points shown in Fig. 2 (a) selected in the ordered region from the smallest goodness-of-fit parameter ⟨ δ 2 / ϵ 2 ⟩ C estimated in Ref. [ 39 ] .
2509.09189	1	0.0492		23	J a			Table S2: 30 Parameter points shown in Fig. 2 (a) selected in the ordered region from the smallest goodness-of-fit parameter ⟨ δ 2 / ϵ 2 ⟩ C estimated in Ref. [ 39 ] .
2509.09189	1	0.0133		23	J b			Table S2: 30 Parameter points shown in Fig. 2 (a) selected in the ordered region from the smallest goodness-of-fit parameter ⟨ δ 2 / ϵ 2 ⟩ C estimated in Ref. [ 39 ] .
2509.09189	1	-0.0207		23	J c			Table S2: 30 Parameter points shown in Fig. 2 (a) selected in the ordered region from the smallest goodness-of-fit parameter ⟨ δ 2 / ϵ 2 ⟩ C estimated in Ref. [ 39 ] .
2509.09189	1	0.06		24	J ± / J a			Table S2: 30 Parameter points shown in Fig. 2 (a) selected in the ordered region from the smallest goodness-of-fit parameter ⟨ δ 2 / ϵ 2 ⟩ C estimated in Ref. [ 39 ] .
2509.09189	1	0.135		24	J ± ⁣ ± / J a			Table S2: 30 Parameter points shown in Fig. 2 (a) selected in the ordered region from the smallest goodness-of-fit parameter ⟨ δ 2 / ϵ 2 ⟩ C estimated in Ref. [ 39 ] .
2509.09189	1	0.0498		24	J a			Table S2: 30 Parameter points shown in Fig. 2 (a) selected in the ordered region from the smallest goodness-of-fit parameter ⟨ δ 2 / ϵ 2 ⟩ C estimated in Ref. [ 39 ] .
2509.09189	1	0.0075		24	J b			Table S2: 30 Parameter points shown in Fig. 2 (a) selected in the ordered region from the smallest goodness-of-fit parameter ⟨ δ 2 / ϵ 2 ⟩ C estimated in Ref. [ 39 ] .
2509.09189	1	-0.0194		24	J c			Table S2: 30 Parameter points shown in Fig. 2 (a) selected in the ordered region from the smallest goodness-of-fit parameter ⟨ δ 2 / ϵ 2 ⟩ C estimated in Ref. [ 39 ] .
2509.09189	1	0.075		25	J ± / J a			Table S2: 30 Parameter points shown in Fig. 2 (a) selected in the ordered region from the smallest goodness-of-fit parameter ⟨ δ 2 / ϵ 2 ⟩ C estimated in Ref. [ 39 ] .
2509.09189	1	0.06		25	J ± ⁣ ± / J a			Table S2: 30 Parameter points shown in Fig. 2 (a) selected in the ordered region from the smallest goodness-of-fit parameter ⟨ δ 2 / ϵ 2 ⟩ C estimated in Ref. [ 39 ] .
2509.09189	1	0.0526		25	J a			Table S2: 30 Parameter points shown in Fig. 2 (a) selected in the ordered region from the smallest goodness-of-fit parameter ⟨ δ 2 / ϵ 2 ⟩ C estimated in Ref. [ 39 ] .
2509.09189	1	-0.0016		25	J b			Table S2: 30 Parameter points shown in Fig. 2 (a) selected in the ordered region from the smallest goodness-of-fit parameter ⟨ δ 2 / ϵ 2 ⟩ C estimated in Ref. [ 39 ] .
2509.09189	1	-0.0142		25	J c			Table S2: 30 Parameter points shown in Fig. 2 (a) selected in the ordered region from the smallest goodness-of-fit parameter ⟨ δ 2 / ϵ 2 ⟩ C estimated in Ref. [ 39 ] .
2509.09189	1	0.0375		26	J ± / J a			Table S2: 30 Parameter points shown in Fig. 2 (a) selected in the ordered region from the smallest goodness-of-fit parameter ⟨ δ 2 / ϵ 2 ⟩ C estimated in Ref. [ 39 ] .
2509.09189	1	0.1875		26	J ± ⁣ ± / J a			Table S2: 30 Parameter points shown in Fig. 2 (a) selected in the ordered region from the smallest goodness-of-fit parameter ⟨ δ 2 / ϵ 2 ⟩ C estimated in Ref. [ 39 ] .
2509.09189	1	0.0479		26	J a			Table S2: 30 Parameter points shown in Fig. 2 (a) selected in the ordered region from the smallest goodness-of-fit parameter ⟨ δ 2 / ϵ 2 ⟩ C estimated in Ref. [ 39 ] .
2509.09189	1	0.0144		26	J b			Table S2: 30 Parameter points shown in Fig. 2 (a) selected in the ordered region from the smallest goodness-of-fit parameter ⟨ δ 2 / ϵ 2 ⟩ C estimated in Ref. [ 39 ] .
2509.09189	1	-0.0216		26	J c			Table S2: 30 Parameter points shown in Fig. 2 (a) selected in the ordered region from the smallest goodness-of-fit parameter ⟨ δ 2 / ϵ 2 ⟩ C estimated in Ref. [ 39 ] .
2509.09189	1	0.0675		27	J ± / J a			Table S2: 30 Parameter points shown in Fig. 2 (a) selected in the ordered region from the smallest goodness-of-fit parameter ⟨ δ 2 / ϵ 2 ⟩ C estimated in Ref. [ 39 ] .
2509.09189	1	0.0525		27	J ± ⁣ ± / J a			Table S2: 30 Parameter points shown in Fig. 2 (a) selected in the ordered region from the smallest goodness-of-fit parameter ⟨ δ 2 / ϵ 2 ⟩ C estimated in Ref. [ 39 ] .
2509.09189	1	0.0537		27	J a			Table S2: 30 Parameter points shown in Fig. 2 (a) selected in the ordered region from the smallest goodness-of-fit parameter ⟨ δ 2 / ϵ 2 ⟩ C estimated in Ref. [ 39 ] .
2509.09189	1	-0.0016		27	J b			Table S2: 30 Parameter points shown in Fig. 2 (a) selected in the ordered region from the smallest goodness-of-fit parameter ⟨ δ 2 / ϵ 2 ⟩ C estimated in Ref. [ 39 ] .
2509.09189	1	-0.0129		27	J c			Table S2: 30 Parameter points shown in Fig. 2 (a) selected in the ordered region from the smallest goodness-of-fit parameter ⟨ δ 2 / ϵ 2 ⟩ C estimated in Ref. [ 39 ] .
2509.09189	1	0.03		28	J ± / J a			Table S2: 30 Parameter points shown in Fig. 2 (a) selected in the ordered region from the smallest goodness-of-fit parameter ⟨ δ 2 / ϵ 2 ⟩ C estimated in Ref. [ 39 ] .
2509.09189	1	0.195		28	J ± ⁣ ± / J a			Table S2: 30 Parameter points shown in Fig. 2 (a) selected in the ordered region from the smallest goodness-of-fit parameter ⟨ δ 2 / ϵ 2 ⟩ C estimated in Ref. [ 39 ] .
2509.09189	1	0.048		28	J a			Table S2: 30 Parameter points shown in Fig. 2 (a) selected in the ordered region from the smallest goodness-of-fit parameter ⟨ δ 2 / ϵ 2 ⟩ C estimated in Ref. [ 39 ] .
2509.09189	1	0.0158		28	J b			Table S2: 30 Parameter points shown in Fig. 2 (a) selected in the ordered region from the smallest goodness-of-fit parameter ⟨ δ 2 / ϵ 2 ⟩ C estimated in Ref. [ 39 ] .
2509.09189	1	-0.0216		28	J c			Table S2: 30 Parameter points shown in Fig. 2 (a) selected in the ordered region from the smallest goodness-of-fit parameter ⟨ δ 2 / ϵ 2 ⟩ C estimated in Ref. [ 39 ] .
2509.09189	1	0.06		29	J ± / J a			Table S2: 30 Parameter points shown in Fig. 2 (a) selected in the ordered region from the smallest goodness-of-fit parameter ⟨ δ 2 / ϵ 2 ⟩ C estimated in Ref. [ 39 ] .
2509.09189	1	0.06		29	J ± ⁣ ± / J a			Table S2: 30 Parameter points shown in Fig. 2 (a) selected in the ordered region from the smallest goodness-of-fit parameter ⟨ δ 2 / ϵ 2 ⟩ C estimated in Ref. [ 39 ] .
2509.09189	1	0.0542		29	J a			Table S2: 30 Parameter points shown in Fig. 2 (a) selected in the ordered region from the smallest goodness-of-fit parameter ⟨ δ 2 / ϵ 2 ⟩ C estimated in Ref. [ 39 ] .
2509.09189	1	0		29	J b			Table S2: 30 Parameter points shown in Fig. 2 (a) selected in the ordered region from the smallest goodness-of-fit parameter ⟨ δ 2 / ϵ 2 ⟩ C estimated in Ref. [ 39 ] .
2509.09189	1	-0.013		29	J c			Table S2: 30 Parameter points shown in Fig. 2 (a) selected in the ordered region from the smallest goodness-of-fit parameter ⟨ δ 2 / ϵ 2 ⟩ C estimated in Ref. [ 39 ] .
2509.09189	1	0.03		30	J ± / J a			Table S2: 30 Parameter points shown in Fig. 2 (a) selected in the ordered region from the smallest goodness-of-fit parameter ⟨ δ 2 / ϵ 2 ⟩ C estimated in Ref. [ 39 ] .
2509.09189	1	0.21		30	J ± ⁣ ± / J a			Table S2: 30 Parameter points shown in Fig. 2 (a) selected in the ordered region from the smallest goodness-of-fit parameter ⟨ δ 2 / ϵ 2 ⟩ C estimated in Ref. [ 39 ] .
2509.09189	1	0.0466		30	J a			Table S2: 30 Parameter points shown in Fig. 2 (a) selected in the ordered region from the smallest goodness-of-fit parameter ⟨ δ 2 / ϵ 2 ⟩ C estimated in Ref. [ 39 ] .
2509.09189	1	0.0168		30	J b			Table S2: 30 Parameter points shown in Fig. 2 (a) selected in the ordered region from the smallest goodness-of-fit parameter ⟨ δ 2 / ϵ 2 ⟩ C estimated in Ref. [ 39 ] .
2509.09189	1	-0.0223		30	J c			Table S2: 30 Parameter points shown in Fig. 2 (a) selected in the ordered region from the smallest goodness-of-fit parameter ⟨ δ 2 / ϵ 2 ⟩ C estimated in Ref. [ 39 ] .
2509.09189	2	0.0485		QSI	J x (meV)			Table S3: The best-fit parameters obtained from the CMC simulations for the parameter points shown in Fig. 2 (b) in the main text. The dominant interaction for each permutation is highlighted in bold.
2509.09189	2	0.014		QSI	J y (meV)			Table S3: The best-fit parameters obtained from the CMC simulations for the parameter points shown in Fig. 2 (b) in the main text. The dominant interaction for each permutation is highlighted in bold.
2509.09189	2	0.0135		QSI	J z (meV)			Table S3: The best-fit parameters obtained from the CMC simulations for the parameter points shown in Fig. 2 (b) in the main text. The dominant interaction for each permutation is highlighted in bold.
2509.09189	2	0.0096		QSI	J x z (meV)			Table S3: The best-fit parameters obtained from the CMC simulations for the parameter points shown in Fig. 2 (b) in the main text. The dominant interaction for each permutation is highlighted in bold.
2509.09189	2	0.0485		QSI	J x (meV)			Table S3: The best-fit parameters obtained from the CMC simulations for the parameter points shown in Fig. 2 (b) in the main text. The dominant interaction for each permutation is highlighted in bold.
2509.09189	2	0.009		QSI	J y (meV)			Table S3: The best-fit parameters obtained from the CMC simulations for the parameter points shown in Fig. 2 (b) in the main text. The dominant interaction for each permutation is highlighted in bold.
2509.09189	2	0.0185		QSI	J z (meV)			Table S3: The best-fit parameters obtained from the CMC simulations for the parameter points shown in Fig. 2 (b) in the main text. The dominant interaction for each permutation is highlighted in bold.
2509.09189	2	0.0039		QSI	J x z (meV)			Table S3: The best-fit parameters obtained from the CMC simulations for the parameter points shown in Fig. 2 (b) in the main text. The dominant interaction for each permutation is highlighted in bold.
2509.09189	2	0.0152		QSI	J x (meV)			Table S3: The best-fit parameters obtained from the CMC simulations for the parameter points shown in Fig. 2 (b) in the main text. The dominant interaction for each permutation is highlighted in bold.
2509.09189	2	0.047		QSI	J y (meV)			Table S3: The best-fit parameters obtained from the CMC simulations for the parameter points shown in Fig. 2 (b) in the main text. The dominant interaction for each permutation is highlighted in bold.
2509.09189	2	0.0138		QSI	J z (meV)			Table S3: The best-fit parameters obtained from the CMC simulations for the parameter points shown in Fig. 2 (b) in the main text. The dominant interaction for each permutation is highlighted in bold.
2509.09189	2	-0.0115		QSI	J x z (meV)			Table S3: The best-fit parameters obtained from the CMC simulations for the parameter points shown in Fig. 2 (b) in the main text. The dominant interaction for each permutation is highlighted in bold.
2509.09189	2	0.0064		Ordered	J x (meV)			Table S3: The best-fit parameters obtained from the CMC simulations for the parameter points shown in Fig. 2 (b) in the main text. The dominant interaction for each permutation is highlighted in bold.
2509.09189	2	0.016		Ordered	J y (meV)			Table S3: The best-fit parameters obtained from the CMC simulations for the parameter points shown in Fig. 2 (b) in the main text. The dominant interaction for each permutation is highlighted in bold.
2509.09189	2	0.0196		Ordered	J z (meV)			Table S3: The best-fit parameters obtained from the CMC simulations for the parameter points shown in Fig. 2 (b) in the main text. The dominant interaction for each permutation is highlighted in bold.
2509.09189	2	0.0344		Ordered	J x z (meV)			Table S3: The best-fit parameters obtained from the CMC simulations for the parameter points shown in Fig. 2 (b) in the main text. The dominant interaction for each permutation is highlighted in bold.
2509.09189	2	0.0413		Ordered	J x (meV)			Table S3: The best-fit parameters obtained from the CMC simulations for the parameter points shown in Fig. 2 (b) in the main text. The dominant interaction for each permutation is highlighted in bold.
2509.09189	2	-0.018		Ordered	J y (meV)			Table S3: The best-fit parameters obtained from the CMC simulations for the parameter points shown in Fig. 2 (b) in the main text. The dominant interaction for each permutation is highlighted in bold.
2509.09189	2	0.0187		Ordered	J z (meV)			Table S3: The best-fit parameters obtained from the CMC simulations for the parameter points shown in Fig. 2 (b) in the main text. The dominant interaction for each permutation is highlighted in bold.
2509.09189	2	-0.0177		Ordered	J x z (meV)			Table S3: The best-fit parameters obtained from the CMC simulations for the parameter points shown in Fig. 2 (b) in the main text. The dominant interaction for each permutation is highlighted in bold.
2509.09189	2	-0.0169		Ordered	J x (meV)			Table S3: The best-fit parameters obtained from the CMC simulations for the parameter points shown in Fig. 2 (b) in the main text. The dominant interaction for each permutation is highlighted in bold.
2509.09189	2	0.052		Ordered	J y (meV)			Table S3: The best-fit parameters obtained from the CMC simulations for the parameter points shown in Fig. 2 (b) in the main text. The dominant interaction for each permutation is highlighted in bold.
2509.09189	2	0.0079		Ordered	J z (meV)			Table S3: The best-fit parameters obtained from the CMC simulations for the parameter points shown in Fig. 2 (b) in the main text. The dominant interaction for each permutation is highlighted in bold.
2509.09189	2	0.0016		Ordered	J x z (meV)			Table S3: The best-fit parameters obtained from the CMC simulations for the parameter points shown in Fig. 2 (b) in the main text. The dominant interaction for each permutation is highlighted in bold.
2509.12431	0	0.6656		NQS(hac)	U = 0.5			Table 1: The orbital occupation number computed at U = 0.5 and U = 3.0 by exact diagonalization (ED) and neural quantum state (NQS) solver. NQS(hac) stands for higher-accuracy, in which we use stricter error control E-tol and P-tol during the solve.
2509.12431	0	0.8342		NQS(hac)	U = 3.0			Table 1: The orbital occupation number computed at U = 0.5 and U = 3.0 by exact diagonalization (ED) and neural quantum state (NQS) solver. NQS(hac) stands for higher-accuracy, in which we use stricter error control E-tol and P-tol during the solve.
2509.12431	0	0.5569		NQS(hac)				Table 1: The orbital occupation number computed at U = 0.5 and U = 3.0 by exact diagonalization (ED) and neural quantum state (NQS) solver. NQS(hac) stands for higher-accuracy, in which we use stricter error control E-tol and P-tol during the solve.
2509.12431	0	0.9355		NQS(hac)				Table 1: The orbital occupation number computed at U = 0.5 and U = 3.0 by exact diagonalization (ED) and neural quantum state (NQS) solver. NQS(hac) stands for higher-accuracy, in which we use stricter error control E-tol and P-tol during the solve.
2509.12431	0	0.6636		ED	U = 0.5			Table 1: The orbital occupation number computed at U = 0.5 and U = 3.0 by exact diagonalization (ED) and neural quantum state (NQS) solver. NQS(hac) stands for higher-accuracy, in which we use stricter error control E-tol and P-tol during the solve.
2509.12431	0	0.8348		ED	U = 3.0			Table 1: The orbital occupation number computed at U = 0.5 and U = 3.0 by exact diagonalization (ED) and neural quantum state (NQS) solver. NQS(hac) stands for higher-accuracy, in which we use stricter error control E-tol and P-tol during the solve.
2509.12431	0	0.5589		ED				Table 1: The orbital occupation number computed at U = 0.5 and U = 3.0 by exact diagonalization (ED) and neural quantum state (NQS) solver. NQS(hac) stands for higher-accuracy, in which we use stricter error control E-tol and P-tol during the solve.
2509.12431	0	0.9348		ED				Table 1: The orbital occupation number computed at U = 0.5 and U = 3.0 by exact diagonalization (ED) and neural quantum state (NQS) solver. NQS(hac) stands for higher-accuracy, in which we use stricter error control E-tol and P-tol during the solve.
2509.20199	2	10.3038	0.0015	Cell parameter a (Å)				Table S1: SCXRD structural solution and refinement data.
2509.20199	2	4.7025		Density ρ (calculated) (g ⋅ cm -3 )				Table S1: SCXRD structural solution and refinement data.
2509.20199	2	0.71073		λ (Mo K α , average) (Å)				Table S1: SCXRD structural solution and refinement data.
2509.20199	5	0.10964		Δ S Sch (J mol-Cu -1 K -2 )	0			Table S4: Summary of fitted parameters from Equation 4 .
2509.20199	5	0.23424		Δ S Sch (J mol-Cu -1 K -2 )	1			Table S4: Summary of fitted parameters from Equation 4 .
2509.20199	5	0.42688		Δ S Sch (J mol-Cu -1 K -2 )	2			Table S4: Summary of fitted parameters from Equation 4 .
2509.20199	5	0.51273		Δ S Sch (J mol-Cu -1 K -2 )	3			Table S4: Summary of fitted parameters from Equation 4 .
2509.20199	5	0.59052		Δ S Sch (J mol-Cu -1 K -2 )	5			Table S4: Summary of fitted parameters from Equation 4 .
2509.20199	5	0.64366		Δ S Sch (J mol-Cu -1 K -2 )	7			Table S4: Summary of fitted parameters from Equation 4 .
2509.20199	5	0.67455		Δ S Sch (J mol-Cu -1 K -2 )	9			Table S4: Summary of fitted parameters from Equation 4 .
2509.20199	5	1.1379		Δ S mag (J mol-Cu -1 K -2 )	0			Table S4: Summary of fitted parameters from Equation 4 .
2509.20199	5	1.30967		Δ S mag (J mol-Cu -1 K -2 )	1			Table S4: Summary of fitted parameters from Equation 4 .
2509.20199	5	1.3551		Δ S mag (J mol-Cu -1 K -2 )	2			Table S4: Summary of fitted parameters from Equation 4 .
2509.20199	5	1.36089		Δ S mag (J mol-Cu -1 K -2 )	3			Table S4: Summary of fitted parameters from Equation 4 .
2509.20199	5	1.34662		Δ S mag (J mol-Cu -1 K -2 )	5			Table S4: Summary of fitted parameters from Equation 4 .
2509.20199	5	1.29536		Δ S mag (J mol-Cu -1 K -2 )	7			Table S4: Summary of fitted parameters from Equation 4 .
2509.20199	5	1.24204		Δ S mag (J mol-Cu -1 K -2 )	9			Table S4: Summary of fitted parameters from Equation 4 .
2509.20199	5	0.09635		n orp = Δ S Sch Δ S mag	0			Table S4: Summary of fitted parameters from Equation 4 .
2509.20199	5	0.17885		n orp = Δ S Sch Δ S mag	1			Table S4: Summary of fitted parameters from Equation 4 .
2509.20199	5	0.31502		n orp = Δ S Sch Δ S mag	2			Table S4: Summary of fitted parameters from Equation 4 .
2509.20199	5	0.37676		n orp = Δ S Sch Δ S mag	3			Table S4: Summary of fitted parameters from Equation 4 .
2509.20199	5	0.43852		n orp = Δ S Sch Δ S mag	5			Table S4: Summary of fitted parameters from Equation 4 .
2509.20199	5	0.4969		n orp = Δ S Sch Δ S mag	7			Table S4: Summary of fitted parameters from Equation 4 .
2509.20199	5	0.5431		n orp = Δ S Sch Δ S mag	9			Table S4: Summary of fitted parameters from Equation 4 .
2510.04907	0	0.61477		2	ξ SL		triangular+Heisenberg	Table 1: Ground state energies E 0 and magnetic order parameter m for the triangular lattice Heisenberg antiferromagnet obtained by variational optimization on the SL and TL. While the correlation lengths have been evaluated in the limit χ E → ∞ , expectation values are computed for large, but finite χ E where convergence is reached.
2510.04907	0	-0.52676		2	E SL		triangular+Heisenberg	Table 1: Ground state energies E 0 and magnetic order parameter m for the triangular lattice Heisenberg antiferromagnet obtained by variational optimization on the SL and TL. While the correlation lengths have been evaluated in the limit χ E → ∞ , expectation values are computed for large, but finite χ E where convergence is reached.
2510.04907	0	0.3722		2	m SL		triangular+Heisenberg	Table 1: Ground state energies E 0 and magnetic order parameter m for the triangular lattice Heisenberg antiferromagnet obtained by variational optimization on the SL and TL. While the correlation lengths have been evaluated in the limit χ E → ∞ , expectation values are computed for large, but finite χ E where convergence is reached.
2510.04907	0	0.88783		2	ξ TL		triangular+Heisenberg	Table 1: Ground state energies E 0 and magnetic order parameter m for the triangular lattice Heisenberg antiferromagnet obtained by variational optimization on the SL and TL. While the correlation lengths have been evaluated in the limit χ E → ∞ , expectation values are computed for large, but finite χ E where convergence is reached.
2510.04907	0	-0.54419		2	E TL		triangular+Heisenberg	Table 1: Ground state energies E 0 and magnetic order parameter m for the triangular lattice Heisenberg antiferromagnet obtained by variational optimization on the SL and TL. While the correlation lengths have been evaluated in the limit χ E → ∞ , expectation values are computed for large, but finite χ E where convergence is reached.
2510.04907	0	0.30876		2	m TL		triangular+Heisenberg	Table 1: Ground state energies E 0 and magnetic order parameter m for the triangular lattice Heisenberg antiferromagnet obtained by variational optimization on the SL and TL. While the correlation lengths have been evaluated in the limit χ E → ∞ , expectation values are computed for large, but finite χ E where convergence is reached.
2510.04907	0	1.13077		3	ξ SL		triangular+Heisenberg	Table 1: Ground state energies E 0 and magnetic order parameter m for the triangular lattice Heisenberg antiferromagnet obtained by variational optimization on the SL and TL. While the correlation lengths have been evaluated in the limit χ E → ∞ , expectation values are computed for large, but finite χ E where convergence is reached.
2510.04907	0	-0.54576		3	E SL		triangular+Heisenberg	Table 1: Ground state energies E 0 and magnetic order parameter m for the triangular lattice Heisenberg antiferromagnet obtained by variational optimization on the SL and TL. While the correlation lengths have been evaluated in the limit χ E → ∞ , expectation values are computed for large, but finite χ E where convergence is reached.
2510.04907	0	0.2935		3	m SL		triangular+Heisenberg	Table 1: Ground state energies E 0 and magnetic order parameter m for the triangular lattice Heisenberg antiferromagnet obtained by variational optimization on the SL and TL. While the correlation lengths have been evaluated in the limit χ E → ∞ , expectation values are computed for large, but finite χ E where convergence is reached.
2510.04907	0	1.73327		3	ξ TL		triangular+Heisenberg	Table 1: Ground state energies E 0 and magnetic order parameter m for the triangular lattice Heisenberg antiferromagnet obtained by variational optimization on the SL and TL. While the correlation lengths have been evaluated in the limit χ E → ∞ , expectation values are computed for large, but finite χ E where convergence is reached.
2510.04907	0	-0.54996		3	E TL		triangular+Heisenberg	Table 1: Ground state energies E 0 and magnetic order parameter m for the triangular lattice Heisenberg antiferromagnet obtained by variational optimization on the SL and TL. While the correlation lengths have been evaluated in the limit χ E → ∞ , expectation values are computed for large, but finite χ E where convergence is reached.
2510.04907	0	0.25361		3	m TL		triangular+Heisenberg	Table 1: Ground state energies E 0 and magnetic order parameter m for the triangular lattice Heisenberg antiferromagnet obtained by variational optimization on the SL and TL. While the correlation lengths have been evaluated in the limit χ E → ∞ , expectation values are computed for large, but finite χ E where convergence is reached.
2510.04907	0	1.651		4	ξ SL		triangular+Heisenberg	Table 1: Ground state energies E 0 and magnetic order parameter m for the triangular lattice Heisenberg antiferromagnet obtained by variational optimization on the SL and TL. While the correlation lengths have been evaluated in the limit χ E → ∞ , expectation values are computed for large, but finite χ E where convergence is reached.
2510.04907	0	-0.54965		4	E SL		triangular+Heisenberg	Table 1: Ground state energies E 0 and magnetic order parameter m for the triangular lattice Heisenberg antiferromagnet obtained by variational optimization on the SL and TL. While the correlation lengths have been evaluated in the limit χ E → ∞ , expectation values are computed for large, but finite χ E where convergence is reached.
2510.04907	0	0.25602		4	m SL		triangular+Heisenberg	Table 1: Ground state energies E 0 and magnetic order parameter m for the triangular lattice Heisenberg antiferromagnet obtained by variational optimization on the SL and TL. While the correlation lengths have been evaluated in the limit χ E → ∞ , expectation values are computed for large, but finite χ E where convergence is reached.
2510.04907	0	2.43966		4	ξ TL		triangular+Heisenberg	Table 1: Ground state energies E 0 and magnetic order parameter m for the triangular lattice Heisenberg antiferromagnet obtained by variational optimization on the SL and TL. While the correlation lengths have been evaluated in the limit χ E → ∞ , expectation values are computed for large, but finite χ E where convergence is reached.
2510.04907	0	-0.55089		4	E TL		triangular+Heisenberg	Table 1: Ground state energies E 0 and magnetic order parameter m for the triangular lattice Heisenberg antiferromagnet obtained by variational optimization on the SL and TL. While the correlation lengths have been evaluated in the limit χ E → ∞ , expectation values are computed for large, but finite χ E where convergence is reached.
2510.04907	0	0.22595		4	m TL		triangular+Heisenberg	Table 1: Ground state energies E 0 and magnetic order parameter m for the triangular lattice Heisenberg antiferromagnet obtained by variational optimization on the SL and TL. While the correlation lengths have been evaluated in the limit χ E → ∞ , expectation values are computed for large, but finite χ E where convergence is reached.
2510.04907	0	2.24732		5	ξ SL		triangular+Heisenberg	Table 1: Ground state energies E 0 and magnetic order parameter m for the triangular lattice Heisenberg antiferromagnet obtained by variational optimization on the SL and TL. While the correlation lengths have been evaluated in the limit χ E → ∞ , expectation values are computed for large, but finite χ E where convergence is reached.
2510.04907	0	-0.55078		5	E SL		triangular+Heisenberg	Table 1: Ground state energies E 0 and magnetic order parameter m for the triangular lattice Heisenberg antiferromagnet obtained by variational optimization on the SL and TL. While the correlation lengths have been evaluated in the limit χ E → ∞ , expectation values are computed for large, but finite χ E where convergence is reached.
2510.04907	0	0.23869		5	m SL		triangular+Heisenberg	Table 1: Ground state energies E 0 and magnetic order parameter m for the triangular lattice Heisenberg antiferromagnet obtained by variational optimization on the SL and TL. While the correlation lengths have been evaluated in the limit χ E → ∞ , expectation values are computed for large, but finite χ E where convergence is reached.
2510.04907	0	2.8588		5	ξ TL		triangular+Heisenberg	Table 1: Ground state energies E 0 and magnetic order parameter m for the triangular lattice Heisenberg antiferromagnet obtained by variational optimization on the SL and TL. While the correlation lengths have been evaluated in the limit χ E → ∞ , expectation values are computed for large, but finite χ E where convergence is reached.
2510.04907	0	-0.55136		5	E TL		triangular+Heisenberg	Table 1: Ground state energies E 0 and magnetic order parameter m for the triangular lattice Heisenberg antiferromagnet obtained by variational optimization on the SL and TL. While the correlation lengths have been evaluated in the limit χ E → ∞ , expectation values are computed for large, but finite χ E where convergence is reached.
2510.04907	0	0.21561		5	m TL		triangular+Heisenberg	Table 1: Ground state energies E 0 and magnetic order parameter m for the triangular lattice Heisenberg antiferromagnet obtained by variational optimization on the SL and TL. While the correlation lengths have been evaluated in the limit χ E → ∞ , expectation values are computed for large, but finite χ E where convergence is reached.
2510.04907	1	0.47113		2	ξ SL		kagome+Heisenberg	Table 2: Ground state energies E 0 and magnetic order parameter for the kagome lattice Heisenberg antiferromagnet obtained by variational optimization on the SL and TL. While the correlation lengths have been evaluated in the limit χ E → ∞ , expectation values are computed for large, but finite χ E where convergence is reached. The TL optimization for χ B = 5 is currently inaccessible due to the exceedingly large environment bond dimension required.
2510.04907	1	-0.40453		2	E SL		kagome+Heisenberg	Table 2: Ground state energies E 0 and magnetic order parameter for the kagome lattice Heisenberg antiferromagnet obtained by variational optimization on the SL and TL. While the correlation lengths have been evaluated in the limit χ E → ∞ , expectation values are computed for large, but finite χ E where convergence is reached. The TL optimization for χ B = 5 is currently inaccessible due to the exceedingly large environment bond dimension required.
2510.04907	1	0.30388		2	m SL		kagome+Heisenberg	Table 2: Ground state energies E 0 and magnetic order parameter for the kagome lattice Heisenberg antiferromagnet obtained by variational optimization on the SL and TL. While the correlation lengths have been evaluated in the limit χ E → ∞ , expectation values are computed for large, but finite χ E where convergence is reached. The TL optimization for χ B = 5 is currently inaccessible due to the exceedingly large environment bond dimension required.
2510.04907	1	0.53946		2	ξ TL		kagome+Heisenberg	Table 2: Ground state energies E 0 and magnetic order parameter for the kagome lattice Heisenberg antiferromagnet obtained by variational optimization on the SL and TL. While the correlation lengths have been evaluated in the limit χ E → ∞ , expectation values are computed for large, but finite χ E where convergence is reached. The TL optimization for χ B = 5 is currently inaccessible due to the exceedingly large environment bond dimension required.
2510.04907	1	-0.4253		2	E TL		kagome+Heisenberg	Table 2: Ground state energies E 0 and magnetic order parameter for the kagome lattice Heisenberg antiferromagnet obtained by variational optimization on the SL and TL. While the correlation lengths have been evaluated in the limit χ E → ∞ , expectation values are computed for large, but finite χ E where convergence is reached. The TL optimization for χ B = 5 is currently inaccessible due to the exceedingly large environment bond dimension required.
2510.04907	1	0.15435		2	m TL		kagome+Heisenberg	Table 2: Ground state energies E 0 and magnetic order parameter for the kagome lattice Heisenberg antiferromagnet obtained by variational optimization on the SL and TL. While the correlation lengths have been evaluated in the limit χ E → ∞ , expectation values are computed for large, but finite χ E where convergence is reached. The TL optimization for χ B = 5 is currently inaccessible due to the exceedingly large environment bond dimension required.
2510.04907	1	0.58538		3	ξ SL		kagome+Heisenberg	Table 2: Ground state energies E 0 and magnetic order parameter for the kagome lattice Heisenberg antiferromagnet obtained by variational optimization on the SL and TL. While the correlation lengths have been evaluated in the limit χ E → ∞ , expectation values are computed for large, but finite χ E where convergence is reached. The TL optimization for χ B = 5 is currently inaccessible due to the exceedingly large environment bond dimension required.
2510.04907	1	-0.42688		3	E SL		kagome+Heisenberg	Table 2: Ground state energies E 0 and magnetic order parameter for the kagome lattice Heisenberg antiferromagnet obtained by variational optimization on the SL and TL. While the correlation lengths have been evaluated in the limit χ E → ∞ , expectation values are computed for large, but finite χ E where convergence is reached. The TL optimization for χ B = 5 is currently inaccessible due to the exceedingly large environment bond dimension required.
2510.04907	1	0.13407		3	m SL		kagome+Heisenberg	Table 2: Ground state energies E 0 and magnetic order parameter for the kagome lattice Heisenberg antiferromagnet obtained by variational optimization on the SL and TL. While the correlation lengths have been evaluated in the limit χ E → ∞ , expectation values are computed for large, but finite χ E where convergence is reached. The TL optimization for χ B = 5 is currently inaccessible due to the exceedingly large environment bond dimension required.
2510.04907	1	0.73847		3	ξ TL		kagome+Heisenberg	Table 2: Ground state energies E 0 and magnetic order parameter for the kagome lattice Heisenberg antiferromagnet obtained by variational optimization on the SL and TL. While the correlation lengths have been evaluated in the limit χ E → ∞ , expectation values are computed for large, but finite χ E where convergence is reached. The TL optimization for χ B = 5 is currently inaccessible due to the exceedingly large environment bond dimension required.
2510.04907	1	-0.43379		3	E TL		kagome+Heisenberg	Table 2: Ground state energies E 0 and magnetic order parameter for the kagome lattice Heisenberg antiferromagnet obtained by variational optimization on the SL and TL. While the correlation lengths have been evaluated in the limit χ E → ∞ , expectation values are computed for large, but finite χ E where convergence is reached. The TL optimization for χ B = 5 is currently inaccessible due to the exceedingly large environment bond dimension required.
2510.04907	1	0.07515		3	m TL		kagome+Heisenberg	Table 2: Ground state energies E 0 and magnetic order parameter for the kagome lattice Heisenberg antiferromagnet obtained by variational optimization on the SL and TL. While the correlation lengths have been evaluated in the limit χ E → ∞ , expectation values are computed for large, but finite χ E where convergence is reached. The TL optimization for χ B = 5 is currently inaccessible due to the exceedingly large environment bond dimension required.
2510.04907	1	0.58818		4	ξ SL		kagome+Heisenberg	Table 2: Ground state energies E 0 and magnetic order parameter for the kagome lattice Heisenberg antiferromagnet obtained by variational optimization on the SL and TL. While the correlation lengths have been evaluated in the limit χ E → ∞ , expectation values are computed for large, but finite χ E where convergence is reached. The TL optimization for χ B = 5 is currently inaccessible due to the exceedingly large environment bond dimension required.
2510.04907	1	-0.43038		4	E SL		kagome+Heisenberg	Table 2: Ground state energies E 0 and magnetic order parameter for the kagome lattice Heisenberg antiferromagnet obtained by variational optimization on the SL and TL. While the correlation lengths have been evaluated in the limit χ E → ∞ , expectation values are computed for large, but finite χ E where convergence is reached. The TL optimization for χ B = 5 is currently inaccessible due to the exceedingly large environment bond dimension required.
2510.04907	1	0.10391		4	m SL		kagome+Heisenberg	Table 2: Ground state energies E 0 and magnetic order parameter for the kagome lattice Heisenberg antiferromagnet obtained by variational optimization on the SL and TL. While the correlation lengths have been evaluated in the limit χ E → ∞ , expectation values are computed for large, but finite χ E where convergence is reached. The TL optimization for χ B = 5 is currently inaccessible due to the exceedingly large environment bond dimension required.
2510.04907	1	0.80393		4	ξ TL		kagome+Heisenberg	Table 2: Ground state energies E 0 and magnetic order parameter for the kagome lattice Heisenberg antiferromagnet obtained by variational optimization on the SL and TL. While the correlation lengths have been evaluated in the limit χ E → ∞ , expectation values are computed for large, but finite χ E where convergence is reached. The TL optimization for χ B = 5 is currently inaccessible due to the exceedingly large environment bond dimension required.
2510.04907	1	-0.4351		4	E TL		kagome+Heisenberg	Table 2: Ground state energies E 0 and magnetic order parameter for the kagome lattice Heisenberg antiferromagnet obtained by variational optimization on the SL and TL. While the correlation lengths have been evaluated in the limit χ E → ∞ , expectation values are computed for large, but finite χ E where convergence is reached. The TL optimization for χ B = 5 is currently inaccessible due to the exceedingly large environment bond dimension required.
2510.04907	1	0.05586		4	m TL		kagome+Heisenberg	Table 2: Ground state energies E 0 and magnetic order parameter for the kagome lattice Heisenberg antiferromagnet obtained by variational optimization on the SL and TL. While the correlation lengths have been evaluated in the limit χ E → ∞ , expectation values are computed for large, but finite χ E where convergence is reached. The TL optimization for χ B = 5 is currently inaccessible due to the exceedingly large environment bond dimension required.
2510.04907	1	0.64425		5	ξ SL		kagome+Heisenberg	Table 2: Ground state energies E 0 and magnetic order parameter for the kagome lattice Heisenberg antiferromagnet obtained by variational optimization on the SL and TL. While the correlation lengths have been evaluated in the limit χ E → ∞ , expectation values are computed for large, but finite χ E where convergence is reached. The TL optimization for χ B = 5 is currently inaccessible due to the exceedingly large environment bond dimension required.
2510.04907	1	-0.43269		5	E SL		kagome+Heisenberg	Table 2: Ground state energies E 0 and magnetic order parameter for the kagome lattice Heisenberg antiferromagnet obtained by variational optimization on the SL and TL. While the correlation lengths have been evaluated in the limit χ E → ∞ , expectation values are computed for large, but finite χ E where convergence is reached. The TL optimization for χ B = 5 is currently inaccessible due to the exceedingly large environment bond dimension required.
2510.04907	1	0.08444		5	m SL		kagome+Heisenberg	Table 2: Ground state energies E 0 and magnetic order parameter for the kagome lattice Heisenberg antiferromagnet obtained by variational optimization on the SL and TL. While the correlation lengths have been evaluated in the limit χ E → ∞ , expectation values are computed for large, but finite χ E where convergence is reached. The TL optimization for χ B = 5 is currently inaccessible due to the exceedingly large environment bond dimension required.
2510.11710	0	-0.736329	0.000009	DMRG ( 8 × 4 )	E 0 / M	8x4,8x8		Table 1: Converged variational energies per site for different lattices and network architectures. The left table shows results for the 8 × 4 and 8 × 8 cylinders and 8 × 8 torus lattices with U / t = 8 and n h = 1 / 8 hole doping. The right table shows results for the 8 × 8 torus with ViT and Symm-ViT-Ti architectures under the same physical parameters. Energies are estimated using 131072 samples.
2510.11710	0	-0.73342	0.00008	HFDS ( 8 × 4 )	E 0 / M	8x4,8x8		Table 1: Converged variational energies per site for different lattices and network architectures. The left table shows results for the 8 × 4 and 8 × 8 cylinders and 8 × 8 torus lattices with U / t = 8 and n h = 1 / 8 hole doping. The right table shows results for the 8 × 8 torus with ViT and Symm-ViT-Ti architectures under the same physical parameters. Energies are estimated using 131072 samples.
2510.11710	0	0.0225		HFDS ( 8 × 4 )	σ 2 / M	8x4,8x8		Table 1: Converged variational energies per site for different lattices and network architectures. The left table shows results for the 8 × 4 and 8 × 8 cylinders and 8 × 8 torus lattices with U / t = 8 and n h = 1 / 8 hole doping. The right table shows results for the 8 × 8 torus with ViT and Symm-ViT-Ti architectures under the same physical parameters. Energies are estimated using 131072 samples.
2510.11710	0	-0.7454	0.0009	HFDS ( 8 × 8 Torus)	E 0 / M	8x8,8x4		Table 1: Converged variational energies per site for different lattices and network architectures. The left table shows results for the 8 × 4 and 8 × 8 cylinders and 8 × 8 torus lattices with U / t = 8 and n h = 1 / 8 hole doping. The right table shows results for the 8 × 8 torus with ViT and Symm-ViT-Ti architectures under the same physical parameters. Energies are estimated using 131072 samples.
2510.11710	0	0.0563		HFDS ( 8 × 8 Torus)	σ 2 / M	8x8,8x4		Table 1: Converged variational energies per site for different lattices and network architectures. The left table shows results for the 8 × 4 and 8 × 8 cylinders and 8 × 8 torus lattices with U / t = 8 and n h = 1 / 8 hole doping. The right table shows results for the 8 × 8 torus with ViT and Symm-ViT-Ti architectures under the same physical parameters. Energies are estimated using 131072 samples.
2510.11710	0	-0.7259	0	HFDS ( 8 × 8 Cylinder)	E 0 / M	8x8,8x4		Table 1: Converged variational energies per site for different lattices and network architectures. The left table shows results for the 8 × 4 and 8 × 8 cylinders and 8 × 8 torus lattices with U / t = 8 and n h = 1 / 8 hole doping. The right table shows results for the 8 × 8 torus with ViT and Symm-ViT-Ti architectures under the same physical parameters. Energies are estimated using 131072 samples.
2510.11710	0	0.0422		HFDS ( 8 × 8 Cylinder)	σ 2 / M	8x8,8x4		Table 1: Converged variational energies per site for different lattices and network architectures. The left table shows results for the 8 × 4 and 8 × 8 cylinders and 8 × 8 torus lattices with U / t = 8 and n h = 1 / 8 hole doping. The right table shows results for the 8 × 8 torus with ViT and Symm-ViT-Ti architectures under the same physical parameters. Energies are estimated using 131072 samples.
2510.11710	0	-0.7332	0.0006	JBf ( 8 × 4 )	E 0 / M	8x4,8x8		Table 1: Converged variational energies per site for different lattices and network architectures. The left table shows results for the 8 × 4 and 8 × 8 cylinders and 8 × 8 torus lattices with U / t = 8 and n h = 1 / 8 hole doping. The right table shows results for the 8 × 8 torus with ViT and Symm-ViT-Ti architectures under the same physical parameters. Energies are estimated using 131072 samples.
2510.11710	0	0.0235		JBf ( 8 × 4 )	σ 2 / M	8x4,8x8		Table 1: Converged variational energies per site for different lattices and network architectures. The left table shows results for the 8 × 4 and 8 × 8 cylinders and 8 × 8 torus lattices with U / t = 8 and n h = 1 / 8 hole doping. The right table shows results for the 8 × 8 torus with ViT and Symm-ViT-Ti architectures under the same physical parameters. Energies are estimated using 131072 samples.
2510.11710	0	-0.7458	0.0006	JBf ( 8 × 8 Torus)	E 0 / M	8x8,8x4		Table 1: Converged variational energies per site for different lattices and network architectures. The left table shows results for the 8 × 4 and 8 × 8 cylinders and 8 × 8 torus lattices with U / t = 8 and n h = 1 / 8 hole doping. The right table shows results for the 8 × 8 torus with ViT and Symm-ViT-Ti architectures under the same physical parameters. Energies are estimated using 131072 samples.
2510.11710	0	0.0525		JBf ( 8 × 8 Torus)	σ 2 / M	8x8,8x4		Table 1: Converged variational energies per site for different lattices and network architectures. The left table shows results for the 8 × 4 and 8 × 8 cylinders and 8 × 8 torus lattices with U / t = 8 and n h = 1 / 8 hole doping. The right table shows results for the 8 × 8 torus with ViT and Symm-ViT-Ti architectures under the same physical parameters. Energies are estimated using 131072 samples.
2510.11710	0	-0.7264	0.0005	JBf ( 8 × 8 Cylinder)	E 0 / M	8x8,8x4		Table 1: Converged variational energies per site for different lattices and network architectures. The left table shows results for the 8 × 4 and 8 × 8 cylinders and 8 × 8 torus lattices with U / t = 8 and n h = 1 / 8 hole doping. The right table shows results for the 8 × 8 torus with ViT and Symm-ViT-Ti architectures under the same physical parameters. Energies are estimated using 131072 samples.
2510.11710	0	0.0334		JBf ( 8 × 8 Cylinder)	σ 2 / M	8x8,8x4		Table 1: Converged variational energies per site for different lattices and network architectures. The left table shows results for the 8 × 4 and 8 × 8 cylinders and 8 × 8 torus lattices with U / t = 8 and n h = 1 / 8 hole doping. The right table shows results for the 8 × 8 torus with ViT and Symm-ViT-Ti architectures under the same physical parameters. Energies are estimated using 131072 samples.
2510.26906	0	0.03233		1024	α ∗	4x16	Hubbard	Table 1: Optimized α ∗ values for different n h values on the 4 × 16 Hubbard model. The energies of the resulting wavefunctions | ψ α ∗ ⟩ = ( 1 + α ∗ H ) | ψ i ⟩ are shown in Fig. 2 .
2510.26906	0	0.03875		2048	α ∗	4x16	Hubbard	Table 1: Optimized α ∗ values for different n h values on the 4 × 16 Hubbard model. The energies of the resulting wavefunctions | ψ α ∗ ⟩ = ( 1 + α ∗ H ) | ψ i ⟩ are shown in Fig. 2 .
2510.26906	0	0.02641		4096	α ∗	4x16	Hubbard	Table 1: Optimized α ∗ values for different n h values on the 4 × 16 Hubbard model. The energies of the resulting wavefunctions | ψ α ∗ ⟩ = ( 1 + α ∗ H ) | ψ i ⟩ are shown in Fig. 2 .
2510.26906	0	0.02898		8192	α ∗	4x16	Hubbard	Table 1: Optimized α ∗ values for different n h values on the 4 × 16 Hubbard model. The energies of the resulting wavefunctions | ψ α ∗ ⟩ = ( 1 + α ∗ H ) | ψ i ⟩ are shown in Fig. 2 .
2511.07566	0	-0.72452	0.00005	E/N	0.0			Table 1: Energies and average pair correlations (for pair separations of a distance larger than 3) for the partially-filled stripe at U = 8 , δ = 1 / 8 and t ′ = - 0.3 initialized with different pinning fields
2511.07566	0	-0.73338	0.00004	E/N	0.2			Table 1: Energies and average pair correlations (for pair separations of a distance larger than 3) for the partially-filled stripe at U = 8 , δ = 1 / 8 and t ′ = - 0.3 initialized with different pinning fields
2511.07566	0	-0.73752	0.00004	E/N	0.5			Table 1: Energies and average pair correlations (for pair separations of a distance larger than 3) for the partially-filled stripe at U = 8 , δ = 1 / 8 and t ′ = - 0.3 initialized with different pinning fields
2511.07566	1	-1.0717	0.0002	0.0	E/N			Table 2: Energies per site and average pair correlations (for pair separations of a distance larger than 3) for simulations on a 144 site cluster at δ = 1 / 6 , U = 4 and t ′ = 0 using different initial Pfaffian orbitals. The orbitals are generated from exact gradient descent on the Hamiltonian equation 5 with the parameters specified in the table. The lowest energy solution, which has long range pairing order, is shown in bold.
2511.07566	1	-1.0737	0.0001	0.2	E/N			Table 2: Energies per site and average pair correlations (for pair separations of a distance larger than 3) for simulations on a 144 site cluster at δ = 1 / 6 , U = 4 and t ′ = 0 using different initial Pfaffian orbitals. The orbitals are generated from exact gradient descent on the Hamiltonian equation 5 with the parameters specified in the table. The lowest energy solution, which has long range pairing order, is shown in bold.
2511.07566	1	-1.0751	0.0001	0.5	E/N			Table 2: Energies per site and average pair correlations (for pair separations of a distance larger than 3) for simulations on a 144 site cluster at δ = 1 / 6 , U = 4 and t ′ = 0 using different initial Pfaffian orbitals. The orbitals are generated from exact gradient descent on the Hamiltonian equation 5 with the parameters specified in the table. The lowest energy solution, which has long range pairing order, is shown in bold.
2511.07566	1	-1.0743	0.0001	1.0	E/N			Table 2: Energies per site and average pair correlations (for pair separations of a distance larger than 3) for simulations on a 144 site cluster at δ = 1 / 6 , U = 4 and t ′ = 0 using different initial Pfaffian orbitals. The orbitals are generated from exact gradient descent on the Hamiltonian equation 5 with the parameters specified in the table. The lowest energy solution, which has long range pairing order, is shown in bold.
2511.07566	1	-1.07	0.0002	0.0	E/N			Table 2: Energies per site and average pair correlations (for pair separations of a distance larger than 3) for simulations on a 144 site cluster at δ = 1 / 6 , U = 4 and t ′ = 0 using different initial Pfaffian orbitals. The orbitals are generated from exact gradient descent on the Hamiltonian equation 5 with the parameters specified in the table. The lowest energy solution, which has long range pairing order, is shown in bold.
2511.07566	4	-0.7245	0.0003	t ′ = - 0.3	Half-filled stripe + No SC			Table 5: Energy per site of competing phases on a 256 site for various values of t ′ shown in Fig 2
2511.07566	4	-0.7375	0.0001	t ′ = - 0.3	Half-filled stripe + SC			Table 5: Energy per site of competing phases on a 256 site for various values of t ′ shown in Fig 2
2511.07566	4	-0.7261	0.0001	t ′ = - 0.2	Filled Stripe			Table 5: Energy per site of competing phases on a 256 site for various values of t ′ shown in Fig 2
2511.07566	4	-0.736	0.0001	t ′ = - 0.2	Half-filled stripe + SC			Table 5: Energy per site of competing phases on a 256 site for various values of t ′ shown in Fig 2
2511.07566	4	-0.7367	0.0001	t ′ = - 0.1	Filled Stripe			Table 5: Energy per site of competing phases on a 256 site for various values of t ′ shown in Fig 2
2511.07566	4	-0.737	0.0001	t ′ = - 0.1	Half-filled stripe + SC			Table 5: Energy per site of competing phases on a 256 site for various values of t ′ shown in Fig 2
2511.07566	4	-0.7515	0.0001	t ′ = 0.0	Filled Stripe			Table 5: Energy per site of competing phases on a 256 site for various values of t ′ shown in Fig 2
2511.07566	4	-0.7271	0.0003	t ′ = 0.0	Half-filled stripe + No SC			Table 5: Energy per site of competing phases on a 256 site for various values of t ′ shown in Fig 2
2511.07566	4	-0.7401	0.0001	t ′ = 0.0	Half-filled stripe + SC			Table 5: Energy per site of competing phases on a 256 site for various values of t ′ shown in Fig 2
2511.07566	5	0.1487		t ′ = - 0.3	Half-filled stripe + No SC			Table 6: Variance per site of competing phases on a 256 site for various values of t ′ shown in figure 2 c.
2511.07566	5	0.07968		t ′ = - 0.3	Half-filled stripe + SC			Table 6: Variance per site of competing phases on a 256 site for various values of t ′ shown in figure 2 c.
2511.07566	5	0.0581		t ′ = - 0.2	Filled Stripe			Table 6: Variance per site of competing phases on a 256 site for various values of t ′ shown in figure 2 c.
2511.07566	5	0.07623		t ′ = - 0.2	Half-filled stripe + SC			Table 6: Variance per site of competing phases on a 256 site for various values of t ′ shown in figure 2 c.
2511.07566	5	0.05291		t ′ = - 0.1	Filled Stripe			Table 6: Variance per site of competing phases on a 256 site for various values of t ′ shown in figure 2 c.
2511.07566	5	0.07245		t ′ = - 0.1	Half-filled stripe + SC			Table 6: Variance per site of competing phases on a 256 site for various values of t ′ shown in figure 2 c.
2511.07566	5	0.06379		t ′ = 0.0	Filled Stripe			Table 6: Variance per site of competing phases on a 256 site for various values of t ′ shown in figure 2 c.
2511.07566	5	0.145		t ′ = 0.0	Half-filled stripe + No SC			Table 6: Variance per site of competing phases on a 256 site for various values of t ′ shown in figure 2 c.
2511.07566	5	0.07838		t ′ = 0.0	Half-filled stripe + SC			Table 6: Variance per site of competing phases on a 256 site for various values of t ′ shown in figure 2 c.
2511.07566	6	-1.295	0.00003	2	E/N			Table 7: Energy and variance per site of the lowest energy wavefunction on the 144 site cluster at various U
2511.07566	6	0.02243		2	σ 2 / N			Table 7: Energy and variance per site of the lowest energy wavefunction on the 144 site cluster at various U
2511.07566	6	-1.07508	0.00004	4	E/N			Table 7: Energy and variance per site of the lowest energy wavefunction on the 144 site cluster at various U
2511.07566	6	0.04779		4	σ 2 / N			Table 7: Energy and variance per site of the lowest energy wavefunction on the 144 site cluster at various U
2511.07566	6	-0.92516	0.00005	6	E/N			Table 7: Energy and variance per site of the lowest energy wavefunction on the 144 site cluster at various U
2511.07566	6	0.07778		6	σ 2 / N			Table 7: Energy and variance per site of the lowest energy wavefunction on the 144 site cluster at various U
2511.07566	6	-0.76179	0.00005	10	E/N			Table 7: Energy and variance per site of the lowest energy wavefunction on the 144 site cluster at various U
2511.07566	6	0.06394		10	σ 2 / N			Table 7: Energy and variance per site of the lowest energy wavefunction on the 144 site cluster at various U
2511.07566	6	-0.6669	0.00005	15	E/N			Table 7: Energy and variance per site of the lowest energy wavefunction on the 144 site cluster at various U
2511.07566	6	0.05883		15	σ 2 / N			Table 7: Energy and variance per site of the lowest energy wavefunction on the 144 site cluster at various U
2511.07566	7	-1.29563	0.00003	2	Energy			Table 8: Energy and variance per site of the lowest energy wavefunction on 288 site cluster at various U
2511.07566	7	0.04165		2	Variance			Table 8: Energy and variance per site of the lowest energy wavefunction on 288 site cluster at various U
2511.07566	7	-1.07256	0.00005	4	Energy			Table 8: Energy and variance per site of the lowest energy wavefunction on 288 site cluster at various U
2511.07566	7	0.11256		4	Variance			Table 8: Energy and variance per site of the lowest energy wavefunction on 288 site cluster at various U
2511.07566	7	-0.91859	0.00006	6	Energy			Table 8: Energy and variance per site of the lowest energy wavefunction on 288 site cluster at various U
2511.07566	7	0.19935		6	Variance			Table 8: Energy and variance per site of the lowest energy wavefunction on 288 site cluster at various U
2511.13667	0	0.802	0.0006	1.8	� c			Table 1 : The list of critical exponents and inverse critical temperatures for four different combinations of { � , h } .
2511.13667	0	0.4753	0.0006	0.8	� c			Table 1 : The list of critical exponents and inverse critical temperatures for four different combinations of { � , h } .
2511.13667	0	0.4779	0.0004	0.8	� c			Table 1 : The list of critical exponents and inverse critical temperatures for four different combinations of { � , h } .
2512.21503	0	-0.5536		2 × 2 , SU ⁡ ( 2 )	Energy	2x2		Table 1: Robustness of SC order simulated with different unit-cells and virtual symmetries. Here ( U , μ , D ) = ( 9 , - 2.5 , 8 ) are chosen. The variational optimizations take the half-filled U = 9 Chern insulator as the initial state. Charge order is defined as O CDW = max i ⁡ n i - min i ⁡ n i , and magnetization M is defined as average of single-site spin lengths M i = ( s i x ) 2 + ( s i y ) 2 + ( s i z ) 2 .
2512.21503	0	-0.5558		2 × 2 , Z 2	Energy	2x2		Table 1: Robustness of SC order simulated with different unit-cells and virtual symmetries. Here ( U , μ , D ) = ( 9 , - 2.5 , 8 ) are chosen. The variational optimizations take the half-filled U = 9 Chern insulator as the initial state. Charge order is defined as O CDW = max i ⁡ n i - min i ⁡ n i , and magnetization M is defined as average of single-site spin lengths M i = ( s i x ) 2 + ( s i y ) 2 + ( s i z ) 2 .
2512.21503	0	-0.5554		4 × 4 , Z 2	Energy	4x4		Table 1: Robustness of SC order simulated with different unit-cells and virtual symmetries. Here ( U , μ , D ) = ( 9 , - 2.5 , 8 ) are chosen. The variational optimizations take the half-filled U = 9 Chern insulator as the initial state. Charge order is defined as O CDW = max i ⁡ n i - min i ⁡ n i , and magnetization M is defined as average of single-site spin lengths M i = ( s i x ) 2 + ( s i y ) 2 + ( s i z ) 2 .
2512.21503	0	-0.5556		2 × 6 , Z 2	Energy	2x6		Table 1: Robustness of SC order simulated with different unit-cells and virtual symmetries. Here ( U , μ , D ) = ( 9 , - 2.5 , 8 ) are chosen. The variational optimizations take the half-filled U = 9 Chern insulator as the initial state. Charge order is defined as O CDW = max i ⁡ n i - min i ⁡ n i , and magnetization M is defined as average of single-site spin lengths M i = ( s i x ) 2 + ( s i y ) 2 + ( s i z ) 2 .
2512.21503	0	-0.5556		6 × 2 , Z 2	Energy	6x2		Table 1: Robustness of SC order simulated with different unit-cells and virtual symmetries. Here ( U , μ , D ) = ( 9 , - 2.5 , 8 ) are chosen. The variational optimizations take the half-filled U = 9 Chern insulator as the initial state. Charge order is defined as O CDW = max i ⁡ n i - min i ⁡ n i , and magnetization M is defined as average of single-site spin lengths M i = ( s i x ) 2 + ( s i y ) 2 + ( s i z ) 2 .
2601.02555	0	0.00411	0.00012	Ti (16c)				Table 1: Structural parameters for Ho 2 Ti 2 O 7 , Ho 2 GaSbO 7 , and Ho 2 ScSbO 7 at T = 115 K extracted from the NOMAD neutron powder diffraction data.
2601.02555	0	0.00411	0.00012	Ti (16c)				Table 1: Structural parameters for Ho 2 Ti 2 O 7 , Ho 2 GaSbO 7 , and Ho 2 ScSbO 7 at T = 115 K extracted from the NOMAD neutron powder diffraction data.
2601.02555	0	0.00411	0.00012	Ti (16c)				Table 1: Structural parameters for Ho 2 Ti 2 O 7 , Ho 2 GaSbO 7 , and Ho 2 ScSbO 7 at T = 115 K extracted from the NOMAD neutron powder diffraction data.
2601.02555	0	-0.00039	0.00013	Ti (16c)				Table 1: Structural parameters for Ho 2 Ti 2 O 7 , Ho 2 GaSbO 7 , and Ho 2 ScSbO 7 at T = 115 K extracted from the NOMAD neutron powder diffraction data.
2601.02555	0	-0.00039	0.00013	Ti (16c)				Table 1: Structural parameters for Ho 2 Ti 2 O 7 , Ho 2 GaSbO 7 , and Ho 2 ScSbO 7 at T = 115 K extracted from the NOMAD neutron powder diffraction data.
2601.02555	0	-0.00039	0.00013	Ti (16c)				Table 1: Structural parameters for Ho 2 Ti 2 O 7 , Ho 2 GaSbO 7 , and Ho 2 ScSbO 7 at T = 115 K extracted from the NOMAD neutron powder diffraction data.
2601.02555	0	0.00321	0.00007	Ho (16d)				Table 1: Structural parameters for Ho 2 Ti 2 O 7 , Ho 2 GaSbO 7 , and Ho 2 ScSbO 7 at T = 115 K extracted from the NOMAD neutron powder diffraction data.
2601.02555	0	0.00321	0.00007	Ho (16d)				Table 1: Structural parameters for Ho 2 Ti 2 O 7 , Ho 2 GaSbO 7 , and Ho 2 ScSbO 7 at T = 115 K extracted from the NOMAD neutron powder diffraction data.
2601.02555	0	0.00321	0.00007	Ho (16d)				Table 1: Structural parameters for Ho 2 Ti 2 O 7 , Ho 2 GaSbO 7 , and Ho 2 ScSbO 7 at T = 115 K extracted from the NOMAD neutron powder diffraction data.
2601.02555	0	-0.00119	0.00005	Ho (16d)				Table 1: Structural parameters for Ho 2 Ti 2 O 7 , Ho 2 GaSbO 7 , and Ho 2 ScSbO 7 at T = 115 K extracted from the NOMAD neutron powder diffraction data.
2601.02555	0	-0.00119	0.00005	Ho (16d)				Table 1: Structural parameters for Ho 2 Ti 2 O 7 , Ho 2 GaSbO 7 , and Ho 2 ScSbO 7 at T = 115 K extracted from the NOMAD neutron powder diffraction data.
2601.02555	0	-0.00119	0.00005	Ho (16d)				Table 1: Structural parameters for Ho 2 Ti 2 O 7 , Ho 2 GaSbO 7 , and Ho 2 ScSbO 7 at T = 115 K extracted from the NOMAD neutron powder diffraction data.
2601.02555	0	0.329543	0.000018	O1 (48f)	Space group: Fd 3 ¯ m			Table 1: Structural parameters for Ho 2 Ti 2 O 7 , Ho 2 GaSbO 7 , and Ho 2 ScSbO 7 at T = 115 K extracted from the NOMAD neutron powder diffraction data.
2601.02555	0	0.00527	0.00011	O1 (48f)				Table 1: Structural parameters for Ho 2 Ti 2 O 7 , Ho 2 GaSbO 7 , and Ho 2 ScSbO 7 at T = 115 K extracted from the NOMAD neutron powder diffraction data.
2601.02555	0	0.00428	0.00008	O1 (48f)				Table 1: Structural parameters for Ho 2 Ti 2 O 7 , Ho 2 GaSbO 7 , and Ho 2 ScSbO 7 at T = 115 K extracted from the NOMAD neutron powder diffraction data.
2601.02555	0	0.00428	0.00008	O1 (48f)				Table 1: Structural parameters for Ho 2 Ti 2 O 7 , Ho 2 GaSbO 7 , and Ho 2 ScSbO 7 at T = 115 K extracted from the NOMAD neutron powder diffraction data.
2601.02555	0	0.00079	0.00009	O1 (48f)				Table 1: Structural parameters for Ho 2 Ti 2 O 7 , Ho 2 GaSbO 7 , and Ho 2 ScSbO 7 at T = 115 K extracted from the NOMAD neutron powder diffraction data.
2601.02555	0	0.00357	0.00009	O2 (8b)				Table 1: Structural parameters for Ho 2 Ti 2 O 7 , Ho 2 GaSbO 7 , and Ho 2 ScSbO 7 at T = 115 K extracted from the NOMAD neutron powder diffraction data.
2601.02555	0	0.00357	0.00009	O2 (8b)				Table 1: Structural parameters for Ho 2 Ti 2 O 7 , Ho 2 GaSbO 7 , and Ho 2 ScSbO 7 at T = 115 K extracted from the NOMAD neutron powder diffraction data.
2601.02555	0	0.00357	0.00009	O2 (8b)				Table 1: Structural parameters for Ho 2 Ti 2 O 7 , Ho 2 GaSbO 7 , and Ho 2 ScSbO 7 at T = 115 K extracted from the NOMAD neutron powder diffraction data.
2601.02555	1	0.00355	0.00005	Ga/Sb (16c)				(b) Ho 2 GaSbO 7 at T = 115 K, R w p = 2.104 , GOF = 2.651
2601.02555	1	0.00355	0.00005	Ga/Sb (16c)				(b) Ho 2 GaSbO 7 at T = 115 K, R w p = 2.104 , GOF = 2.651
2601.02555	1	0.00355	0.00005	Ga/Sb (16c)				(b) Ho 2 GaSbO 7 at T = 115 K, R w p = 2.104 , GOF = 2.651
2601.02555	1	-0.0001	0.00006	Ga/Sb (16c)				(b) Ho 2 GaSbO 7 at T = 115 K, R w p = 2.104 , GOF = 2.651
2601.02555	1	-0.0001	0.00006	Ga/Sb (16c)				(b) Ho 2 GaSbO 7 at T = 115 K, R w p = 2.104 , GOF = 2.651
2601.02555	1	-0.0001	0.00006	Ga/Sb (16c)				(b) Ho 2 GaSbO 7 at T = 115 K, R w p = 2.104 , GOF = 2.651
2601.02555	1	0.00787	0.0001	Ho (16d)				(b) Ho 2 GaSbO 7 at T = 115 K, R w p = 2.104 , GOF = 2.651
2601.02555	1	0.00787	0.0001	Ho (16d)				(b) Ho 2 GaSbO 7 at T = 115 K, R w p = 2.104 , GOF = 2.651
2601.02555	1	0.00787	0.0001	Ho (16d)				(b) Ho 2 GaSbO 7 at T = 115 K, R w p = 2.104 , GOF = 2.651
2601.02555	1	-0.00331	0.00008	Ho (16d)				(b) Ho 2 GaSbO 7 at T = 115 K, R w p = 2.104 , GOF = 2.651
2601.02555	1	-0.00331	0.00008	Ho (16d)				(b) Ho 2 GaSbO 7 at T = 115 K, R w p = 2.104 , GOF = 2.651
2601.02555	1	-0.00331	0.00008	Ho (16d)				(b) Ho 2 GaSbO 7 at T = 115 K, R w p = 2.104 , GOF = 2.651
2601.02555	1	0.331369	0.000019	O1 (48f)	Space group: Fd 3 ¯ m			(b) Ho 2 GaSbO 7 at T = 115 K, R w p = 2.104 , GOF = 2.651
2601.02555	1	0.00569	0.00011	O1 (48f)				(b) Ho 2 GaSbO 7 at T = 115 K, R w p = 2.104 , GOF = 2.651
2601.02555	1	0.00517	0.00009	O1 (48f)				(b) Ho 2 GaSbO 7 at T = 115 K, R w p = 2.104 , GOF = 2.651
2601.02555	1	0.00517	0.00009	O1 (48f)				(b) Ho 2 GaSbO 7 at T = 115 K, R w p = 2.104 , GOF = 2.651
2601.02555	1	0.00165	0.0001	O1 (48f)				(b) Ho 2 GaSbO 7 at T = 115 K, R w p = 2.104 , GOF = 2.651
2601.02555	1	0.00361	0.00011	O2 (8b)				(b) Ho 2 GaSbO 7 at T = 115 K, R w p = 2.104 , GOF = 2.651
2601.02555	1	0.00361	0.00011	O2 (8b)				(b) Ho 2 GaSbO 7 at T = 115 K, R w p = 2.104 , GOF = 2.651
2601.02555	1	0.00361	0.00011	O2 (8b)				(b) Ho 2 GaSbO 7 at T = 115 K, R w p = 2.104 , GOF = 2.651
2601.02555	2	0.00689	0.00017	Sc/Sb (16c)				(c) Ho 2 ScSbO 7 at T = 115 K, R w p = 2.549 , GOF = 2.897
2601.02555	2	0.00689	0.00017	Sc/Sb (16c)				(c) Ho 2 ScSbO 7 at T = 115 K, R w p = 2.549 , GOF = 2.897
2601.02555	2	0.00689	0.00017	Sc/Sb (16c)				(c) Ho 2 ScSbO 7 at T = 115 K, R w p = 2.549 , GOF = 2.897
2601.02555	2	-0.00075	0.00017	Sc/Sb (16c)				(c) Ho 2 ScSbO 7 at T = 115 K, R w p = 2.549 , GOF = 2.897
2601.02555	2	-0.00075	0.00017	Sc/Sb (16c)				(c) Ho 2 ScSbO 7 at T = 115 K, R w p = 2.549 , GOF = 2.897
2601.02555	2	-0.00075	0.00017	Sc/Sb (16c)				(c) Ho 2 ScSbO 7 at T = 115 K, R w p = 2.549 , GOF = 2.897
2601.02555	2	0.00693	0.00019	Ho (16d)				(c) Ho 2 ScSbO 7 at T = 115 K, R w p = 2.549 , GOF = 2.897
2601.02555	2	0.00693	0.00019	Ho (16d)				(c) Ho 2 ScSbO 7 at T = 115 K, R w p = 2.549 , GOF = 2.897
2601.02555	2	0.00693	0.00019	Ho (16d)				(c) Ho 2 ScSbO 7 at T = 115 K, R w p = 2.549 , GOF = 2.897
2601.02555	2	-0.0029	0.00018	Ho (16d)				(c) Ho 2 ScSbO 7 at T = 115 K, R w p = 2.549 , GOF = 2.897
2601.02555	2	-0.0029	0.00018	Ho (16d)				(c) Ho 2 ScSbO 7 at T = 115 K, R w p = 2.549 , GOF = 2.897
2601.02555	2	-0.0029	0.00018	Ho (16d)				(c) Ho 2 ScSbO 7 at T = 115 K, R w p = 2.549 , GOF = 2.897
2601.02555	2	0.33466	0.00007	O1 (48f)	Space group: Fd 3 ¯ m			(c) Ho 2 ScSbO 7 at T = 115 K, R w p = 2.549 , GOF = 2.897
2601.02555	2	0.0142	0.0003	O1 (48f)				(c) Ho 2 ScSbO 7 at T = 115 K, R w p = 2.549 , GOF = 2.897
2601.02555	2	0.0082	0.0002	O1 (48f)				(c) Ho 2 ScSbO 7 at T = 115 K, R w p = 2.549 , GOF = 2.897
2601.02555	2	0.0082	0.0002	O1 (48f)				(c) Ho 2 ScSbO 7 at T = 115 K, R w p = 2.549 , GOF = 2.897
2601.02555	2	0.0037	0.0002	O1 (48f)				(c) Ho 2 ScSbO 7 at T = 115 K, R w p = 2.549 , GOF = 2.897
2601.02555	2	0.005	0.0003	O2 (8b)				(c) Ho 2 ScSbO 7 at T = 115 K, R w p = 2.549 , GOF = 2.897
2601.02555	2	0.005	0.0003	O2 (8b)				(c) Ho 2 ScSbO 7 at T = 115 K, R w p = 2.549 , GOF = 2.897
2601.02555	2	0.005	0.0003	O2 (8b)				(c) Ho 2 ScSbO 7 at T = 115 K, R w p = 2.549 , GOF = 2.897
2601.02555	3	-0.0781		B 2 0	Ho 2 Ti 2 O 7			Table 2: Determination of the Stevens parameters (in units of meV) for Ho 2 GaSbO 7 and Ho 2 ScSbO 7 from scaling arguments using the crystal-field parameters reported for Ho 2 Ti 2 O 7 .
2601.02555	3	-0.0762		B 2 0	Ho 2 GaSbO 7			Table 2: Determination of the Stevens parameters (in units of meV) for Ho 2 GaSbO 7 and Ho 2 ScSbO 7 from scaling arguments using the crystal-field parameters reported for Ho 2 Ti 2 O 7 .
2601.02555	3	-0.0728		B 2 0	Ho 2 ScSbO 7			Table 2: Determination of the Stevens parameters (in units of meV) for Ho 2 GaSbO 7 and Ho 2 ScSbO 7 from scaling arguments using the crystal-field parameters reported for Ho 2 Ti 2 O 7 .
2601.02555	3	-0.00117		B 4 0	Ho 2 Ti 2 O 7			Table 2: Determination of the Stevens parameters (in units of meV) for Ho 2 GaSbO 7 and Ho 2 ScSbO 7 from scaling arguments using the crystal-field parameters reported for Ho 2 Ti 2 O 7 .
2601.02555	3	-0.00112		B 4 0	Ho 2 GaSbO 7			Table 2: Determination of the Stevens parameters (in units of meV) for Ho 2 GaSbO 7 and Ho 2 ScSbO 7 from scaling arguments using the crystal-field parameters reported for Ho 2 Ti 2 O 7 .
2601.02555	3	-0.00104		B 4 0	Ho 2 ScSbO 7			Table 2: Determination of the Stevens parameters (in units of meV) for Ho 2 GaSbO 7 and Ho 2 ScSbO 7 from scaling arguments using the crystal-field parameters reported for Ho 2 Ti 2 O 7 .
2601.02555	3	-0.00803		B 4 3	Ho 2 Ti 2 O 7			Table 2: Determination of the Stevens parameters (in units of meV) for Ho 2 GaSbO 7 and Ho 2 ScSbO 7 from scaling arguments using the crystal-field parameters reported for Ho 2 Ti 2 O 7 .
2601.02555	3	-0.00771		B 4 3	Ho 2 GaSbO 7			Table 2: Determination of the Stevens parameters (in units of meV) for Ho 2 GaSbO 7 and Ho 2 ScSbO 7 from scaling arguments using the crystal-field parameters reported for Ho 2 Ti 2 O 7 .
2601.02555	3	-0.00714		B 4 3	Ho 2 ScSbO 7			Table 2: Determination of the Stevens parameters (in units of meV) for Ho 2 GaSbO 7 and Ho 2 ScSbO 7 from scaling arguments using the crystal-field parameters reported for Ho 2 Ti 2 O 7 .
2601.02555	3	-0.00000707		B 6 0	Ho 2 Ti 2 O 7			Table 2: Determination of the Stevens parameters (in units of meV) for Ho 2 GaSbO 7 and Ho 2 ScSbO 7 from scaling arguments using the crystal-field parameters reported for Ho 2 Ti 2 O 7 .
2601.02555	3	-0.00000668		B 6 0	Ho 2 GaSbO 7			Table 2: Determination of the Stevens parameters (in units of meV) for Ho 2 GaSbO 7 and Ho 2 ScSbO 7 from scaling arguments using the crystal-field parameters reported for Ho 2 Ti 2 O 7 .
2601.02555	3	-0.000006		B 6 0	Ho 2 ScSbO 7			Table 2: Determination of the Stevens parameters (in units of meV) for Ho 2 GaSbO 7 and Ho 2 ScSbO 7 from scaling arguments using the crystal-field parameters reported for Ho 2 Ti 2 O 7 .
2601.02555	3	0.000103		B 6 3	Ho 2 Ti 2 O 7			Table 2: Determination of the Stevens parameters (in units of meV) for Ho 2 GaSbO 7 and Ho 2 ScSbO 7 from scaling arguments using the crystal-field parameters reported for Ho 2 Ti 2 O 7 .
2601.02555	3	0.0000974		B 6 3	Ho 2 GaSbO 7			Table 2: Determination of the Stevens parameters (in units of meV) for Ho 2 GaSbO 7 and Ho 2 ScSbO 7 from scaling arguments using the crystal-field parameters reported for Ho 2 Ti 2 O 7 .
2601.02555	3	0.0000874		B 6 3	Ho 2 ScSbO 7			Table 2: Determination of the Stevens parameters (in units of meV) for Ho 2 GaSbO 7 and Ho 2 ScSbO 7 from scaling arguments using the crystal-field parameters reported for Ho 2 Ti 2 O 7 .
2601.02555	3	-0.000133		B 6 6	Ho 2 Ti 2 O 7			Table 2: Determination of the Stevens parameters (in units of meV) for Ho 2 GaSbO 7 and Ho 2 ScSbO 7 from scaling arguments using the crystal-field parameters reported for Ho 2 Ti 2 O 7 .
2601.02555	3	-0.000125		B 6 6	Ho 2 GaSbO 7			Table 2: Determination of the Stevens parameters (in units of meV) for Ho 2 GaSbO 7 and Ho 2 ScSbO 7 from scaling arguments using the crystal-field parameters reported for Ho 2 Ti 2 O 7 .
2601.02555	3	-0.000113		B 6 6	Ho 2 ScSbO 7			Table 2: Determination of the Stevens parameters (in units of meV) for Ho 2 GaSbO 7 and Ho 2 ScSbO 7 from scaling arguments using the crystal-field parameters reported for Ho 2 Ti 2 O 7 .
2601.06939	0	40.81703	0.00016	⟨ H ⟩	Minimum 1			Table 1: Results for Trained Minima . All results are inferred using fresh test walkers never seen during training. The minima have Euclidean parameter norms 94.8 and 95.1 , while their separation has norm 115.9 , confirming that the endpoints are far apart in parameter space.
2601.06939	0	40.81687	0.00019	⟨ H ⟩	Minimum 2			Table 1: Results for Trained Minima . All results are inferred using fresh test walkers never seen during training. The minima have Euclidean parameter norms 94.8 and 95.1 , while their separation has norm 115.9 , confirming that the endpoints are far apart in parameter space.
2601.06939	0	0.00021	0.000028	var ( H ) = ⟨ H 2 ⟩ - ⟨ H ⟩ 2	Minimum 1			Table 1: Results for Trained Minima . All results are inferred using fresh test walkers never seen during training. The minima have Euclidean parameter norms 94.8 and 95.1 , while their separation has norm 115.9 , confirming that the endpoints are far apart in parameter space.
2601.06939	0	0.000296	0.000072	var ( H ) = ⟨ H 2 ⟩ - ⟨ H ⟩ 2	Minimum 2			Table 1: Results for Trained Minima . All results are inferred using fresh test walkers never seen during training. The minima have Euclidean parameter norms 94.8 and 95.1 , while their separation has norm 115.9 , confirming that the endpoints are far apart in parameter space.
2601.07800	0	-0.550158	0.000002	S = 1 2	Crown* (18 sites)		pyrochlore+Heisenberg	Table 1: Comparison of Anderson-type lower bounds on the ground-state energy of the nearest-neighbor Heisenberg antiferromagnet on the pyrochlore lattice. Entries show the lower bounds e LB / J obtained from different choices of sub-Hamiltonians: the site-centered Anderson star (Sec. II.1 ), the single-tetrahedron cluster (Sec. II.2 ), the seven-site hourglass motif (Sec. III.4 ), and two variants of the 18-site crown cluster (Sec. V ). The entry labeled “Crown*” corresponds to Eq. ( 82 ), the reduced crown construction with additional constraints enforcing conserved outer-pair spin quantum numbers, while “Crown” denotes the unconstrained crown optimization given the Hamiltonian ( 79 ). Exac
2601.07800	0	-0.549832	0.000008	S = 1 2	Crown (18 sites)		pyrochlore+Heisenberg	Table 1: Comparison of Anderson-type lower bounds on the ground-state energy of the nearest-neighbor Heisenberg antiferromagnet on the pyrochlore lattice. Entries show the lower bounds e LB / J obtained from different choices of sub-Hamiltonians: the site-centered Anderson star (Sec. II.1 ), the single-tetrahedron cluster (Sec. II.2 ), the seven-site hourglass motif (Sec. III.4 ), and two variants of the 18-site crown cluster (Sec. V ). The entry labeled “Crown*” corresponds to Eq. ( 82 ), the reduced crown construction with additional constraints enforcing conserved outer-pair spin quantum numbers, while “Crown” denotes the unconstrained crown optimization given the Hamiltonian ( 79 ). Exac
2601.07800	0	-1.632985	0.000008	S = 1	Crown* (18 sites)		pyrochlore+Heisenberg	Table 1: Comparison of Anderson-type lower bounds on the ground-state energy of the nearest-neighbor Heisenberg antiferromagnet on the pyrochlore lattice. Entries show the lower bounds e LB / J obtained from different choices of sub-Hamiltonians: the site-centered Anderson star (Sec. II.1 ), the single-tetrahedron cluster (Sec. II.2 ), the seven-site hourglass motif (Sec. III.4 ), and two variants of the 18-site crown cluster (Sec. V ). The entry labeled “Crown*” corresponds to Eq. ( 82 ), the reduced crown construction with additional constraints enforcing conserved outer-pair spin quantum numbers, while “Crown” denotes the unconstrained crown optimization given the Hamiltonian ( 79 ). Exac
2601.21310	1	-87.892693		FCI	Variational Energy			Table 2: Ground-state energies (in Hartree) calculated by our deterministic framework compared with previous NQS benchmarks and FCI/CCSD(T) references. | 𝒱 | denotes the size of the variational set. For our method, ‘Variational Energy’ refers to the exact expectation value E = ⟨ Ψ 𝒱 | H ^ | Ψ 𝒱 ⟩ / ⟨ Ψ 𝒱 | Ψ 𝒱 ⟩ , and ‘Total Energy’ includes the post-optimization PT2 correction. Methods are sorted by variational energy (descending) within each system.
2601.21310	1	-87.893089		CCSD(T)	Total Energy			Table 2: Ground-state energies (in Hartree) calculated by our deterministic framework compared with previous NQS benchmarks and FCI/CCSD(T) references. | 𝒱 | denotes the size of the variational set. For our method, ‘Variational Energy’ refers to the exact expectation value E = ⟨ Ψ 𝒱 | H ^ | Ψ 𝒱 ⟩ / ⟨ Ψ 𝒱 | Ψ 𝒱 ⟩ , and ‘Total Energy’ includes the post-optimization PT2 correction. Methods are sorted by variational energy (descending) within each system.
2601.21310	1	-87.885637		MADE Zhao et al. (2023)	Variational Energy			Table 2: Ground-state energies (in Hartree) calculated by our deterministic framework compared with previous NQS benchmarks and FCI/CCSD(T) references. | 𝒱 | denotes the size of the variational set. For our method, ‘Variational Energy’ refers to the exact expectation value E = ⟨ Ψ 𝒱 | H ^ | Ψ 𝒱 ⟩ / ⟨ Ψ 𝒱 | Ψ 𝒱 ⟩ , and ‘Total Energy’ includes the post-optimization PT2 correction. Methods are sorted by variational energy (descending) within each system.
2601.21310	1	-87.887889		This work	Variational Energy			Table 2: Ground-state energies (in Hartree) calculated by our deterministic framework compared with previous NQS benchmarks and FCI/CCSD(T) references. | 𝒱 | denotes the size of the variational set. For our method, ‘Variational Energy’ refers to the exact expectation value E = ⟨ Ψ 𝒱 | H ^ | Ψ 𝒱 ⟩ / ⟨ Ψ 𝒱 | Ψ 𝒱 ⟩ , and ‘Total Energy’ includes the post-optimization PT2 correction. Methods are sorted by variational energy (descending) within each system.
2601.21310	1	-87.892584		This work	Total Energy			Table 2: Ground-state energies (in Hartree) calculated by our deterministic framework compared with previous NQS benchmarks and FCI/CCSD(T) references. | 𝒱 | denotes the size of the variational set. For our method, ‘Variational Energy’ refers to the exact expectation value E = ⟨ Ψ 𝒱 | H ^ | Ψ 𝒱 ⟩ / ⟨ Ψ 𝒱 | Ψ 𝒱 ⟩ , and ‘Total Energy’ includes the post-optimization PT2 correction. Methods are sorted by variational energy (descending) within each system.
2601.21310	1	-87.8918		SC-RBM Li et al. (2023)	Variational Energy			Table 2: Ground-state energies (in Hartree) calculated by our deterministic framework compared with previous NQS benchmarks and FCI/CCSD(T) references. | 𝒱 | denotes the size of the variational set. For our method, ‘Variational Energy’ refers to the exact expectation value E = ⟨ Ψ 𝒱 | H ^ | Ψ 𝒱 ⟩ / ⟨ Ψ 𝒱 | Ψ 𝒱 ⟩ , and ‘Total Energy’ includes the post-optimization PT2 correction. Methods are sorted by variational energy (descending) within each system.
2601.21310	1	-87.891996		This work	Variational Energy			Table 2: Ground-state energies (in Hartree) calculated by our deterministic framework compared with previous NQS benchmarks and FCI/CCSD(T) references. | 𝒱 | denotes the size of the variational set. For our method, ‘Variational Energy’ refers to the exact expectation value E = ⟨ Ψ 𝒱 | H ^ | Ψ 𝒱 ⟩ / ⟨ Ψ 𝒱 | Ψ 𝒱 ⟩ , and ‘Total Energy’ includes the post-optimization PT2 correction. Methods are sorted by variational energy (descending) within each system.
2601.21310	1	-87.89268		This work	Total Energy			Table 2: Ground-state energies (in Hartree) calculated by our deterministic framework compared with previous NQS benchmarks and FCI/CCSD(T) references. | 𝒱 | denotes the size of the variational set. For our method, ‘Variational Energy’ refers to the exact expectation value E = ⟨ Ψ 𝒱 | H ^ | Ψ 𝒱 ⟩ / ⟨ Ψ 𝒱 | Ψ 𝒱 ⟩ , and ‘Total Energy’ includes the post-optimization PT2 correction. Methods are sorted by variational energy (descending) within each system.
2601.21310	1	-87.892433		NAQS Barrett et al. (2022)	Variational Energy			Table 2: Ground-state energies (in Hartree) calculated by our deterministic framework compared with previous NQS benchmarks and FCI/CCSD(T) references. | 𝒱 | denotes the size of the variational set. For our method, ‘Variational Energy’ refers to the exact expectation value E = ⟨ Ψ 𝒱 | H ^ | Ψ 𝒱 ⟩ / ⟨ Ψ 𝒱 | Ψ 𝒱 ⟩ , and ‘Total Energy’ includes the post-optimization PT2 correction. Methods are sorted by variational energy (descending) within each system.
2601.21310	1	-87.892541		This work	Variational Energy			Table 2: Ground-state energies (in Hartree) calculated by our deterministic framework compared with previous NQS benchmarks and FCI/CCSD(T) references. | 𝒱 | denotes the size of the variational set. For our method, ‘Variational Energy’ refers to the exact expectation value E = ⟨ Ψ 𝒱 | H ^ | Ψ 𝒱 ⟩ / ⟨ Ψ 𝒱 | Ψ 𝒱 ⟩ , and ‘Total Energy’ includes the post-optimization PT2 correction. Methods are sorted by variational energy (descending) within each system.
2601.21310	1	-87.892689		This work	Total Energy			Table 2: Ground-state energies (in Hartree) calculated by our deterministic framework compared with previous NQS benchmarks and FCI/CCSD(T) references. | 𝒱 | denotes the size of the variational set. For our method, ‘Variational Energy’ refers to the exact expectation value E = ⟨ Ψ 𝒱 | H ^ | Ψ 𝒱 ⟩ / ⟨ Ψ 𝒱 | Ψ 𝒱 ⟩ , and ‘Total Energy’ includes the post-optimization PT2 correction. Methods are sorted by variational energy (descending) within each system.
2601.21310	1	-87.8926		Transformer Shang et al. (2025)	Variational Energy			Table 2: Ground-state energies (in Hartree) calculated by our deterministic framework compared with previous NQS benchmarks and FCI/CCSD(T) references. | 𝒱 | denotes the size of the variational set. For our method, ‘Variational Energy’ refers to the exact expectation value E = ⟨ Ψ 𝒱 | H ^ | Ψ 𝒱 ⟩ / ⟨ Ψ 𝒱 | Ψ 𝒱 ⟩ , and ‘Total Energy’ includes the post-optimization PT2 correction. Methods are sorted by variational energy (descending) within each system.
2601.21310	1	-87.892646		This work	Variational Energy			Table 2: Ground-state energies (in Hartree) calculated by our deterministic framework compared with previous NQS benchmarks and FCI/CCSD(T) references. | 𝒱 | denotes the size of the variational set. For our method, ‘Variational Energy’ refers to the exact expectation value E = ⟨ Ψ 𝒱 | H ^ | Ψ 𝒱 ⟩ / ⟨ Ψ 𝒱 | Ψ 𝒱 ⟩ , and ‘Total Energy’ includes the post-optimization PT2 correction. Methods are sorted by variational energy (descending) within each system.
2601.21310	1	-87.892691		This work	Total Energy			Table 2: Ground-state energies (in Hartree) calculated by our deterministic framework compared with previous NQS benchmarks and FCI/CCSD(T) references. | 𝒱 | denotes the size of the variational set. For our method, ‘Variational Energy’ refers to the exact expectation value E = ⟨ Ψ 𝒱 | H ^ | Ψ 𝒱 ⟩ / ⟨ Ψ 𝒱 | Ψ 𝒱 ⟩ , and ‘Total Energy’ includes the post-optimization PT2 correction. Methods are sorted by variational energy (descending) within each system.
2601.21310	1	-87.892662		NNBF Liu and Clark (2024)	Variational Energy			Table 2: Ground-state energies (in Hartree) calculated by our deterministic framework compared with previous NQS benchmarks and FCI/CCSD(T) references. | 𝒱 | denotes the size of the variational set. For our method, ‘Variational Energy’ refers to the exact expectation value E = ⟨ Ψ 𝒱 | H ^ | Ψ 𝒱 ⟩ / ⟨ Ψ 𝒱 | Ψ 𝒱 ⟩ , and ‘Total Energy’ includes the post-optimization PT2 correction. Methods are sorted by variational energy (descending) within each system.
2601.21310	1	-87.892662		This work	Variational Energy			Table 2: Ground-state energies (in Hartree) calculated by our deterministic framework compared with previous NQS benchmarks and FCI/CCSD(T) references. | 𝒱 | denotes the size of the variational set. For our method, ‘Variational Energy’ refers to the exact expectation value E = ⟨ Ψ 𝒱 | H ^ | Ψ 𝒱 ⟩ / ⟨ Ψ 𝒱 | Ψ 𝒱 ⟩ , and ‘Total Energy’ includes the post-optimization PT2 correction. Methods are sorted by variational energy (descending) within each system.
2601.21310	1	-87.892692		This work	Total Energy			Table 2: Ground-state energies (in Hartree) calculated by our deterministic framework compared with previous NQS benchmarks and FCI/CCSD(T) references. | 𝒱 | denotes the size of the variational set. For our method, ‘Variational Energy’ refers to the exact expectation value E = ⟨ Ψ 𝒱 | H ^ | Ψ 𝒱 ⟩ / ⟨ Ψ 𝒱 | Ψ 𝒱 ⟩ , and ‘Total Energy’ includes the post-optimization PT2 correction. Methods are sorted by variational energy (descending) within each system.
2601.21310	2	-0.406696		CCSDTQ Olivares-Amaya et al. (2015)	Total Energy			Table 3: Ground-state energies of the Cr 2 dimer in different active spaces. All energies are reported as E + 2086 Ha.
2601.21310	2	-0.339793		This work	Variational Energy			Table 3: Ground-state energies of the Cr 2 dimer in different active spaces. All energies are reported as E + 2086 Ha.
2601.21310	2	-0.418002		This work	Total Energy			Table 3: Ground-state energies of the Cr 2 dimer in different active spaces. All energies are reported as E + 2086 Ha.
2601.21310	2	-0.372492		This work	Variational Energy			Table 3: Ground-state energies of the Cr 2 dimer in different active spaces. All energies are reported as E + 2086 Ha.
2601.21310	2	-0.417737		This work	Total Energy			Table 3: Ground-state energies of the Cr 2 dimer in different active spaces. All energies are reported as E + 2086 Ha.
2601.21310	2	-0.38396		SC-RBM Li et al. (2024)	Variational Energy			Table 3: Ground-state energies of the Cr 2 dimer in different active spaces. All energies are reported as E + 2086 Ha.
2601.21310	2	-0.41692		SC-RBM Li et al. (2024)	Total Energy			Table 3: Ground-state energies of the Cr 2 dimer in different active spaces. All energies are reported as E + 2086 Ha.
2601.21310	2	-0.38752		SC-RBM Li et al. (2024)	Variational Energy			Table 3: Ground-state energies of the Cr 2 dimer in different active spaces. All energies are reported as E + 2086 Ha.
2601.21310	2	-0.41631		SC-RBM Li et al. (2024)	Total Energy			Table 3: Ground-state energies of the Cr 2 dimer in different active spaces. All energies are reported as E + 2086 Ha.
2601.21310	2	-0.387661		HCI Li et al. (2020)	Variational Energy			Table 3: Ground-state energies of the Cr 2 dimer in different active spaces. All energies are reported as E + 2086 Ha.
2601.21310	2	-0.420094		HCI Li et al. (2020)	Total Energy			Table 3: Ground-state energies of the Cr 2 dimer in different active spaces. All energies are reported as E + 2086 Ha.
2601.21310	2	-0.392029		This work	Variational Energy			Table 3: Ground-state energies of the Cr 2 dimer in different active spaces. All energies are reported as E + 2086 Ha.
2601.21310	2	-0.419212		This work	Total Energy			Table 3: Ground-state energies of the Cr 2 dimer in different active spaces. All energies are reported as E + 2086 Ha.
2601.21310	2	-0.402847		This work	Variational Energy			Table 3: Ground-state energies of the Cr 2 dimer in different active spaces. All energies are reported as E + 2086 Ha.
2601.21310	2	-0.41955		This work	Total Energy			Table 3: Ground-state energies of the Cr 2 dimer in different active spaces. All energies are reported as E + 2086 Ha.
2601.21310	2	-0.402856		HCI Li et al. (2020)	Variational Energy			Table 3: Ground-state energies of the Cr 2 dimer in different active spaces. All energies are reported as E + 2086 Ha.
2601.21310	2	-0.420541		HCI Li et al. (2020)	Total Energy			Table 3: Ground-state energies of the Cr 2 dimer in different active spaces. All energies are reported as E + 2086 Ha.
2601.21310	2	-0.406173		This work	Variational Energy			Table 3: Ground-state energies of the Cr 2 dimer in different active spaces. All energies are reported as E + 2086 Ha.
2601.21310	2	-0.420278		This work	Total Energy			Table 3: Ground-state energies of the Cr 2 dimer in different active spaces. All energies are reported as E + 2086 Ha.
2601.21310	2	-0.420114		HCI Li et al. (2020)	Variational Energy			Table 3: Ground-state energies of the Cr 2 dimer in different active spaces. All energies are reported as E + 2086 Ha.
2601.21310	2	-0.421375		HCI Li et al. (2020)	Total Energy			Table 3: Ground-state energies of the Cr 2 dimer in different active spaces. All energies are reported as E + 2086 Ha.
2601.21310	2	-0.420525		DMRG Sharma and Chan (2012)	Variational Energy			Table 3: Ground-state energies of the Cr 2 dimer in different active spaces. All energies are reported as E + 2086 Ha.
2601.21310	2	-0.421156		DMRG Sharma and Chan (2012)	Total Energy			Table 3: Ground-state energies of the Cr 2 dimer in different active spaces. All energies are reported as E + 2086 Ha.
2601.21310	2	-0.4212		FCIQMC Booth et al. (2014)	Total Energy			Table 3: Ground-state energies of the Cr 2 dimer in different active spaces. All energies are reported as E + 2086 Ha.
2601.21310	2	-0.430244		CCSDTQ Olivares-Amaya et al. (2015)	Total Energy			Table 3: Ground-state energies of the Cr 2 dimer in different active spaces. All energies are reported as E + 2086 Ha.
2601.21310	2	-0.330898		This work	Variational Energy			Table 3: Ground-state energies of the Cr 2 dimer in different active spaces. All energies are reported as E + 2086 Ha.
2601.21310	2	-0.43719		This work	Total Energy			Table 3: Ground-state energies of the Cr 2 dimer in different active spaces. All energies are reported as E + 2086 Ha.
2601.21310	2	-0.381646		This work	Variational Energy			Table 3: Ground-state energies of the Cr 2 dimer in different active spaces. All energies are reported as E + 2086 Ha.
2601.21310	2	-0.440195		This work	Total Energy			Table 3: Ground-state energies of the Cr 2 dimer in different active spaces. All energies are reported as E + 2086 Ha.
2601.21310	2	-0.38978		SC-RBM Li et al. (2024)	Variational Energy			Table 3: Ground-state energies of the Cr 2 dimer in different active spaces. All energies are reported as E + 2086 Ha.
2601.21310	2	-0.43753		SC-RBM Li et al. (2024)	Total Energy			Table 3: Ground-state energies of the Cr 2 dimer in different active spaces. All energies are reported as E + 2086 Ha.
2601.21310	2	-0.39203		SC-RBM Li et al. (2024)	Variational Energy			Table 3: Ground-state energies of the Cr 2 dimer in different active spaces. All energies are reported as E + 2086 Ha.
2601.21310	2	-0.43452		SC-RBM Li et al. (2024)	Total Energy			Table 3: Ground-state energies of the Cr 2 dimer in different active spaces. All energies are reported as E + 2086 Ha.
2601.21310	2	-0.40043		SC-Transformer Kan et al. (2025)	Variational Energy			Table 3: Ground-state energies of the Cr 2 dimer in different active spaces. All energies are reported as E + 2086 Ha.
2601.21310	2	-0.405		HCI Li et al. (2020)	Variational Energy			Table 3: Ground-state energies of the Cr 2 dimer in different active spaces. All energies are reported as E + 2086 Ha.
2601.21310	2	-0.442899		HCI Li et al. (2020)	Total Energy			Table 3: Ground-state energies of the Cr 2 dimer in different active spaces. All energies are reported as E + 2086 Ha.
2601.21310	2	-0.405377		This work	Variational Energy			Table 3: Ground-state energies of the Cr 2 dimer in different active spaces. All energies are reported as E + 2086 Ha.
2601.21310	2	-0.441221		This work	Total Energy			Table 3: Ground-state energies of the Cr 2 dimer in different active spaces. All energies are reported as E + 2086 Ha.
2601.21310	2	-0.418717		This work	Variational Energy			Table 3: Ground-state energies of the Cr 2 dimer in different active spaces. All energies are reported as E + 2086 Ha.
2601.21310	2	-0.442491		This work	Total Energy			Table 3: Ground-state energies of the Cr 2 dimer in different active spaces. All energies are reported as E + 2086 Ha.
2601.21310	2	-0.422163		HCI Li et al. (2020)	Variational Energy			Table 3: Ground-state energies of the Cr 2 dimer in different active spaces. All energies are reported as E + 2086 Ha.
2601.21310	2	-0.443463		HCI Li et al. (2020)	Total Energy			Table 3: Ground-state energies of the Cr 2 dimer in different active spaces. All energies are reported as E + 2086 Ha.
2601.21310	2	-0.422971		This work	Variational Energy			Table 3: Ground-state energies of the Cr 2 dimer in different active spaces. All energies are reported as E + 2086 Ha.
2601.21310	2	-0.442491		This work	Total Energy			Table 3: Ground-state energies of the Cr 2 dimer in different active spaces. All energies are reported as E + 2086 Ha.
2601.21310	2	-0.430093		HCI Li et al. (2020)	Variational Energy			Table 3: Ground-state energies of the Cr 2 dimer in different active spaces. All energies are reported as E + 2086 Ha.
2601.21310	2	-0.443908		HCI Li et al. (2020)	Total Energy			Table 3: Ground-state energies of the Cr 2 dimer in different active spaces. All energies are reported as E + 2086 Ha.
2601.21310	2	-0.442773		HCI Li et al. (2020)	Variational Energy			Table 3: Ground-state energies of the Cr 2 dimer in different active spaces. All energies are reported as E + 2086 Ha.
2601.21310	2	-0.44456		HCI Li et al. (2020)	Total Energy			Table 3: Ground-state energies of the Cr 2 dimer in different active spaces. All energies are reported as E + 2086 Ha.
2601.21310	2	-0.443334		DMRG Olivares-Amaya et al. (2015)	Variational Energy			Table 3: Ground-state energies of the Cr 2 dimer in different active spaces. All energies are reported as E + 2086 Ha.
2601.21310	2	-0.444478		DMRG Olivares-Amaya et al. (2015)	Total Energy			Table 3: Ground-state energies of the Cr 2 dimer in different active spaces. All energies are reported as E + 2086 Ha.
2601.21310	3	-76.121664		Variational + PT2	E total / Ha			Table S1: Computational cost and final energies for different outer/inner-loop allocations and optimization modes. The total gradient budget is fixed at 10,000 steps for H 2 O (6-31G) with | 𝒱 | = 4096 .
2601.21310	3	-76.121707		50 outer × 200 inner	Wall Time / s			Table S1: Computational cost and final energies for different outer/inner-loop allocations and optimization modes. The total gradient budget is fixed at 10,000 steps for H 2 O (6-31G) with | 𝒱 | = 4096 .
2601.21310	3	-76.121683		20 outer × 500 inner	Wall Time / s			Table S1: Computational cost and final energies for different outer/inner-loop allocations and optimization modes. The total gradient budget is fixed at 10,000 steps for H 2 O (6-31G) with | 𝒱 | = 4096 .
2601.21310	3	-76.121662		10 outer × 1000 inner	Wall Time / s			Table S1: Computational cost and final energies for different outer/inner-loop allocations and optimization modes. The total gradient budget is fixed at 10,000 steps for H 2 O (6-31G) with | 𝒱 | = 4096 .
2601.21310	3	-76.122174		Proxy	E total / Ha			Table S1: Computational cost and final energies for different outer/inner-loop allocations and optimization modes. The total gradient budget is fixed at 10,000 steps for H 2 O (6-31G) with | 𝒱 | = 4096 .
2601.21310	3	-76.122224		50 outer × 200 inner	Wall Time / s			Table S1: Computational cost and final energies for different outer/inner-loop allocations and optimization modes. The total gradient budget is fixed at 10,000 steps for H 2 O (6-31G) with | 𝒱 | = 4096 .
2601.21310	3	-76.122211		20 outer × 500 inner	Wall Time / s			Table S1: Computational cost and final energies for different outer/inner-loop allocations and optimization modes. The total gradient budget is fixed at 10,000 steps for H 2 O (6-31G) with | 𝒱 | = 4096 .
2601.21310	3	-76.122238		10 outer × 1000 inner	Wall Time / s			Table S1: Computational cost and final energies for different outer/inner-loop allocations and optimization modes. The total gradient budget is fixed at 10,000 steps for H 2 O (6-31G) with | 𝒱 | = 4096 .
2601.21310	3	-76.121809		Asymmetric	E total / Ha			Table S1: Computational cost and final energies for different outer/inner-loop allocations and optimization modes. The total gradient budget is fixed at 10,000 steps for H 2 O (6-31G) with | 𝒱 | = 4096 .
2601.21310	3	-76.121805		50 outer × 200 inner	Wall Time / s			Table S1: Computational cost and final energies for different outer/inner-loop allocations and optimization modes. The total gradient budget is fixed at 10,000 steps for H 2 O (6-31G) with | 𝒱 | = 4096 .
2601.21310	3	-76.121876		20 outer × 500 inner	Wall Time / s			Table S1: Computational cost and final energies for different outer/inner-loop allocations and optimization modes. The total gradient budget is fixed at 10,000 steps for H 2 O (6-31G) with | 𝒱 | = 4096 .
2601.21310	3	-76.121905		10 outer × 1000 inner	Wall Time / s			Table S1: Computational cost and final energies for different outer/inner-loop allocations and optimization modes. The total gradient budget is fixed at 10,000 steps for H 2 O (6-31G) with | 𝒱 | = 4096 .
2601.21310	4	-76.118919		Top- K	E var / Ha			Table S2: Performance and final subspace dimensions for different selection criteria on H 2 O (6-31G). Calculations were performed using 30 outer loops and 1000 inner steps.
2601.21310	4	-76.120748		K = 2048	Final | 𝒱 |			Table S2: Performance and final subspace dimensions for different selection criteria on H 2 O (6-31G). Calculations were performed using 30 outer loops and 1000 inner steps.
2601.21310	4	-76.121645		K = 4096	Final | 𝒱 |			Table S2: Performance and final subspace dimensions for different selection criteria on H 2 O (6-31G). Calculations were performed using 30 outer loops and 1000 inner steps.
2601.21310	4	-76.122105		K = 8192	Final | 𝒱 |			Table S2: Performance and final subspace dimensions for different selection criteria on H 2 O (6-31G). Calculations were performed using 30 outer loops and 1000 inner steps.
2601.21310	4	-76.106198		Cumulative Mass	E var / Ha			Table S2: Performance and final subspace dimensions for different selection criteria on H 2 O (6-31G). Calculations were performed using 30 outer loops and 1000 inner steps.
2601.21310	4	-76.12123		γ = 0.9999	Final | 𝒱 |			Table S2: Performance and final subspace dimensions for different selection criteria on H 2 O (6-31G). Calculations were performed using 30 outer loops and 1000 inner steps.
2601.21310	4	-76.122137		γ = 0.99999	Final | 𝒱 |			Table S2: Performance and final subspace dimensions for different selection criteria on H 2 O (6-31G). Calculations were performed using 30 outer loops and 1000 inner steps.
2601.21310	4	-76.12225		γ = 0.999999	Final | 𝒱 |			Table S2: Performance and final subspace dimensions for different selection criteria on H 2 O (6-31G). Calculations were performed using 30 outer loops and 1000 inner steps.
2601.21310	4	-76.070147		Absolute Threshold	E var / Ha			Table S2: Performance and final subspace dimensions for different selection criteria on H 2 O (6-31G). Calculations were performed using 30 outer loops and 1000 inner steps.
2601.21310	4	-76.113778		ϵ = 10 - 6	Final | 𝒱 |			Table S2: Performance and final subspace dimensions for different selection criteria on H 2 O (6-31G). Calculations were performed using 30 outer loops and 1000 inner steps.
2601.21310	4	-76.121919		ϵ = 10 - 8	Final | 𝒱 |			Table S2: Performance and final subspace dimensions for different selection criteria on H 2 O (6-31G). Calculations were performed using 30 outer loops and 1000 inner steps.
2601.21310	4	-76.122255		ϵ = 10 - 10	Final | 𝒱 |			Table S2: Performance and final subspace dimensions for different selection criteria on H 2 O (6-31G). Calculations were performed using 30 outer loops and 1000 inner steps.
2601.21310	6	-0.339793		CAS(24e, 30o)	E opt / Ha			Table S4: Post-hoc subspace diagonalization diagnostics for the Cr 2 dimer. Energies are reported as E + 2086 Ha. Δ opt is reported in mHa.
2601.21310	6	-0.339794		CAS(24e, 30o)	E diag / Ha			Table S4: Post-hoc subspace diagonalization diagnostics for the Cr 2 dimer. Energies are reported as E + 2086 Ha. Δ opt is reported in mHa.
2601.21310	6	-0.372492		32 768	| 𝒱 |			Table S4: Post-hoc subspace diagonalization diagnostics for the Cr 2 dimer. Energies are reported as E + 2086 Ha. Δ opt is reported in mHa.
2601.21310	6	-0.372499		32 768	E opt / Ha			Table S4: Post-hoc subspace diagonalization diagnostics for the Cr 2 dimer. Energies are reported as E + 2086 Ha. Δ opt is reported in mHa.
2601.21310	6	-0.392029		131 072	| 𝒱 |			Table S4: Post-hoc subspace diagonalization diagnostics for the Cr 2 dimer. Energies are reported as E + 2086 Ha. Δ opt is reported in mHa.
2601.21310	6	-0.392188		131 072	E opt / Ha			Table S4: Post-hoc subspace diagonalization diagnostics for the Cr 2 dimer. Energies are reported as E + 2086 Ha. Δ opt is reported in mHa.
2601.21310	6	-0.402847		524 288	| 𝒱 |			Table S4: Post-hoc subspace diagonalization diagnostics for the Cr 2 dimer. Energies are reported as E + 2086 Ha. Δ opt is reported in mHa.
2601.21310	6	-0.403853		524 288	E opt / Ha			Table S4: Post-hoc subspace diagonalization diagnostics for the Cr 2 dimer. Energies are reported as E + 2086 Ha. Δ opt is reported in mHa.
2601.21310	6	-0.406173		1 048 576	| 𝒱 |			Table S4: Post-hoc subspace diagonalization diagnostics for the Cr 2 dimer. Energies are reported as E + 2086 Ha. Δ opt is reported in mHa.
2601.21310	6	-0.407888		1 048 576	E opt / Ha			Table S4: Post-hoc subspace diagonalization diagnostics for the Cr 2 dimer. Energies are reported as E + 2086 Ha. Δ opt is reported in mHa.
2601.21310	6	-0.330898		CAS(48e, 42o)	E opt / Ha			Table S4: Post-hoc subspace diagonalization diagnostics for the Cr 2 dimer. Energies are reported as E + 2086 Ha. Δ opt is reported in mHa.
2601.21310	6	-0.330971		CAS(48e, 42o)	E diag / Ha			Table S4: Post-hoc subspace diagonalization diagnostics for the Cr 2 dimer. Energies are reported as E + 2086 Ha. Δ opt is reported in mHa.
2601.21310	6	-0.381646		32 768	| 𝒱 |			Table S4: Post-hoc subspace diagonalization diagnostics for the Cr 2 dimer. Energies are reported as E + 2086 Ha. Δ opt is reported in mHa.
2601.21310	6	-0.381673		32 768	E opt / Ha			Table S4: Post-hoc subspace diagonalization diagnostics for the Cr 2 dimer. Energies are reported as E + 2086 Ha. Δ opt is reported in mHa.
2601.21310	6	-0.405377		131 072	| 𝒱 |			Table S4: Post-hoc subspace diagonalization diagnostics for the Cr 2 dimer. Energies are reported as E + 2086 Ha. Δ opt is reported in mHa.
2601.21310	6	-0.405707		131 072	E opt / Ha			Table S4: Post-hoc subspace diagonalization diagnostics for the Cr 2 dimer. Energies are reported as E + 2086 Ha. Δ opt is reported in mHa.
2601.21310	6	-0.418717		524 288	| 𝒱 |			Table S4: Post-hoc subspace diagonalization diagnostics for the Cr 2 dimer. Energies are reported as E + 2086 Ha. Δ opt is reported in mHa.
2601.21310	6	-0.419859		524 288	E opt / Ha			Table S4: Post-hoc subspace diagonalization diagnostics for the Cr 2 dimer. Energies are reported as E + 2086 Ha. Δ opt is reported in mHa.
2601.21310	6	-0.422971		1 048 576	| 𝒱 |			Table S4: Post-hoc subspace diagonalization diagnostics for the Cr 2 dimer. Energies are reported as E + 2086 Ha. Δ opt is reported in mHa.
2601.21310	6	-0.424901		1 048 576	E opt / Ha			Table S4: Post-hoc subspace diagonalization diagnostics for the Cr 2 dimer. Energies are reported as E + 2086 Ha. Δ opt is reported in mHa.
2601.21310	7	-76.207599		| 𝒱 | = 1024	E var ( E h )			Table S5: Detailed ground-state energies for the symmetric dissociation of H 2 O in the cc-pVDZ basis set. | 𝒱 | denotes the size of the variational subspace (Top- K ). E var is the NQS variational energy, and E total includes the second-order Epstein-Nesbet perturbative correction ( E var + Δ E PT2 ). All values are reported in Hartrees ( E h ).
2601.21310	7	-76.241762		| 𝒱 | = 1024	E total ( E h )			Table S5: Detailed ground-state energies for the symmetric dissociation of H 2 O in the cc-pVDZ basis set. | 𝒱 | denotes the size of the variational subspace (Top- K ). E var is the NQS variational energy, and E total includes the second-order Epstein-Nesbet perturbative correction ( E var + Δ E PT2 ). All values are reported in Hartrees ( E h ).
2601.21310	7	-76.228652		| 𝒱 | = 2048	E var ( E h )			Table S5: Detailed ground-state energies for the symmetric dissociation of H 2 O in the cc-pVDZ basis set. | 𝒱 | denotes the size of the variational subspace (Top- K ). E var is the NQS variational energy, and E total includes the second-order Epstein-Nesbet perturbative correction ( E var + Δ E PT2 ). All values are reported in Hartrees ( E h ).
2601.21310	7	-76.241878		| 𝒱 | = 2048	E total ( E h )			Table S5: Detailed ground-state energies for the symmetric dissociation of H 2 O in the cc-pVDZ basis set. | 𝒱 | denotes the size of the variational subspace (Top- K ). E var is the NQS variational energy, and E total includes the second-order Epstein-Nesbet perturbative correction ( E var + Δ E PT2 ). All values are reported in Hartrees ( E h ).
2601.21310	7	-76.233468		| 𝒱 | = 4096	E var ( E h )			Table S5: Detailed ground-state energies for the symmetric dissociation of H 2 O in the cc-pVDZ basis set. | 𝒱 | denotes the size of the variational subspace (Top- K ). E var is the NQS variational energy, and E total includes the second-order Epstein-Nesbet perturbative correction ( E var + Δ E PT2 ). All values are reported in Hartrees ( E h ).
2601.21310	7	-76.241836		| 𝒱 | = 4096	E total ( E h )			Table S5: Detailed ground-state energies for the symmetric dissociation of H 2 O in the cc-pVDZ basis set. | 𝒱 | denotes the size of the variational subspace (Top- K ). E var is the NQS variational energy, and E total includes the second-order Epstein-Nesbet perturbative correction ( E var + Δ E PT2 ). All values are reported in Hartrees ( E h ).
2601.21310	7	-76.235706		| 𝒱 | = 8192	E var ( E h )			Table S5: Detailed ground-state energies for the symmetric dissociation of H 2 O in the cc-pVDZ basis set. | 𝒱 | denotes the size of the variational subspace (Top- K ). E var is the NQS variational energy, and E total includes the second-order Epstein-Nesbet perturbative correction ( E var + Δ E PT2 ). All values are reported in Hartrees ( E h ).
2601.21310	7	-76.241809		| 𝒱 | = 8192	E total ( E h )			Table S5: Detailed ground-state energies for the symmetric dissociation of H 2 O in the cc-pVDZ basis set. | 𝒱 | denotes the size of the variational subspace (Top- K ). E var is the NQS variational energy, and E total includes the second-order Epstein-Nesbet perturbative correction ( E var + Δ E PT2 ). All values are reported in Hartrees ( E h ).
2601.21310	7	-76.237406		| 𝒱 | = 16384	E var ( E h )			Table S5: Detailed ground-state energies for the symmetric dissociation of H 2 O in the cc-pVDZ basis set. | 𝒱 | denotes the size of the variational subspace (Top- K ). E var is the NQS variational energy, and E total includes the second-order Epstein-Nesbet perturbative correction ( E var + Δ E PT2 ). All values are reported in Hartrees ( E h ).
2601.21310	7	-76.241805		| 𝒱 | = 16384	E total ( E h )			Table S5: Detailed ground-state energies for the symmetric dissociation of H 2 O in the cc-pVDZ basis set. | 𝒱 | denotes the size of the variational subspace (Top- K ). E var is the NQS variational energy, and E total includes the second-order Epstein-Nesbet perturbative correction ( E var + Δ E PT2 ). All values are reported in Hartrees ( E h ).
2601.21310	7	-76.238839		| 𝒱 | = 32768	E var ( E h )			Table S5: Detailed ground-state energies for the symmetric dissociation of H 2 O in the cc-pVDZ basis set. | 𝒱 | denotes the size of the variational subspace (Top- K ). E var is the NQS variational energy, and E total includes the second-order Epstein-Nesbet perturbative correction ( E var + Δ E PT2 ). All values are reported in Hartrees ( E h ).
2601.21310	7	-76.241819		| 𝒱 | = 32768	E total ( E h )			Table S5: Detailed ground-state energies for the symmetric dissociation of H 2 O in the cc-pVDZ basis set. | 𝒱 | denotes the size of the variational subspace (Top- K ). E var is the NQS variational energy, and E total includes the second-order Epstein-Nesbet perturbative correction ( E var + Δ E PT2 ). All values are reported in Hartrees ( E h ).
2601.21310	7	-76.239927		| 𝒱 | = 65536	E var ( E h )			Table S5: Detailed ground-state energies for the symmetric dissociation of H 2 O in the cc-pVDZ basis set. | 𝒱 | denotes the size of the variational subspace (Top- K ). E var is the NQS variational energy, and E total includes the second-order Epstein-Nesbet perturbative correction ( E var + Δ E PT2 ). All values are reported in Hartrees ( E h ).
2601.21310	7	-76.241831		| 𝒱 | = 65536	E total ( E h )			Table S5: Detailed ground-state energies for the symmetric dissociation of H 2 O in the cc-pVDZ basis set. | 𝒱 | denotes the size of the variational subspace (Top- K ). E var is the NQS variational energy, and E total includes the second-order Epstein-Nesbet perturbative correction ( E var + Δ E PT2 ). All values are reported in Hartrees ( E h ).
2601.21310	7	-76.240633		| 𝒱 | = 131072	E var ( E h )			Table S5: Detailed ground-state energies for the symmetric dissociation of H 2 O in the cc-pVDZ basis set. | 𝒱 | denotes the size of the variational subspace (Top- K ). E var is the NQS variational energy, and E total includes the second-order Epstein-Nesbet perturbative correction ( E var + Δ E PT2 ). All values are reported in Hartrees ( E h ).
2601.21310	7	-76.241834		| 𝒱 | = 131072	E total ( E h )			Table S5: Detailed ground-state energies for the symmetric dissociation of H 2 O in the cc-pVDZ basis set. | 𝒱 | denotes the size of the variational subspace (Top- K ). E var is the NQS variational energy, and E total includes the second-order Epstein-Nesbet perturbative correction ( E var + Δ E PT2 ). All values are reported in Hartrees ( E h ).
2601.21310	7	-76.021217		| 𝒱 | = 1024	E var ( E h )			Table S5: Detailed ground-state energies for the symmetric dissociation of H 2 O in the cc-pVDZ basis set. | 𝒱 | denotes the size of the variational subspace (Top- K ). E var is the NQS variational energy, and E total includes the second-order Epstein-Nesbet perturbative correction ( E var + Δ E PT2 ). All values are reported in Hartrees ( E h ).
2601.21310	7	-76.071316		| 𝒱 | = 1024	E total ( E h )			Table S5: Detailed ground-state energies for the symmetric dissociation of H 2 O in the cc-pVDZ basis set. | 𝒱 | denotes the size of the variational subspace (Top- K ). E var is the NQS variational energy, and E total includes the second-order Epstein-Nesbet perturbative correction ( E var + Δ E PT2 ). All values are reported in Hartrees ( E h ).
2601.21310	7	-76.049151		| 𝒱 | = 2048	E var ( E h )			Table S5: Detailed ground-state energies for the symmetric dissociation of H 2 O in the cc-pVDZ basis set. | 𝒱 | denotes the size of the variational subspace (Top- K ). E var is the NQS variational energy, and E total includes the second-order Epstein-Nesbet perturbative correction ( E var + Δ E PT2 ). All values are reported in Hartrees ( E h ).
2601.21310	7	-76.071181		| 𝒱 | = 2048	E total ( E h )			Table S5: Detailed ground-state energies for the symmetric dissociation of H 2 O in the cc-pVDZ basis set. | 𝒱 | denotes the size of the variational subspace (Top- K ). E var is the NQS variational energy, and E total includes the second-order Epstein-Nesbet perturbative correction ( E var + Δ E PT2 ). All values are reported in Hartrees ( E h ).
2601.21310	7	-76.058468		| 𝒱 | = 4096	E var ( E h )			Table S5: Detailed ground-state energies for the symmetric dissociation of H 2 O in the cc-pVDZ basis set. | 𝒱 | denotes the size of the variational subspace (Top- K ). E var is the NQS variational energy, and E total includes the second-order Epstein-Nesbet perturbative correction ( E var + Δ E PT2 ). All values are reported in Hartrees ( E h ).
2601.21310	7	-76.071696		| 𝒱 | = 4096	E total ( E h )			Table S5: Detailed ground-state energies for the symmetric dissociation of H 2 O in the cc-pVDZ basis set. | 𝒱 | denotes the size of the variational subspace (Top- K ). E var is the NQS variational energy, and E total includes the second-order Epstein-Nesbet perturbative correction ( E var + Δ E PT2 ). All values are reported in Hartrees ( E h ).
2601.21310	7	-76.063649		| 𝒱 | = 8192	E var ( E h )			Table S5: Detailed ground-state energies for the symmetric dissociation of H 2 O in the cc-pVDZ basis set. | 𝒱 | denotes the size of the variational subspace (Top- K ). E var is the NQS variational energy, and E total includes the second-order Epstein-Nesbet perturbative correction ( E var + Δ E PT2 ). All values are reported in Hartrees ( E h ).
2601.21310	7	-76.072036		| 𝒱 | = 8192	E total ( E h )			Table S5: Detailed ground-state energies for the symmetric dissociation of H 2 O in the cc-pVDZ basis set. | 𝒱 | denotes the size of the variational subspace (Top- K ). E var is the NQS variational energy, and E total includes the second-order Epstein-Nesbet perturbative correction ( E var + Δ E PT2 ). All values are reported in Hartrees ( E h ).
2601.21310	7	-76.066736		| 𝒱 | = 16384	E var ( E h )			Table S5: Detailed ground-state energies for the symmetric dissociation of H 2 O in the cc-pVDZ basis set. | 𝒱 | denotes the size of the variational subspace (Top- K ). E var is the NQS variational energy, and E total includes the second-order Epstein-Nesbet perturbative correction ( E var + Δ E PT2 ). All values are reported in Hartrees ( E h ).
2601.21310	7	-76.072174		| 𝒱 | = 16384	E total ( E h )			Table S5: Detailed ground-state energies for the symmetric dissociation of H 2 O in the cc-pVDZ basis set. | 𝒱 | denotes the size of the variational subspace (Top- K ). E var is the NQS variational energy, and E total includes the second-order Epstein-Nesbet perturbative correction ( E var + Δ E PT2 ). All values are reported in Hartrees ( E h ).
2601.21310	7	-76.068747		| 𝒱 | = 32768	E var ( E h )			Table S5: Detailed ground-state energies for the symmetric dissociation of H 2 O in the cc-pVDZ basis set. | 𝒱 | denotes the size of the variational subspace (Top- K ). E var is the NQS variational energy, and E total includes the second-order Epstein-Nesbet perturbative correction ( E var + Δ E PT2 ). All values are reported in Hartrees ( E h ).
2601.21310	7	-76.07226		| 𝒱 | = 32768	E total ( E h )			Table S5: Detailed ground-state energies for the symmetric dissociation of H 2 O in the cc-pVDZ basis set. | 𝒱 | denotes the size of the variational subspace (Top- K ). E var is the NQS variational energy, and E total includes the second-order Epstein-Nesbet perturbative correction ( E var + Δ E PT2 ). All values are reported in Hartrees ( E h ).
2601.21310	7	-76.069903		| 𝒱 | = 65536	E var ( E h )			Table S5: Detailed ground-state energies for the symmetric dissociation of H 2 O in the cc-pVDZ basis set. | 𝒱 | denotes the size of the variational subspace (Top- K ). E var is the NQS variational energy, and E total includes the second-order Epstein-Nesbet perturbative correction ( E var + Δ E PT2 ). All values are reported in Hartrees ( E h ).
2601.21310	7	-76.072271		| 𝒱 | = 65536	E total ( E h )			Table S5: Detailed ground-state energies for the symmetric dissociation of H 2 O in the cc-pVDZ basis set. | 𝒱 | denotes the size of the variational subspace (Top- K ). E var is the NQS variational energy, and E total includes the second-order Epstein-Nesbet perturbative correction ( E var + Δ E PT2 ). All values are reported in Hartrees ( E h ).
2601.21310	7	-76.070621		| 𝒱 | = 131072	E var ( E h )			Table S5: Detailed ground-state energies for the symmetric dissociation of H 2 O in the cc-pVDZ basis set. | 𝒱 | denotes the size of the variational subspace (Top- K ). E var is the NQS variational energy, and E total includes the second-order Epstein-Nesbet perturbative correction ( E var + Δ E PT2 ). All values are reported in Hartrees ( E h ).
2601.21310	7	-76.072275		| 𝒱 | = 131072	E total ( E h )			Table S5: Detailed ground-state energies for the symmetric dissociation of H 2 O in the cc-pVDZ basis set. | 𝒱 | denotes the size of the variational subspace (Top- K ). E var is the NQS variational energy, and E total includes the second-order Epstein-Nesbet perturbative correction ( E var + Δ E PT2 ). All values are reported in Hartrees ( E h ).
2601.21310	7	-75.905673		| 𝒱 | = 1024	E var ( E h )			Table S5: Detailed ground-state energies for the symmetric dissociation of H 2 O in the cc-pVDZ basis set. | 𝒱 | denotes the size of the variational subspace (Top- K ). E var is the NQS variational energy, and E total includes the second-order Epstein-Nesbet perturbative correction ( E var + Δ E PT2 ). All values are reported in Hartrees ( E h ).
2601.21310	7	-75.949154		| 𝒱 | = 1024	E total ( E h )			Table S5: Detailed ground-state energies for the symmetric dissociation of H 2 O in the cc-pVDZ basis set. | 𝒱 | denotes the size of the variational subspace (Top- K ). E var is the NQS variational energy, and E total includes the second-order Epstein-Nesbet perturbative correction ( E var + Δ E PT2 ). All values are reported in Hartrees ( E h ).
2601.21310	7	-75.925819		| 𝒱 | = 2048	E var ( E h )			Table S5: Detailed ground-state energies for the symmetric dissociation of H 2 O in the cc-pVDZ basis set. | 𝒱 | denotes the size of the variational subspace (Top- K ). E var is the NQS variational energy, and E total includes the second-order Epstein-Nesbet perturbative correction ( E var + Δ E PT2 ). All values are reported in Hartrees ( E h ).
2601.21310	7	-75.950111		| 𝒱 | = 2048	E total ( E h )			Table S5: Detailed ground-state energies for the symmetric dissociation of H 2 O in the cc-pVDZ basis set. | 𝒱 | denotes the size of the variational subspace (Top- K ). E var is the NQS variational energy, and E total includes the second-order Epstein-Nesbet perturbative correction ( E var + Δ E PT2 ). All values are reported in Hartrees ( E h ).
2601.21310	7	-75.938465		| 𝒱 | = 4096	E var ( E h )			Table S5: Detailed ground-state energies for the symmetric dissociation of H 2 O in the cc-pVDZ basis set. | 𝒱 | denotes the size of the variational subspace (Top- K ). E var is the NQS variational energy, and E total includes the second-order Epstein-Nesbet perturbative correction ( E var + Δ E PT2 ). All values are reported in Hartrees ( E h ).
2601.21310	7	-75.95086		| 𝒱 | = 4096	E total ( E h )			Table S5: Detailed ground-state energies for the symmetric dissociation of H 2 O in the cc-pVDZ basis set. | 𝒱 | denotes the size of the variational subspace (Top- K ). E var is the NQS variational energy, and E total includes the second-order Epstein-Nesbet perturbative correction ( E var + Δ E PT2 ). All values are reported in Hartrees ( E h ).
2601.21310	7	-75.943786		| 𝒱 | = 8192	E var ( E h )			Table S5: Detailed ground-state energies for the symmetric dissociation of H 2 O in the cc-pVDZ basis set. | 𝒱 | denotes the size of the variational subspace (Top- K ). E var is the NQS variational energy, and E total includes the second-order Epstein-Nesbet perturbative correction ( E var + Δ E PT2 ). All values are reported in Hartrees ( E h ).
2601.21310	7	-75.951242		| 𝒱 | = 8192	E total ( E h )			Table S5: Detailed ground-state energies for the symmetric dissociation of H 2 O in the cc-pVDZ basis set. | 𝒱 | denotes the size of the variational subspace (Top- K ). E var is the NQS variational energy, and E total includes the second-order Epstein-Nesbet perturbative correction ( E var + Δ E PT2 ). All values are reported in Hartrees ( E h ).
2601.21310	7	-75.947021		| 𝒱 | = 16384	E var ( E h )			Table S5: Detailed ground-state energies for the symmetric dissociation of H 2 O in the cc-pVDZ basis set. | 𝒱 | denotes the size of the variational subspace (Top- K ). E var is the NQS variational energy, and E total includes the second-order Epstein-Nesbet perturbative correction ( E var + Δ E PT2 ). All values are reported in Hartrees ( E h ).
2601.21310	7	-75.951467		| 𝒱 | = 16384	E total ( E h )			Table S5: Detailed ground-state energies for the symmetric dissociation of H 2 O in the cc-pVDZ basis set. | 𝒱 | denotes the size of the variational subspace (Top- K ). E var is the NQS variational energy, and E total includes the second-order Epstein-Nesbet perturbative correction ( E var + Δ E PT2 ). All values are reported in Hartrees ( E h ).
2601.21310	7	-75.948855		| 𝒱 | = 32768	E var ( E h )			Table S5: Detailed ground-state energies for the symmetric dissociation of H 2 O in the cc-pVDZ basis set. | 𝒱 | denotes the size of the variational subspace (Top- K ). E var is the NQS variational energy, and E total includes the second-order Epstein-Nesbet perturbative correction ( E var + Δ E PT2 ). All values are reported in Hartrees ( E h ).
2601.21310	7	-75.951566		| 𝒱 | = 32768	E total ( E h )			Table S5: Detailed ground-state energies for the symmetric dissociation of H 2 O in the cc-pVDZ basis set. | 𝒱 | denotes the size of the variational subspace (Top- K ). E var is the NQS variational energy, and E total includes the second-order Epstein-Nesbet perturbative correction ( E var + Δ E PT2 ). All values are reported in Hartrees ( E h ).
2601.21310	7	-75.949988		| 𝒱 | = 65536	E var ( E h )			Table S5: Detailed ground-state energies for the symmetric dissociation of H 2 O in the cc-pVDZ basis set. | 𝒱 | denotes the size of the variational subspace (Top- K ). E var is the NQS variational energy, and E total includes the second-order Epstein-Nesbet perturbative correction ( E var + Δ E PT2 ). All values are reported in Hartrees ( E h ).
2601.21310	7	-75.95161		| 𝒱 | = 65536	E total ( E h )			Table S5: Detailed ground-state energies for the symmetric dissociation of H 2 O in the cc-pVDZ basis set. | 𝒱 | denotes the size of the variational subspace (Top- K ). E var is the NQS variational energy, and E total includes the second-order Epstein-Nesbet perturbative correction ( E var + Δ E PT2 ). All values are reported in Hartrees ( E h ).
2601.21310	7	-75.950464		| 𝒱 | = 131072	E var ( E h )			Table S5: Detailed ground-state energies for the symmetric dissociation of H 2 O in the cc-pVDZ basis set. | 𝒱 | denotes the size of the variational subspace (Top- K ). E var is the NQS variational energy, and E total includes the second-order Epstein-Nesbet perturbative correction ( E var + Δ E PT2 ). All values are reported in Hartrees ( E h ).
2601.21310	7	-75.951622		| 𝒱 | = 131072	E total ( E h )			Table S5: Detailed ground-state energies for the symmetric dissociation of H 2 O in the cc-pVDZ basis set. | 𝒱 | denotes the size of the variational subspace (Top- K ). E var is the NQS variational energy, and E total includes the second-order Epstein-Nesbet perturbative correction ( E var + Δ E PT2 ). All values are reported in Hartrees ( E h ).
2601.21310	7	-75.87329		| 𝒱 | = 1024	E var ( E h )			Table S5: Detailed ground-state energies for the symmetric dissociation of H 2 O in the cc-pVDZ basis set. | 𝒱 | denotes the size of the variational subspace (Top- K ). E var is the NQS variational energy, and E total includes the second-order Epstein-Nesbet perturbative correction ( E var + Δ E PT2 ). All values are reported in Hartrees ( E h ).
2601.21310	7	-75.914477		| 𝒱 | = 1024	E total ( E h )			Table S5: Detailed ground-state energies for the symmetric dissociation of H 2 O in the cc-pVDZ basis set. | 𝒱 | denotes the size of the variational subspace (Top- K ). E var is the NQS variational energy, and E total includes the second-order Epstein-Nesbet perturbative correction ( E var + Δ E PT2 ). All values are reported in Hartrees ( E h ).
2601.21310	7	-75.899047		| 𝒱 | = 2048	E var ( E h )			Table S5: Detailed ground-state energies for the symmetric dissociation of H 2 O in the cc-pVDZ basis set. | 𝒱 | denotes the size of the variational subspace (Top- K ). E var is the NQS variational energy, and E total includes the second-order Epstein-Nesbet perturbative correction ( E var + Δ E PT2 ). All values are reported in Hartrees ( E h ).
2601.21310	7	-75.915713		| 𝒱 | = 2048	E total ( E h )			Table S5: Detailed ground-state energies for the symmetric dissociation of H 2 O in the cc-pVDZ basis set. | 𝒱 | denotes the size of the variational subspace (Top- K ). E var is the NQS variational energy, and E total includes the second-order Epstein-Nesbet perturbative correction ( E var + Δ E PT2 ). All values are reported in Hartrees ( E h ).
2601.21310	7	-75.907279		| 𝒱 | = 4096	E var ( E h )			Table S5: Detailed ground-state energies for the symmetric dissociation of H 2 O in the cc-pVDZ basis set. | 𝒱 | denotes the size of the variational subspace (Top- K ). E var is the NQS variational energy, and E total includes the second-order Epstein-Nesbet perturbative correction ( E var + Δ E PT2 ). All values are reported in Hartrees ( E h ).
2601.21310	7	-75.916919		| 𝒱 | = 4096	E total ( E h )			Table S5: Detailed ground-state energies for the symmetric dissociation of H 2 O in the cc-pVDZ basis set. | 𝒱 | denotes the size of the variational subspace (Top- K ). E var is the NQS variational energy, and E total includes the second-order Epstein-Nesbet perturbative correction ( E var + Δ E PT2 ). All values are reported in Hartrees ( E h ).
2601.21310	7	-75.911828		| 𝒱 | = 8192	E var ( E h )			Table S5: Detailed ground-state energies for the symmetric dissociation of H 2 O in the cc-pVDZ basis set. | 𝒱 | denotes the size of the variational subspace (Top- K ). E var is the NQS variational energy, and E total includes the second-order Epstein-Nesbet perturbative correction ( E var + Δ E PT2 ). All values are reported in Hartrees ( E h ).
2601.21310	7	-75.917529		| 𝒱 | = 8192	E total ( E h )			Table S5: Detailed ground-state energies for the symmetric dissociation of H 2 O in the cc-pVDZ basis set. | 𝒱 | denotes the size of the variational subspace (Top- K ). E var is the NQS variational energy, and E total includes the second-order Epstein-Nesbet perturbative correction ( E var + Δ E PT2 ). All values are reported in Hartrees ( E h ).
2601.21310	7	-75.914525		| 𝒱 | = 16384	E var ( E h )			Table S5: Detailed ground-state energies for the symmetric dissociation of H 2 O in the cc-pVDZ basis set. | 𝒱 | denotes the size of the variational subspace (Top- K ). E var is the NQS variational energy, and E total includes the second-order Epstein-Nesbet perturbative correction ( E var + Δ E PT2 ). All values are reported in Hartrees ( E h ).
2601.21310	7	-75.917758		| 𝒱 | = 16384	E total ( E h )			Table S5: Detailed ground-state energies for the symmetric dissociation of H 2 O in the cc-pVDZ basis set. | 𝒱 | denotes the size of the variational subspace (Top- K ). E var is the NQS variational energy, and E total includes the second-order Epstein-Nesbet perturbative correction ( E var + Δ E PT2 ). All values are reported in Hartrees ( E h ).
2601.21310	7	-75.916052		| 𝒱 | = 32768	E var ( E h )			Table S5: Detailed ground-state energies for the symmetric dissociation of H 2 O in the cc-pVDZ basis set. | 𝒱 | denotes the size of the variational subspace (Top- K ). E var is the NQS variational energy, and E total includes the second-order Epstein-Nesbet perturbative correction ( E var + Δ E PT2 ). All values are reported in Hartrees ( E h ).
2601.21310	7	-75.917851		| 𝒱 | = 32768	E total ( E h )			Table S5: Detailed ground-state energies for the symmetric dissociation of H 2 O in the cc-pVDZ basis set. | 𝒱 | denotes the size of the variational subspace (Top- K ). E var is the NQS variational energy, and E total includes the second-order Epstein-Nesbet perturbative correction ( E var + Δ E PT2 ). All values are reported in Hartrees ( E h ).
2601.21310	7	-75.916768		| 𝒱 | = 65536	E var ( E h )			Table S5: Detailed ground-state energies for the symmetric dissociation of H 2 O in the cc-pVDZ basis set. | 𝒱 | denotes the size of the variational subspace (Top- K ). E var is the NQS variational energy, and E total includes the second-order Epstein-Nesbet perturbative correction ( E var + Δ E PT2 ). All values are reported in Hartrees ( E h ).
2601.21310	7	-75.917909		| 𝒱 | = 65536	E total ( E h )			Table S5: Detailed ground-state energies for the symmetric dissociation of H 2 O in the cc-pVDZ basis set. | 𝒱 | denotes the size of the variational subspace (Top- K ). E var is the NQS variational energy, and E total includes the second-order Epstein-Nesbet perturbative correction ( E var + Δ E PT2 ). All values are reported in Hartrees ( E h ).
2601.21310	7	-75.91714		| 𝒱 | = 131072	E var ( E h )			Table S5: Detailed ground-state energies for the symmetric dissociation of H 2 O in the cc-pVDZ basis set. | 𝒱 | denotes the size of the variational subspace (Top- K ). E var is the NQS variational energy, and E total includes the second-order Epstein-Nesbet perturbative correction ( E var + Δ E PT2 ). All values are reported in Hartrees ( E h ).
2601.21310	7	-75.917931		| 𝒱 | = 131072	E total ( E h )			Table S5: Detailed ground-state energies for the symmetric dissociation of H 2 O in the cc-pVDZ basis set. | 𝒱 | denotes the size of the variational subspace (Top- K ). E var is the NQS variational energy, and E total includes the second-order Epstein-Nesbet perturbative correction ( E var + Δ E PT2 ). All values are reported in Hartrees ( E h ).
2601.21310	7	-75.905255		| 𝒱 | = 1024	E var ( E h )			Table S5: Detailed ground-state energies for the symmetric dissociation of H 2 O in the cc-pVDZ basis set. | 𝒱 | denotes the size of the variational subspace (Top- K ). E var is the NQS variational energy, and E total includes the second-order Epstein-Nesbet perturbative correction ( E var + Δ E PT2 ). All values are reported in Hartrees ( E h ).
2601.21310	7	-75.910913		| 𝒱 | = 1024	E total ( E h )			Table S5: Detailed ground-state energies for the symmetric dissociation of H 2 O in the cc-pVDZ basis set. | 𝒱 | denotes the size of the variational subspace (Top- K ). E var is the NQS variational energy, and E total includes the second-order Epstein-Nesbet perturbative correction ( E var + Δ E PT2 ). All values are reported in Hartrees ( E h ).
2601.21310	7	-75.898731		| 𝒱 | = 2048	E var ( E h )			Table S5: Detailed ground-state energies for the symmetric dissociation of H 2 O in the cc-pVDZ basis set. | 𝒱 | denotes the size of the variational subspace (Top- K ). E var is the NQS variational energy, and E total includes the second-order Epstein-Nesbet perturbative correction ( E var + Δ E PT2 ). All values are reported in Hartrees ( E h ).
2601.21310	7	-75.90955		| 𝒱 | = 2048	E total ( E h )			Table S5: Detailed ground-state energies for the symmetric dissociation of H 2 O in the cc-pVDZ basis set. | 𝒱 | denotes the size of the variational subspace (Top- K ). E var is the NQS variational energy, and E total includes the second-order Epstein-Nesbet perturbative correction ( E var + Δ E PT2 ). All values are reported in Hartrees ( E h ).
2601.21310	7	-75.909467		| 𝒱 | = 4096	E var ( E h )			Table S5: Detailed ground-state energies for the symmetric dissociation of H 2 O in the cc-pVDZ basis set. | 𝒱 | denotes the size of the variational subspace (Top- K ). E var is the NQS variational energy, and E total includes the second-order Epstein-Nesbet perturbative correction ( E var + Δ E PT2 ). All values are reported in Hartrees ( E h ).
2601.21310	7	-75.911011		| 𝒱 | = 4096	E total ( E h )			Table S5: Detailed ground-state energies for the symmetric dissociation of H 2 O in the cc-pVDZ basis set. | 𝒱 | denotes the size of the variational subspace (Top- K ). E var is the NQS variational energy, and E total includes the second-order Epstein-Nesbet perturbative correction ( E var + Δ E PT2 ). All values are reported in Hartrees ( E h ).
2601.21310	7	-75.910387		| 𝒱 | = 8192	E var ( E h )			Table S5: Detailed ground-state energies for the symmetric dissociation of H 2 O in the cc-pVDZ basis set. | 𝒱 | denotes the size of the variational subspace (Top- K ). E var is the NQS variational energy, and E total includes the second-order Epstein-Nesbet perturbative correction ( E var + Δ E PT2 ). All values are reported in Hartrees ( E h ).
2601.21310	7	-75.91103		| 𝒱 | = 8192	E total ( E h )			Table S5: Detailed ground-state energies for the symmetric dissociation of H 2 O in the cc-pVDZ basis set. | 𝒱 | denotes the size of the variational subspace (Top- K ). E var is the NQS variational energy, and E total includes the second-order Epstein-Nesbet perturbative correction ( E var + Δ E PT2 ). All values are reported in Hartrees ( E h ).
2601.21310	7	-75.91078		| 𝒱 | = 16384	E var ( E h )			Table S5: Detailed ground-state energies for the symmetric dissociation of H 2 O in the cc-pVDZ basis set. | 𝒱 | denotes the size of the variational subspace (Top- K ). E var is the NQS variational energy, and E total includes the second-order Epstein-Nesbet perturbative correction ( E var + Δ E PT2 ). All values are reported in Hartrees ( E h ).
2601.21310	7	-75.91106		| 𝒱 | = 16384	E total ( E h )			Table S5: Detailed ground-state energies for the symmetric dissociation of H 2 O in the cc-pVDZ basis set. | 𝒱 | denotes the size of the variational subspace (Top- K ). E var is the NQS variational energy, and E total includes the second-order Epstein-Nesbet perturbative correction ( E var + Δ E PT2 ). All values are reported in Hartrees ( E h ).
2601.21310	7	-75.910915		| 𝒱 | = 32768	E var ( E h )			Table S5: Detailed ground-state energies for the symmetric dissociation of H 2 O in the cc-pVDZ basis set. | 𝒱 | denotes the size of the variational subspace (Top- K ). E var is the NQS variational energy, and E total includes the second-order Epstein-Nesbet perturbative correction ( E var + Δ E PT2 ). All values are reported in Hartrees ( E h ).
2601.21310	7	-75.911088		| 𝒱 | = 32768	E total ( E h )			Table S5: Detailed ground-state energies for the symmetric dissociation of H 2 O in the cc-pVDZ basis set. | 𝒱 | denotes the size of the variational subspace (Top- K ). E var is the NQS variational energy, and E total includes the second-order Epstein-Nesbet perturbative correction ( E var + Δ E PT2 ). All values are reported in Hartrees ( E h ).
2601.21310	7	-75.910986		| 𝒱 | = 65536	E var ( E h )			Table S5: Detailed ground-state energies for the symmetric dissociation of H 2 O in the cc-pVDZ basis set. | 𝒱 | denotes the size of the variational subspace (Top- K ). E var is the NQS variational energy, and E total includes the second-order Epstein-Nesbet perturbative correction ( E var + Δ E PT2 ). All values are reported in Hartrees ( E h ).
2601.21310	7	-75.91113		| 𝒱 | = 65536	E total ( E h )			Table S5: Detailed ground-state energies for the symmetric dissociation of H 2 O in the cc-pVDZ basis set. | 𝒱 | denotes the size of the variational subspace (Top- K ). E var is the NQS variational energy, and E total includes the second-order Epstein-Nesbet perturbative correction ( E var + Δ E PT2 ). All values are reported in Hartrees ( E h ).
2601.21310	7	-75.91102		| 𝒱 | = 131072	E var ( E h )			Table S5: Detailed ground-state energies for the symmetric dissociation of H 2 O in the cc-pVDZ basis set. | 𝒱 | denotes the size of the variational subspace (Top- K ). E var is the NQS variational energy, and E total includes the second-order Epstein-Nesbet perturbative correction ( E var + Δ E PT2 ). All values are reported in Hartrees ( E h ).
2601.21310	7	-75.911144		| 𝒱 | = 131072	E total ( E h )			Table S5: Detailed ground-state energies for the symmetric dissociation of H 2 O in the cc-pVDZ basis set. | 𝒱 | denotes the size of the variational subspace (Top- K ). E var is the NQS variational energy, and E total includes the second-order Epstein-Nesbet perturbative correction ( E var + Δ E PT2 ). All values are reported in Hartrees ( E h ).
2602.02665	0	-0.5357	0.00001	18 × 18	Energy	18x18,L=18,L=42		Table 1: Variational energies. Ground-state energies per site for various Ansatze and system sizes from L = 18 to L = 42 . The results of this work are obtained by enforcing translational and C 6 v point-group symmetries (refer to Section V.2 ). For each system size the zero-variance extrapolated energy is also reported for comparison (refer to Section V.3 ).
2602.02665	0	-0.54542	0.00001	Jastrow-Gutzwiller	Ansatz	L=18,L=42		Table 1: Variational energies. Ground-state energies per site for various Ansatze and system sizes from L = 18 to L = 42 . The results of this work are obtained by enforcing translational and C 6 v point-group symmetries (refer to Section V.2 ). For each system size the zero-variance extrapolated energy is also reported for comparison (refer to Section V.3 ).
2602.02665	0	-0.5459	0.0001	EPS	Ansatz	L=18,L=42		Table 1: Variational energies. Ground-state energies per site for various Ansatze and system sizes from L = 18 to L = 42 . The results of this work are obtained by enforcing translational and C 6 v point-group symmetries (refer to Section V.2 ). For each system size the zero-variance extrapolated energy is also reported for comparison (refer to Section V.3 ).
2602.02665	0	-0.54716	0.00003	RVB	Ansatz	L=18,L=42		Table 1: Variational energies. Ground-state energies per site for various Ansatze and system sizes from L = 18 to L = 42 . The results of this work are obtained by enforcing translational and C 6 v point-group symmetries (refer to Section V.2 ). For each system size the zero-variance extrapolated energy is also reported for comparison (refer to Section V.3 ).
2602.02665	0	-0.54861	0.00001	RNN	Ansatz	L=18,L=42		Table 1: Variational energies. Ground-state energies per site for various Ansatze and system sizes from L = 18 to L = 42 . The results of this work are obtained by enforcing translational and C 6 v point-group symmetries (refer to Section V.2 ). For each system size the zero-variance extrapolated energy is also reported for comparison (refer to Section V.3 ).
2602.02665	0	-0.551703	0.000001	ViT	Ansatz	L=18,L=42		Table 1: Variational energies. Ground-state energies per site for various Ansatze and system sizes from L = 18 to L = 42 . The results of this work are obtained by enforcing translational and C 6 v point-group symmetries (refer to Section V.2 ). For each system size the zero-variance extrapolated energy is also reported for comparison (refer to Section V.3 ).
2602.02665	0	-0.552	0.00001	Zero Variance	Energy	L=18,L=42		Table 1: Variational energies. Ground-state energies per site for various Ansatze and system sizes from L = 18 to L = 42 . The results of this work are obtained by enforcing translational and C 6 v point-group symmetries (refer to Section V.2 ). For each system size the zero-variance extrapolated energy is also reported for comparison (refer to Section V.3 ).
2602.02665	0	-0.5481	0.00001	24 × 24	Energy	24x24,L=18,L=42		Table 1: Variational energies. Ground-state energies per site for various Ansatze and system sizes from L = 18 to L = 42 . The results of this work are obtained by enforcing translational and C 6 v point-group symmetries (refer to Section V.2 ). For each system size the zero-variance extrapolated energy is also reported for comparison (refer to Section V.3 ).
2602.02665	0	-0.551602	0.000001	ViT	Ansatz	L=18,L=42		Table 1: Variational energies. Ground-state energies per site for various Ansatze and system sizes from L = 18 to L = 42 . The results of this work are obtained by enforcing translational and C 6 v point-group symmetries (refer to Section V.2 ). For each system size the zero-variance extrapolated energy is also reported for comparison (refer to Section V.3 ).
2602.02665	0	-0.55189	0.00001	Zero Variance	Ansatz	L=18,L=42		Table 1: Variational energies. Ground-state energies per site for various Ansatze and system sizes from L = 18 to L = 42 . The results of this work are obtained by enforcing translational and C 6 v point-group symmetries (refer to Section V.2 ). For each system size the zero-variance extrapolated energy is also reported for comparison (refer to Section V.3 ).
2602.02665	0	-0.545348		30 × 30	Energy	30x30,L=18,L=42		Table 1: Variational energies. Ground-state energies per site for various Ansatze and system sizes from L = 18 to L = 42 . The results of this work are obtained by enforcing translational and C 6 v point-group symmetries (refer to Section V.2 ). For each system size the zero-variance extrapolated energy is also reported for comparison (refer to Section V.3 ).
2602.02665	0	-0.54793	0.00001	RNN	Ansatz	L=18,L=42		Table 1: Variational energies. Ground-state energies per site for various Ansatze and system sizes from L = 18 to L = 42 . The results of this work are obtained by enforcing translational and C 6 v point-group symmetries (refer to Section V.2 ). For each system size the zero-variance extrapolated energy is also reported for comparison (refer to Section V.3 ).
2602.02665	0	-0.551528	0.000001	ViT	Ansatz	L=18,L=42		Table 1: Variational energies. Ground-state energies per site for various Ansatze and system sizes from L = 18 to L = 42 . The results of this work are obtained by enforcing translational and C 6 v point-group symmetries (refer to Section V.2 ). For each system size the zero-variance extrapolated energy is also reported for comparison (refer to Section V.3 ).
2602.02665	0	-0.5518	0.00001	Zero Variance	Energy	L=18,L=42		Table 1: Variational energies. Ground-state energies per site for various Ansatze and system sizes from L = 18 to L = 42 . The results of this work are obtained by enforcing translational and C 6 v point-group symmetries (refer to Section V.2 ). For each system size the zero-variance extrapolated energy is also reported for comparison (refer to Section V.3 ).
2602.02665	0	-0.551429	0.000001	42 × 42	Energy	42x42,L=18,L=42		Table 1: Variational energies. Ground-state energies per site for various Ansatze and system sizes from L = 18 to L = 42 . The results of this work are obtained by enforcing translational and C 6 v point-group symmetries (refer to Section V.2 ). For each system size the zero-variance extrapolated energy is also reported for comparison (refer to Section V.3 ).
2602.02665	0	-0.55171	0.00001	Zero Variance	Energy	L=18,L=42		Table 1: Variational energies. Ground-state energies per site for various Ansatze and system sizes from L = 18 to L = 42 . The results of this work are obtained by enforcing translational and C 6 v point-group symmetries (refer to Section V.2 ). For each system size the zero-variance extrapolated energy is also reported for comparison (refer to Section V.3 ).
2602.02665	1	0.2739		SB	Magnetization		triangular+Heisenberg	Table 2: Table of magnetizations. Ground-state magnetization in the thermodynamic limit for the spin- 1 2 Heisenberg model on the triangular lattice, obtained using various approaches. SB, CC, SWT, VMC, FN, and FNE denote Schwinger-boson mean-field theory, coupled-cluster method, spin-wave theory, variational Monte Carlo, fixed-node Monte Carlo, and fixed-node Monte Carlo with an effective Hamiltonian, respectively. For the three CC studies [ 28 , 43 , 21 ] , the maximal parameters n used in the lattice-animal-based subsystem (LSUB n ) scheme are listed and indicated by superscript ( ∗ ). For all other methods, the maximum system size (number of lattice sites) used in the calculations is lis
2602.02665	1	0.2715	0.003	VMC	Magnetization		triangular+Heisenberg	Table 2: Table of magnetizations. Ground-state magnetization in the thermodynamic limit for the spin- 1 2 Heisenberg model on the triangular lattice, obtained using various approaches. SB, CC, SWT, VMC, FN, and FNE denote Schwinger-boson mean-field theory, coupled-cluster method, spin-wave theory, variational Monte Carlo, fixed-node Monte Carlo, and fixed-node Monte Carlo with an effective Hamiltonian, respectively. For the three CC studies [ 28 , 43 , 21 ] , the maximal parameters n used in the lattice-animal-based subsystem (LSUB n ) scheme are listed and indicated by superscript ( ∗ ). For all other methods, the maximum system size (number of lattice sites) used in the calculations is lis
2602.02665	1	0.24974		SWT	Magnetization		triangular+Heisenberg	Table 2: Table of magnetizations. Ground-state magnetization in the thermodynamic limit for the spin- 1 2 Heisenberg model on the triangular lattice, obtained using various approaches. SB, CC, SWT, VMC, FN, and FNE denote Schwinger-boson mean-field theory, coupled-cluster method, spin-wave theory, variational Monte Carlo, fixed-node Monte Carlo, and fixed-node Monte Carlo with an effective Hamiltonian, respectively. For the three CC studies [ 28 , 43 , 21 ] , the maximal parameters n used in the lattice-animal-based subsystem (LSUB n ) scheme are listed and indicated by superscript ( ∗ ). For all other methods, the maximum system size (number of lattice sites) used in the calculations is lis
2602.02665	1	0.2386		SWT	Magnetization		triangular+Heisenberg	Table 2: Table of magnetizations. Ground-state magnetization in the thermodynamic limit for the spin- 1 2 Heisenberg model on the triangular lattice, obtained using various approaches. SB, CC, SWT, VMC, FN, and FNE denote Schwinger-boson mean-field theory, coupled-cluster method, spin-wave theory, variational Monte Carlo, fixed-node Monte Carlo, and fixed-node Monte Carlo with an effective Hamiltonian, respectively. For the three CC studies [ 28 , 43 , 21 ] , the maximal parameters n used in the lattice-animal-based subsystem (LSUB n ) scheme are listed and indicated by superscript ( ∗ ). For all other methods, the maximum system size (number of lattice sites) used in the calculations is lis
2602.02665	1	0.2327		iPEPS	Magnetization		triangular+Heisenberg	Table 2: Table of magnetizations. Ground-state magnetization in the thermodynamic limit for the spin- 1 2 Heisenberg model on the triangular lattice, obtained using various approaches. SB, CC, SWT, VMC, FN, and FNE denote Schwinger-boson mean-field theory, coupled-cluster method, spin-wave theory, variational Monte Carlo, fixed-node Monte Carlo, and fixed-node Monte Carlo with an effective Hamiltonian, respectively. For the three CC studies [ 28 , 43 , 21 ] , the maximal parameters n used in the lattice-animal-based subsystem (LSUB n ) scheme are listed and indicated by superscript ( ∗ ). For all other methods, the maximum system size (number of lattice sites) used in the calculations is lis
2602.02665	1	0.21535		CC	Magnetization		triangular+Heisenberg	Table 2: Table of magnetizations. Ground-state magnetization in the thermodynamic limit for the spin- 1 2 Heisenberg model on the triangular lattice, obtained using various approaches. SB, CC, SWT, VMC, FN, and FNE denote Schwinger-boson mean-field theory, coupled-cluster method, spin-wave theory, variational Monte Carlo, fixed-node Monte Carlo, and fixed-node Monte Carlo with an effective Hamiltonian, respectively. For the three CC studies [ 28 , 43 , 21 ] , the maximal parameters n used in the lattice-animal-based subsystem (LSUB n ) scheme are listed and indicated by superscript ( ∗ ). For all other methods, the maximum system size (number of lattice sites) used in the calculations is lis
2602.02665	1	0.1865		CC	Magnetization		triangular+Heisenberg	Table 2: Table of magnetizations. Ground-state magnetization in the thermodynamic limit for the spin- 1 2 Heisenberg model on the triangular lattice, obtained using various approaches. SB, CC, SWT, VMC, FN, and FNE denote Schwinger-boson mean-field theory, coupled-cluster method, spin-wave theory, variational Monte Carlo, fixed-node Monte Carlo, and fixed-node Monte Carlo with an effective Hamiltonian, respectively. For the three CC studies [ 28 , 43 , 21 ] , the maximal parameters n used in the lattice-animal-based subsystem (LSUB n ) scheme are listed and indicated by superscript ( ∗ ). For all other methods, the maximum system size (number of lattice sites) used in the calculations is lis
2602.02665	1	0.1765	0.0035	FNE	Magnetization		triangular+Heisenberg	Table 2: Table of magnetizations. Ground-state magnetization in the thermodynamic limit for the spin- 1 2 Heisenberg model on the triangular lattice, obtained using various approaches. SB, CC, SWT, VMC, FN, and FNE denote Schwinger-boson mean-field theory, coupled-cluster method, spin-wave theory, variational Monte Carlo, fixed-node Monte Carlo, and fixed-node Monte Carlo with an effective Hamiltonian, respectively. For the three CC studies [ 28 , 43 , 21 ] , the maximal parameters n used in the lattice-animal-based subsystem (LSUB n ) scheme are listed and indicated by superscript ( ∗ ). For all other methods, the maximum system size (number of lattice sites) used in the calculations is lis
2602.02665	1	0.1625	0.003	FN	Magnetization		triangular+Heisenberg	Table 2: Table of magnetizations. Ground-state magnetization in the thermodynamic limit for the spin- 1 2 Heisenberg model on the triangular lattice, obtained using various approaches. SB, CC, SWT, VMC, FN, and FNE denote Schwinger-boson mean-field theory, coupled-cluster method, spin-wave theory, variational Monte Carlo, fixed-node Monte Carlo, and fixed-node Monte Carlo with an effective Hamiltonian, respectively. For the three CC studies [ 28 , 43 , 21 ] , the maximal parameters n used in the lattice-animal-based subsystem (LSUB n ) scheme are listed and indicated by superscript ( ∗ ). For all other methods, the maximum system size (number of lattice sites) used in the calculations is lis
2602.03031	0	-0.49593	0.00011	1.0	E (TQS)			Table 1: Energies per site E obtained with the PITQS and standard TQS using the Lie-Trotter scheme. Parentheses indicate statistical (Monte Carlo) errors. We also report the corresponding total imaginary time β and the number of variational parameters N p for each setting.
2602.03031	0	-0.49596	0.00014	1.0	E (PITQS)			Table 1: Energies per site E obtained with the PITQS and standard TQS using the Lie-Trotter scheme. Parentheses indicate statistical (Monte Carlo) errors. We also report the corresponding total imaginary time β and the number of variational parameters N p for each setting.
2602.03031	0	-0.49652	0.00009	2.0	E (TQS)			Table 1: Energies per site E obtained with the PITQS and standard TQS using the Lie-Trotter scheme. Parentheses indicate statistical (Monte Carlo) errors. We also report the corresponding total imaginary time β and the number of variational parameters N p for each setting.
2602.03031	0	-0.49669	0.00009	2.0	E (PITQS)			Table 1: Energies per site E obtained with the PITQS and standard TQS using the Lie-Trotter scheme. Parentheses indicate statistical (Monte Carlo) errors. We also report the corresponding total imaginary time β and the number of variational parameters N p for each setting.
2602.03031	0	-0.49656	0.00011	3.0	E (TQS)			Table 1: Energies per site E obtained with the PITQS and standard TQS using the Lie-Trotter scheme. Parentheses indicate statistical (Monte Carlo) errors. We also report the corresponding total imaginary time β and the number of variational parameters N p for each setting.
2602.03031	0	-0.49676	0.0001	3.0	E (PITQS)			Table 1: Energies per site E obtained with the PITQS and standard TQS using the Lie-Trotter scheme. Parentheses indicate statistical (Monte Carlo) errors. We also report the corresponding total imaginary time β and the number of variational parameters N p for each setting.
2602.03031	0	-0.49651	0.0001	4.0	E (TQS)			Table 1: Energies per site E obtained with the PITQS and standard TQS using the Lie-Trotter scheme. Parentheses indicate statistical (Monte Carlo) errors. We also report the corresponding total imaginary time β and the number of variational parameters N p for each setting.
2602.03031	0	-0.49696	0.00009	4.0	E (PITQS)			Table 1: Energies per site E obtained with the PITQS and standard TQS using the Lie-Trotter scheme. Parentheses indicate statistical (Monte Carlo) errors. We also report the corresponding total imaginary time β and the number of variational parameters N p for each setting.
2602.03031	1	-0.49318	0.00015	TQS ( β = 0.5 )	Energy per site			Table 2: Energies per site at β = 2.0 for several PITQS schemes and standard TQS baselines ( β = 0.5 and 2.0 ). N p denotes the number of variational parameters.
2602.03031	1	-0.49652	0.00009	TQS ( β = 2.0 )	Energy per site			Table 2: Energies per site at β = 2.0 for several PITQS schemes and standard TQS baselines ( β = 0.5 and 2.0 ). N p denotes the number of variational parameters.
2602.03031	1	-0.49669	0.00009	PITQS (Lie-Trotter)	Energy per site			Table 2: Energies per site at β = 2.0 for several PITQS schemes and standard TQS baselines ( β = 0.5 and 2.0 ). N p denotes the number of variational parameters.
2602.03031	1	-0.49671	0.00009	PITQS (Strang)	Energy per site			Table 2: Energies per site at β = 2.0 for several PITQS schemes and standard TQS baselines ( β = 0.5 and 2.0 ). N p denotes the number of variational parameters.
2602.03031	1	-0.49697	0.00009	PITQS (Suzuki)	Energy per site			Table 2: Energies per site at β = 2.0 for several PITQS schemes and standard TQS baselines ( β = 0.5 and 2.0 ). N p denotes the number of variational parameters.
2602.03031	1	-0.49683	0.00007	PITQS (Blanes-Moan)	Energy per site			Table 2: Energies per site at β = 2.0 for several PITQS schemes and standard TQS baselines ( β = 0.5 and 2.0 ). N p denotes the number of variational parameters.
2602.03031	2	-0.49576		TQS	Mean			Table 3: Energies per site averaged over five random seeds, the corresponding SEM across seeds, and the number of variational parameters N p for the PITQS and TQS ansätze at β = 1.0 , 2.0 , 3.0 , 4.0 .
2602.03031	2	-0.49579		PITQS (Lie-Trotter)	Mean			Table 3: Energies per site averaged over five random seeds, the corresponding SEM across seeds, and the number of variational parameters N p for the PITQS and TQS ansätze at β = 1.0 , 2.0 , 3.0 , 4.0 .
2602.03031	2	-0.49563		PITQS (Strang)	Mean			Table 3: Energies per site averaged over five random seeds, the corresponding SEM across seeds, and the number of variational parameters N p for the PITQS and TQS ansätze at β = 1.0 , 2.0 , 3.0 , 4.0 .
2602.03031	2	-0.49642		PITQS (Suzuki)	Mean			Table 3: Energies per site averaged over five random seeds, the corresponding SEM across seeds, and the number of variational parameters N p for the PITQS and TQS ansätze at β = 1.0 , 2.0 , 3.0 , 4.0 .
2602.03031	2	-0.49578		PITQS (Blanes-Moan)	Mean			Table 3: Energies per site averaged over five random seeds, the corresponding SEM across seeds, and the number of variational parameters N p for the PITQS and TQS ansätze at β = 1.0 , 2.0 , 3.0 , 4.0 .
2602.03031	2	-0.49583		TQS	Mean			Table 3: Energies per site averaged over five random seeds, the corresponding SEM across seeds, and the number of variational parameters N p for the PITQS and TQS ansätze at β = 1.0 , 2.0 , 3.0 , 4.0 .
2602.03031	2	-0.49626		PITQS (Lie-Trotter)	Mean			Table 3: Energies per site averaged over five random seeds, the corresponding SEM across seeds, and the number of variational parameters N p for the PITQS and TQS ansätze at β = 1.0 , 2.0 , 3.0 , 4.0 .
2602.03031	2	-0.49633		PITQS (Strang)	Mean			Table 3: Energies per site averaged over five random seeds, the corresponding SEM across seeds, and the number of variational parameters N p for the PITQS and TQS ansätze at β = 1.0 , 2.0 , 3.0 , 4.0 .
2602.03031	2	-0.49653		PITQS (Suzuki)	Mean			Table 3: Energies per site averaged over five random seeds, the corresponding SEM across seeds, and the number of variational parameters N p for the PITQS and TQS ansätze at β = 1.0 , 2.0 , 3.0 , 4.0 .
2602.03031	2	-0.49672		PITQS (Blanes-Moan)	Mean			Table 3: Energies per site averaged over five random seeds, the corresponding SEM across seeds, and the number of variational parameters N p for the PITQS and TQS ansätze at β = 1.0 , 2.0 , 3.0 , 4.0 .
2602.03031	2	-0.49621		TQS	Mean			Table 3: Energies per site averaged over five random seeds, the corresponding SEM across seeds, and the number of variational parameters N p for the PITQS and TQS ansätze at β = 1.0 , 2.0 , 3.0 , 4.0 .
2602.03031	2	-0.49669		PITQS (Lie-Trotter)	Mean			Table 3: Energies per site averaged over five random seeds, the corresponding SEM across seeds, and the number of variational parameters N p for the PITQS and TQS ansätze at β = 1.0 , 2.0 , 3.0 , 4.0 .
2602.03031	2	-0.49665		PITQS (Strang)	Mean			Table 3: Energies per site averaged over five random seeds, the corresponding SEM across seeds, and the number of variational parameters N p for the PITQS and TQS ansätze at β = 1.0 , 2.0 , 3.0 , 4.0 .
2602.03031	2	-0.49608		PITQS (Suzuki)	Mean			Table 3: Energies per site averaged over five random seeds, the corresponding SEM across seeds, and the number of variational parameters N p for the PITQS and TQS ansätze at β = 1.0 , 2.0 , 3.0 , 4.0 .
2602.03031	2	-0.49658		PITQS (Blanes-Moan)	Mean			Table 3: Energies per site averaged over five random seeds, the corresponding SEM across seeds, and the number of variational parameters N p for the PITQS and TQS ansätze at β = 1.0 , 2.0 , 3.0 , 4.0 .
2602.03031	2	-0.49645		TQS	Mean			Table 3: Energies per site averaged over five random seeds, the corresponding SEM across seeds, and the number of variational parameters N p for the PITQS and TQS ansätze at β = 1.0 , 2.0 , 3.0 , 4.0 .
2602.03031	2	-0.49654		PITQS (Lie-Trotter)	Mean			Table 3: Energies per site averaged over five random seeds, the corresponding SEM across seeds, and the number of variational parameters N p for the PITQS and TQS ansätze at β = 1.0 , 2.0 , 3.0 , 4.0 .
2602.03031	2	-0.49659		PITQS (Strang)	Mean			Table 3: Energies per site averaged over five random seeds, the corresponding SEM across seeds, and the number of variational parameters N p for the PITQS and TQS ansätze at β = 1.0 , 2.0 , 3.0 , 4.0 .
2602.03031	2	-0.4963		PITQS (Suzuki)	Mean			Table 3: Energies per site averaged over five random seeds, the corresponding SEM across seeds, and the number of variational parameters N p for the PITQS and TQS ansätze at β = 1.0 , 2.0 , 3.0 , 4.0 .
2602.03031	2	-0.49613		PITQS (Blanes-Moan)	Mean			Table 3: Energies per site averaged over five random seeds, the corresponding SEM across seeds, and the number of variational parameters N p for the PITQS and TQS ansätze at β = 1.0 , 2.0 , 3.0 , 4.0 .
2602.03031	3	-0.4962	0.00011	TQS	Δ τ = 0.1	L=4		Table 4: Energy per site for Δ τ ∈ { 0.1 , 0.5 , 1.0 } at fixed depth L = 4 . Parentheses indicate Monte Carlo errors, and N p denotes the number of variational parameters.
2602.03031	3	-0.49652	0.00009	TQS	Δ τ = 0.5	L=4		Table 4: Energy per site for Δ τ ∈ { 0.1 , 0.5 , 1.0 } at fixed depth L = 4 . Parentheses indicate Monte Carlo errors, and N p denotes the number of variational parameters.
2602.03031	3	-0.49666	0.00009	TQS	Δ τ = 1.0	L=4		Table 4: Energy per site for Δ τ ∈ { 0.1 , 0.5 , 1.0 } at fixed depth L = 4 . Parentheses indicate Monte Carlo errors, and N p denotes the number of variational parameters.
2602.03031	3	-0.49681	0.0001	PITQS (Lie-Trotter)	Δ τ = 0.1	L=4		Table 4: Energy per site for Δ τ ∈ { 0.1 , 0.5 , 1.0 } at fixed depth L = 4 . Parentheses indicate Monte Carlo errors, and N p denotes the number of variational parameters.
2602.03031	3	-0.49669	0.00009	PITQS (Lie-Trotter)	Δ τ = 0.5	L=4		Table 4: Energy per site for Δ τ ∈ { 0.1 , 0.5 , 1.0 } at fixed depth L = 4 . Parentheses indicate Monte Carlo errors, and N p denotes the number of variational parameters.
2602.03031	3	-0.49659	0.0001	PITQS (Lie-Trotter)	Δ τ = 1.0	L=4		Table 4: Energy per site for Δ τ ∈ { 0.1 , 0.5 , 1.0 } at fixed depth L = 4 . Parentheses indicate Monte Carlo errors, and N p denotes the number of variational parameters.
2602.03031	3	-0.49667	0.00009	PITQS (Strang)	Δ τ = 0.1	L=4		Table 4: Energy per site for Δ τ ∈ { 0.1 , 0.5 , 1.0 } at fixed depth L = 4 . Parentheses indicate Monte Carlo errors, and N p denotes the number of variational parameters.
2602.03031	3	-0.49671	0.00009	PITQS (Strang)	Δ τ = 0.5	L=4		Table 4: Energy per site for Δ τ ∈ { 0.1 , 0.5 , 1.0 } at fixed depth L = 4 . Parentheses indicate Monte Carlo errors, and N p denotes the number of variational parameters.
2602.03031	3	-0.49667	0.00009	PITQS (Strang)	Δ τ = 1.0	L=4		Table 4: Energy per site for Δ τ ∈ { 0.1 , 0.5 , 1.0 } at fixed depth L = 4 . Parentheses indicate Monte Carlo errors, and N p denotes the number of variational parameters.
2602.03031	3	-0.49678	0.00008	PITQS (Suzuki)	Δ τ = 0.1	L=4		Table 4: Energy per site for Δ τ ∈ { 0.1 , 0.5 , 1.0 } at fixed depth L = 4 . Parentheses indicate Monte Carlo errors, and N p denotes the number of variational parameters.
2602.03031	3	-0.49697	0.00009	PITQS (Suzuki)	Δ τ = 0.5	L=4		Table 4: Energy per site for Δ τ ∈ { 0.1 , 0.5 , 1.0 } at fixed depth L = 4 . Parentheses indicate Monte Carlo errors, and N p denotes the number of variational parameters.
2602.03031	3	-0.49696	0.00009	PITQS (Suzuki)	Δ τ = 1.0	L=4		Table 4: Energy per site for Δ τ ∈ { 0.1 , 0.5 , 1.0 } at fixed depth L = 4 . Parentheses indicate Monte Carlo errors, and N p denotes the number of variational parameters.
2602.03031	3	-0.49679	0.0001	PITQS (Blanes-Moan)	Δ τ = 0.1	L=4		Table 4: Energy per site for Δ τ ∈ { 0.1 , 0.5 , 1.0 } at fixed depth L = 4 . Parentheses indicate Monte Carlo errors, and N p denotes the number of variational parameters.
2602.03031	3	-0.49683	0.00007	PITQS (Blanes-Moan)	Δ τ = 0.5	L=4		Table 4: Energy per site for Δ τ ∈ { 0.1 , 0.5 , 1.0 } at fixed depth L = 4 . Parentheses indicate Monte Carlo errors, and N p denotes the number of variational parameters.
2602.03031	3	-0.49701	0.00011	PITQS (Blanes-Moan)	Δ τ = 1.0	L=4		Table 4: Energy per site for Δ τ ∈ { 0.1 , 0.5 , 1.0 } at fixed depth L = 4 . Parentheses indicate Monte Carlo errors, and N p denotes the number of variational parameters.
2602.03031	4	-0.49596	0.00014	1.0	E ⁡ ( Euler )			Table 5: Energies per site E obtained with the Euler and the RK2 sub-steps at identical total imaginary times.
2602.03031	4	-0.49628	0.00011	1.0	E ⁡ ( RK2 )			Table 5: Energies per site E obtained with the Euler and the RK2 sub-steps at identical total imaginary times.
2602.03031	4	-0.49669	0.00009	2.0	E ⁡ ( Euler )			Table 5: Energies per site E obtained with the Euler and the RK2 sub-steps at identical total imaginary times.
2602.03031	4	-0.49682	0.0001	2.0	E ⁡ ( RK2 )			Table 5: Energies per site E obtained with the Euler and the RK2 sub-steps at identical total imaginary times.
2602.03031	4	-0.49676	0.0001	3.0	E ⁡ ( Euler )			Table 5: Energies per site E obtained with the Euler and the RK2 sub-steps at identical total imaginary times.
2602.03031	4	-0.49679	0.0001	3.0	E ⁡ ( RK2 )			Table 5: Energies per site E obtained with the Euler and the RK2 sub-steps at identical total imaginary times.
2602.03031	4	-0.49696	0.00009	4.0	E ⁡ ( Euler )			Table 5: Energies per site E obtained with the Euler and the RK2 sub-steps at identical total imaginary times.
2602.03031	4	-0.49695	0.00008	4.0	E ⁡ ( RK2 )			Table 5: Energies per site E obtained with the Euler and the RK2 sub-steps at identical total imaginary times.
2602.03031	5	-0.49596	0.00014	1.0	E ⁡ ( Serialized )			Table 6: Energies per site E obtained with the parallel and serialized formulations at identical total imaginary times.
2602.03031	5	-0.49285	0.00016	1.0	E ⁡ ( Parallel )			Table 6: Energies per site E obtained with the parallel and serialized formulations at identical total imaginary times.
2602.03031	5	-0.49669	0.00009	2.0	E ⁡ ( Serialized )			Table 6: Energies per site E obtained with the parallel and serialized formulations at identical total imaginary times.
2602.03031	5	-0.49589	0.00011	2.0	E ⁡ ( Parallel )			Table 6: Energies per site E obtained with the parallel and serialized formulations at identical total imaginary times.
2602.03031	5	-0.49676	0.0001	3.0	E ⁡ ( Serialized )			Table 6: Energies per site E obtained with the parallel and serialized formulations at identical total imaginary times.
2602.03031	5	-0.49647	0.00011	3.0	E ⁡ ( Parallel )			Table 6: Energies per site E obtained with the parallel and serialized formulations at identical total imaginary times.
2602.03031	5	-0.49696	0.00009	4.0	E ⁡ ( Serialized )			Table 6: Energies per site E obtained with the parallel and serialized formulations at identical total imaginary times.
2602.03031	5	-0.49665	0.0001	4.0	E ⁡ ( Parallel )			Table 6: Energies per site E obtained with the parallel and serialized formulations at identical total imaginary times.
2602.03031	6	-0.85137		ED	E ⁡ ( U / t = 4 )	4x4	Hubbard	Table 7: Energy per site E for the 4 × 4 Hubbard model at half filling for U / t = 4 and 8 with periodic boundary conditions. N p denotes the number of variational parameters. Reference values from exact diagonalization (ED) reported in Ref. [ 1 ] are also shown.
2602.03031	6	-0.52931		ED	E ⁡ ( U / t = 8 )	4x4	Hubbard	Table 7: Energy per site E for the 4 × 4 Hubbard model at half filling for U / t = 4 and 8 with periodic boundary conditions. N p denotes the number of variational parameters. Reference values from exact diagonalization (ED) reported in Ref. [ 1 ] are also shown.
2602.03031	6	-0.85114	0.00013	TQS	E ⁡ ( U / t = 4 )	4x4	Hubbard	Table 7: Energy per site E for the 4 × 4 Hubbard model at half filling for U / t = 4 and 8 with periodic boundary conditions. N p denotes the number of variational parameters. Reference values from exact diagonalization (ED) reported in Ref. [ 1 ] are also shown.
2602.03031	6	-0.52909	0.00025	TQS	E ⁡ ( U / t = 8 )	4x4	Hubbard	Table 7: Energy per site E for the 4 × 4 Hubbard model at half filling for U / t = 4 and 8 with periodic boundary conditions. N p denotes the number of variational parameters. Reference values from exact diagonalization (ED) reported in Ref. [ 1 ] are also shown.
2602.03031	6	-0.85113	0.00022	PITQS	E ⁡ ( U / t = 4 )	4x4	Hubbard	Table 7: Energy per site E for the 4 × 4 Hubbard model at half filling for U / t = 4 and 8 with periodic boundary conditions. N p denotes the number of variational parameters. Reference values from exact diagonalization (ED) reported in Ref. [ 1 ] are also shown.
2602.03031	6	-0.52919	0.00035	PITQS	E ⁡ ( U / t = 8 )	4x4	Hubbard	Table 7: Energy per site E for the 4 × 4 Hubbard model at half filling for U / t = 4 and 8 with periodic boundary conditions. N p denotes the number of variational parameters. Reference values from exact diagonalization (ED) reported in Ref. [ 1 ] are also shown.
2603.11189	1	-1.2107		1.5	J c		TFIsing	Table 2: Critical points and exponents for the long-range TFIM.
2603.11189	1	1.9911		1.5	ν		TFIsing	Table 2: Critical points and exponents for the long-range TFIM.
2603.11189	1	0.4968		1.5	β		TFIsing	Table 2: Critical points and exponents for the long-range TFIM.
2603.11189	1	-2.0878		2.5	J c		TFIsing	Table 2: Critical points and exponents for the long-range TFIM.
2603.11189	1	1.1084		2.5	ν		TFIsing	Table 2: Critical points and exponents for the long-range TFIM.
2603.11189	1	0.188		2.5	β		TFIsing	Table 2: Critical points and exponents for the long-range TFIM.
2603.11189	1	-2.9444		6.0	J c		TFIsing	Table 2: Critical points and exponents for the long-range TFIM.
2603.11189	1	0.9849		6.0	ν		TFIsing	Table 2: Critical points and exponents for the long-range TFIM.
2603.11189	1	0.1238		6.0	β		TFIsing	Table 2: Critical points and exponents for the long-range TFIM.
2603.14425	0	-0.49516	0.00001	10	E		J1J2+Heisenberg	Table 1: Ground-state energy per site E for the square-lattice J 1 - J 2 Heisenberg model at J 2 / J 1 = 0.5 with periodic boundary conditions.
2603.14425	0	-0.495502	0.000001	PEPS+CNN	E		J1J2+Heisenberg	Table 1: Ground-state energy per site E for the square-lattice J 1 - J 2 Heisenberg model at J 2 / J 1 = 0.5 with periodic boundary conditions.
2603.14425	0	-0.49553		DMRG	E		J1J2+Heisenberg	Table 1: Ground-state energy per site E for the square-lattice J 1 - J 2 Heisenberg model at J 2 / J 1 = 0.5 with periodic boundary conditions.
2603.14425	0	-0.495627	0.000006	aCNN	E		J1J2+Heisenberg	Table 1: Ground-state energy per site E for the square-lattice J 1 - J 2 Heisenberg model at J 2 / J 1 = 0.5 with periodic boundary conditions.
2603.14425	0	-0.49575	0.00003	RBM	E		J1J2+Heisenberg	Table 1: Ground-state energy per site E for the square-lattice J 1 - J 2 Heisenberg model at J 2 / J 1 = 0.5 with periodic boundary conditions.
2603.14425	0	-0.49586	0.00004	CNN	E		J1J2+Heisenberg	Table 1: Ground-state energy per site E for the square-lattice J 1 - J 2 Heisenberg model at J 2 / J 1 = 0.5 with periodic boundary conditions.
2603.14425	0	-0.4968	0.0004	RBM	E		J1J2+Heisenberg	Table 1: Ground-state energy per site E for the square-lattice J 1 - J 2 Heisenberg model at J 2 / J 1 = 0.5 with periodic boundary conditions.
2603.14425	0	-0.49717		CNN	E		J1J2+Heisenberg	Table 1: Ground-state energy per site E for the square-lattice J 1 - J 2 Heisenberg model at J 2 / J 1 = 0.5 with periodic boundary conditions.
2603.14425	0	-0.497437	0.000007	GCNN	E		J1J2+Heisenberg	Table 1: Ground-state energy per site E for the square-lattice J 1 - J 2 Heisenberg model at J 2 / J 1 = 0.5 with periodic boundary conditions.
2603.14425	0	-0.49747		CNN	E		J1J2+Heisenberg	Table 1: Ground-state energy per site E for the square-lattice J 1 - J 2 Heisenberg model at J 2 / J 1 = 0.5 with periodic boundary conditions.
2603.14425	0	-0.49755	0.00001	VMC	E		J1J2+Heisenberg	Table 1: Ground-state energy per site E for the square-lattice J 1 - J 2 Heisenberg model at J 2 / J 1 = 0.5 with periodic boundary conditions.
2603.14425	0	-0.497629	0.000001	RBM+PP	E		J1J2+Heisenberg	Table 1: Ground-state energy per site E for the square-lattice J 1 - J 2 Heisenberg model at J 2 / J 1 = 0.5 with periodic boundary conditions.
2603.14425	0	-0.497634	0.000001	ViT	E		J1J2+Heisenberg	Table 1: Ground-state energy per site E for the square-lattice J 1 - J 2 Heisenberg model at J 2 / J 1 = 0.5 with periodic boundary conditions.
2603.14425	0	-0.4976764	7e-7	CTWF	E		J1J2+Heisenberg	Table 1: Ground-state energy per site E for the square-lattice J 1 - J 2 Heisenberg model at J 2 / J 1 = 0.5 with periodic boundary conditions.
2603.14425	0	-0.4976921	4e-7	CNN	E		J1J2+Heisenberg	Table 1: Ground-state energy per site E for the square-lattice J 1 - J 2 Heisenberg model at J 2 / J 1 = 0.5 with periodic boundary conditions.
2603.14425	0	-0.4976923	2e-7	T-MPS	E		J1J2+Heisenberg	Table 1: Ground-state energy per site E for the square-lattice J 1 - J 2 Heisenberg model at J 2 / J 1 = 0.5 with periodic boundary conditions.
2603.14425	0	-0.4976939	2e-7	CNN-MPS	E		J1J2+Heisenberg	Table 1: Ground-state energy per site E for the square-lattice J 1 - J 2 Heisenberg model at J 2 / J 1 = 0.5 with periodic boundary conditions.
2603.14425	0	-0.49626		16	E		J1J2+Heisenberg	Table 1: Ground-state energy per site E for the square-lattice J 1 - J 2 Heisenberg model at J 2 / J 1 = 0.5 with periodic boundary conditions.
2603.14425	0	-0.49659		CNN	E		J1J2+Heisenberg	Table 1: Ground-state energy per site E for the square-lattice J 1 - J 2 Heisenberg model at J 2 / J 1 = 0.5 with periodic boundary conditions.
2603.14425	0	-0.4967163	8e-7	CNN	E		J1J2+Heisenberg	Table 1: Ground-state energy per site E for the square-lattice J 1 - J 2 Heisenberg model at J 2 / J 1 = 0.5 with periodic boundary conditions.
2603.14425	0	-0.496786	0.000001	T-MPS	E		J1J2+Heisenberg	Table 1: Ground-state energy per site E for the square-lattice J 1 - J 2 Heisenberg model at J 2 / J 1 = 0.5 with periodic boundary conditions.
2603.14425	0	-0.496914	5e-7	CNN-MPS	E		J1J2+Heisenberg	Table 1: Ground-state energy per site E for the square-lattice J 1 - J 2 Heisenberg model at J 2 / J 1 = 0.5 with periodic boundary conditions.
2603.14425	0	-0.496732	0.000001	20	E		J1J2+Heisenberg	Table 1: Ground-state energy per site E for the square-lattice J 1 - J 2 Heisenberg model at J 2 / J 1 = 0.5 with periodic boundary conditions.
2603.14425	0	-0.4967987	6e-7	CNN-MPS	E		J1J2+Heisenberg	Table 1: Ground-state energy per site E for the square-lattice J 1 - J 2 Heisenberg model at J 2 / J 1 = 0.5 with periodic boundary conditions.
2604.11880	7	-0.37502	0.00006	( I , S , 𝒯 )	E 0 / N J	4x8x8	pyrochlore+Heisenberg	Table 8: For the nearest-neighbor spin- 1 / 2 Heisenberg antiferromagnet, the energies per site E 0 / N J of the twelve distinct U ⁡ ( 1 ) Ansätze which feature non-vanishing nearest-neighbor singlet amplitudes. The proper and improper symmetries which become chiral or are nonchiral are listed in the last column using the notation of Ref. [ 10 ] . The VMC calculations are done on a 2048 -site ( = 4 × 8 × 8 × 8 ) cluster which preserves the full symmetry of the pyrochlore lattice. a ( 0 , 0 , 0 ) : This Ansatz is labelled as [ 0 , 0 , 0 ] in Ref. [ 40 ] , and referred to as the uniform state in Ref. [ 10 ] . b ( π , 0 , π ) : This Ansatz is labelled as [ 0 , 0 , π ] in Ref. [ 40 ] , and as ( 
2604.11880	7	-0.37511	0.00008	( π , 0 , π ) b [ 40 , 10 ]	( Φ , Φ )	4x8x8	pyrochlore+Heisenberg	Table 8: For the nearest-neighbor spin- 1 / 2 Heisenberg antiferromagnet, the energies per site E 0 / N J of the twelve distinct U ⁡ ( 1 ) Ansätze which feature non-vanishing nearest-neighbor singlet amplitudes. The proper and improper symmetries which become chiral or are nonchiral are listed in the last column using the notation of Ref. [ 10 ] . The VMC calculations are done on a 2048 -site ( = 4 × 8 × 8 × 8 ) cluster which preserves the full symmetry of the pyrochlore lattice. a ( 0 , 0 , 0 ) : This Ansatz is labelled as [ 0 , 0 , 0 ] in Ref. [ 40 ] , and referred to as the uniform state in Ref. [ 10 ] . b ( π , 0 , π ) : This Ansatz is labelled as [ 0 , 0 , π ] in Ref. [ 40 ] , and as ( 
2604.11880	7	-0.37457	0.00005	( 0 , 0 , π )	( Φ , Φ )	4x8x8	pyrochlore+Heisenberg	Table 8: For the nearest-neighbor spin- 1 / 2 Heisenberg antiferromagnet, the energies per site E 0 / N J of the twelve distinct U ⁡ ( 1 ) Ansätze which feature non-vanishing nearest-neighbor singlet amplitudes. The proper and improper symmetries which become chiral or are nonchiral are listed in the last column using the notation of Ref. [ 10 ] . The VMC calculations are done on a 2048 -site ( = 4 × 8 × 8 × 8 ) cluster which preserves the full symmetry of the pyrochlore lattice. a ( 0 , 0 , 0 ) : This Ansatz is labelled as [ 0 , 0 , 0 ] in Ref. [ 40 ] , and referred to as the uniform state in Ref. [ 10 ] . b ( π , 0 , π ) : This Ansatz is labelled as [ 0 , 0 , π ] in Ref. [ 40 ] , and as ( 
2604.11880	7	-0.37499	0.00008	( π , 0 , 0 )	( Φ , Φ )	4x8x8	pyrochlore+Heisenberg	Table 8: For the nearest-neighbor spin- 1 / 2 Heisenberg antiferromagnet, the energies per site E 0 / N J of the twelve distinct U ⁡ ( 1 ) Ansätze which feature non-vanishing nearest-neighbor singlet amplitudes. The proper and improper symmetries which become chiral or are nonchiral are listed in the last column using the notation of Ref. [ 10 ] . The VMC calculations are done on a 2048 -site ( = 4 × 8 × 8 × 8 ) cluster which preserves the full symmetry of the pyrochlore lattice. a ( 0 , 0 , 0 ) : This Ansatz is labelled as [ 0 , 0 , 0 ] in Ref. [ 40 ] , and referred to as the uniform state in Ref. [ 10 ] . b ( π , 0 , π ) : This Ansatz is labelled as [ 0 , 0 , π ] in Ref. [ 40 ] , and as ( 
2604.11880	7	-0.45756	0.00001	( I 𝒯 , S , 𝒯 )	E 0 / N J	4x8x8	pyrochlore+Heisenberg	Table 8: For the nearest-neighbor spin- 1 / 2 Heisenberg antiferromagnet, the energies per site E 0 / N J of the twelve distinct U ⁡ ( 1 ) Ansätze which feature non-vanishing nearest-neighbor singlet amplitudes. The proper and improper symmetries which become chiral or are nonchiral are listed in the last column using the notation of Ref. [ 10 ] . The VMC calculations are done on a 2048 -site ( = 4 × 8 × 8 × 8 ) cluster which preserves the full symmetry of the pyrochlore lattice. a ( 0 , 0 , 0 ) : This Ansatz is labelled as [ 0 , 0 , 0 ] in Ref. [ 40 ] , and referred to as the uniform state in Ref. [ 10 ] . b ( π , 0 , π ) : This Ansatz is labelled as [ 0 , 0 , π ] in Ref. [ 40 ] , and as ( 
2604.11880	7	-0.43457	0.00001	( π , π 2 , π ) d [ 10 ]	( Φ , Φ )	4x8x8	pyrochlore+Heisenberg	Table 8: For the nearest-neighbor spin- 1 / 2 Heisenberg antiferromagnet, the energies per site E 0 / N J of the twelve distinct U ⁡ ( 1 ) Ansätze which feature non-vanishing nearest-neighbor singlet amplitudes. The proper and improper symmetries which become chiral or are nonchiral are listed in the last column using the notation of Ref. [ 10 ] . The VMC calculations are done on a 2048 -site ( = 4 × 8 × 8 × 8 ) cluster which preserves the full symmetry of the pyrochlore lattice. a ( 0 , 0 , 0 ) : This Ansatz is labelled as [ 0 , 0 , 0 ] in Ref. [ 40 ] , and referred to as the uniform state in Ref. [ 10 ] . b ( π , 0 , π ) : This Ansatz is labelled as [ 0 , 0 , π ] in Ref. [ 40 ] , and as ( 
2604.11880	7	-0.43457	0.00001	( π 2 , π 2 , π 2 )	( Φ , Φ )	4x8x8	pyrochlore+Heisenberg	Table 8: For the nearest-neighbor spin- 1 / 2 Heisenberg antiferromagnet, the energies per site E 0 / N J of the twelve distinct U ⁡ ( 1 ) Ansätze which feature non-vanishing nearest-neighbor singlet amplitudes. The proper and improper symmetries which become chiral or are nonchiral are listed in the last column using the notation of Ref. [ 10 ] . The VMC calculations are done on a 2048 -site ( = 4 × 8 × 8 × 8 ) cluster which preserves the full symmetry of the pyrochlore lattice. a ( 0 , 0 , 0 ) : This Ansatz is labelled as [ 0 , 0 , 0 ] in Ref. [ 40 ] , and referred to as the uniform state in Ref. [ 10 ] . b ( π , 0 , π ) : This Ansatz is labelled as [ 0 , 0 , π ] in Ref. [ 40 ] , and as ( 
2604.11880	7	-0.29753	0.00001	( π 2 , 0 , - π 2 )	( Φ , Φ )	4x8x8	pyrochlore+Heisenberg	Table 8: For the nearest-neighbor spin- 1 / 2 Heisenberg antiferromagnet, the energies per site E 0 / N J of the twelve distinct U ⁡ ( 1 ) Ansätze which feature non-vanishing nearest-neighbor singlet amplitudes. The proper and improper symmetries which become chiral or are nonchiral are listed in the last column using the notation of Ref. [ 10 ] . The VMC calculations are done on a 2048 -site ( = 4 × 8 × 8 × 8 ) cluster which preserves the full symmetry of the pyrochlore lattice. a ( 0 , 0 , 0 ) : This Ansatz is labelled as [ 0 , 0 , 0 ] in Ref. [ 40 ] , and referred to as the uniform state in Ref. [ 10 ] . b ( π , 0 , π ) : This Ansatz is labelled as [ 0 , 0 , π ] in Ref. [ 40 ] , and as ( 
2604.11880	7	-0.43735	0.00001	( I , S 𝒯 , 𝒯 )	E 0 / N J	4x8x8	pyrochlore+Heisenberg	Table 8: For the nearest-neighbor spin- 1 / 2 Heisenberg antiferromagnet, the energies per site E 0 / N J of the twelve distinct U ⁡ ( 1 ) Ansätze which feature non-vanishing nearest-neighbor singlet amplitudes. The proper and improper symmetries which become chiral or are nonchiral are listed in the last column using the notation of Ref. [ 10 ] . The VMC calculations are done on a 2048 -site ( = 4 × 8 × 8 × 8 ) cluster which preserves the full symmetry of the pyrochlore lattice. a ( 0 , 0 , 0 ) : This Ansatz is labelled as [ 0 , 0 , 0 ] in Ref. [ 40 ] , and referred to as the uniform state in Ref. [ 10 ] . b ( π , 0 , π ) : This Ansatz is labelled as [ 0 , 0 , π ] in Ref. [ 40 ] , and as ( 
2604.11880	7	-0.4593	0.00001	( π , π 2 , 0 ) e [ 40 ]	( Φ , Φ )	4x8x8	pyrochlore+Heisenberg	Table 8: For the nearest-neighbor spin- 1 / 2 Heisenberg antiferromagnet, the energies per site E 0 / N J of the twelve distinct U ⁡ ( 1 ) Ansätze which feature non-vanishing nearest-neighbor singlet amplitudes. The proper and improper symmetries which become chiral or are nonchiral are listed in the last column using the notation of Ref. [ 10 ] . The VMC calculations are done on a 2048 -site ( = 4 × 8 × 8 × 8 ) cluster which preserves the full symmetry of the pyrochlore lattice. a ( 0 , 0 , 0 ) : This Ansatz is labelled as [ 0 , 0 , 0 ] in Ref. [ 40 ] , and referred to as the uniform state in Ref. [ 10 ] . b ( π , 0 , π ) : This Ansatz is labelled as [ 0 , 0 , π ] in Ref. [ 40 ] , and as ( 
2604.11880	7	-0.4493	0.00001	( π 2 , π 2 , - π 2 )	( Φ , Φ )	4x8x8	pyrochlore+Heisenberg	Table 8: For the nearest-neighbor spin- 1 / 2 Heisenberg antiferromagnet, the energies per site E 0 / N J of the twelve distinct U ⁡ ( 1 ) Ansätze which feature non-vanishing nearest-neighbor singlet amplitudes. The proper and improper symmetries which become chiral or are nonchiral are listed in the last column using the notation of Ref. [ 10 ] . The VMC calculations are done on a 2048 -site ( = 4 × 8 × 8 × 8 ) cluster which preserves the full symmetry of the pyrochlore lattice. a ( 0 , 0 , 0 ) : This Ansatz is labelled as [ 0 , 0 , 0 ] in Ref. [ 40 ] , and referred to as the uniform state in Ref. [ 10 ] . b ( π , 0 , π ) : This Ansatz is labelled as [ 0 , 0 , π ] in Ref. [ 40 ] , and as ( 
2604.11880	7	-0.37462	0.00001	( π 2 , 0 , π 2 )	( Φ , Φ )	4x8x8	pyrochlore+Heisenberg	Table 8: For the nearest-neighbor spin- 1 / 2 Heisenberg antiferromagnet, the energies per site E 0 / N J of the twelve distinct U ⁡ ( 1 ) Ansätze which feature non-vanishing nearest-neighbor singlet amplitudes. The proper and improper symmetries which become chiral or are nonchiral are listed in the last column using the notation of Ref. [ 10 ] . The VMC calculations are done on a 2048 -site ( = 4 × 8 × 8 × 8 ) cluster which preserves the full symmetry of the pyrochlore lattice. a ( 0 , 0 , 0 ) : This Ansatz is labelled as [ 0 , 0 , 0 ] in Ref. [ 40 ] , and referred to as the uniform state in Ref. [ 10 ] . b ( π , 0 , π ) : This Ansatz is labelled as [ 0 , 0 , π ] in Ref. [ 40 ] , and as ( 
2604.11880	8	-0.4831	0.0001	mVMC, Astrakhantsev et al. [ 1 ]	E 0 / ( N J )		pyrochlore+Heisenberg	Table 9: Representative energy estimates for the nearest-neighbor spin- 1 / 2 pyrochlore Heisenberg antiferromagnet, H = J ∑ ⟨ i j ⟩ 𝐒 i ⋅ 𝐒 j , with J = 1 . Here, N denotes the number of spins. The entries include both finite-size values and thermodynamic estimates, as well as both strict variational upper bounds and extrapolated estimates; they are therefore meant to provide an energetic scale rather than a direct one-to-one benchmark of identical variational classes. The final row gives the lowest energy among the fixed PSG/flux-sector chiral U ⁡ ( 1 ) states in Table 8 . These states are used here to classify and diagnose chiral spin-liquid Ansätze, and are not intended as unrestricted
2604.11880	8	-0.489472	0.000008	Hard-hexagon variational state, Schäfer et al. [ 68 ]	E 0 / ( N J )		pyrochlore+Heisenberg	Table 9: Representative energy estimates for the nearest-neighbor spin- 1 / 2 pyrochlore Heisenberg antiferromagnet, H = J ∑ ⟨ i j ⟩ 𝐒 i ⋅ 𝐒 j , with J = 1 . Here, N denotes the number of spins. The entries include both finite-size values and thermodynamic estimates, as well as both strict variational upper bounds and extrapolated estimates; they are therefore meant to provide an energetic scale rather than a direct one-to-one benchmark of identical variational classes. The final row gives the lowest energy among the fixed PSG/flux-sector chiral U ⁡ ( 1 ) states in Table 8 . These states are used here to classify and diagnose chiral spin-liquid Ansätze, and are not intended as unrestricted
2604.11880	8	-0.4917	0.0005	Hexagon NLCE, Schäfer et al. [ 68 ]	E 0 / ( N J )		pyrochlore+Heisenberg	Table 9: Representative energy estimates for the nearest-neighbor spin- 1 / 2 pyrochlore Heisenberg antiferromagnet, H = J ∑ ⟨ i j ⟩ 𝐒 i ⋅ 𝐒 j , with J = 1 . Here, N denotes the number of spins. The entries include both finite-size values and thermodynamic estimates, as well as both strict variational upper bounds and extrapolated estimates; they are therefore meant to provide an energetic scale rather than a direct one-to-one benchmark of identical variational classes. The final row gives the lowest energy among the fixed PSG/flux-sector chiral U ⁡ ( 1 ) states in Table 8 . These states are used here to classify and diagnose chiral spin-liquid Ansätze, and are not intended as unrestricted
2604.11880	8	-0.49229	0.00007	mVMC-RBM/Lanczos, Pohle et al. [ 60 ]	E 0 / ( N J )		pyrochlore+Heisenberg	Table 9: Representative energy estimates for the nearest-neighbor spin- 1 / 2 pyrochlore Heisenberg antiferromagnet, H = J ∑ ⟨ i j ⟩ 𝐒 i ⋅ 𝐒 j , with J = 1 . Here, N denotes the number of spins. The entries include both finite-size values and thermodynamic estimates, as well as both strict variational upper bounds and extrapolated estimates; they are therefore meant to provide an energetic scale rather than a direct one-to-one benchmark of identical variational classes. The final row gives the lowest energy among the fixed PSG/flux-sector chiral U ⁡ ( 1 ) states in Table 8 . These states are used here to classify and diagnose chiral spin-liquid Ansätze, and are not intended as unrestricted
2604.11880	8	-0.4853	0.0001	mVMC, Pohle et al. [ 60 ]	E 0 / ( N J )		pyrochlore+Heisenberg	Table 9: Representative energy estimates for the nearest-neighbor spin- 1 / 2 pyrochlore Heisenberg antiferromagnet, H = J ∑ ⟨ i j ⟩ 𝐒 i ⋅ 𝐒 j , with J = 1 . Here, N denotes the number of spins. The entries include both finite-size values and thermodynamic estimates, as well as both strict variational upper bounds and extrapolated estimates; they are therefore meant to provide an energetic scale rather than a direct one-to-one benchmark of identical variational classes. The final row gives the lowest energy among the fixed PSG/flux-sector chiral U ⁡ ( 1 ) states in Table 8 . These states are used here to classify and diagnose chiral spin-liquid Ansätze, and are not intended as unrestricted
2604.11880	8	-0.4881	0.0003	mVMC/Lanczos, Pohle et al. [ 60 ]	E 0 / ( N J )		pyrochlore+Heisenberg	Table 9: Representative energy estimates for the nearest-neighbor spin- 1 / 2 pyrochlore Heisenberg antiferromagnet, H = J ∑ ⟨ i j ⟩ 𝐒 i ⋅ 𝐒 j , with J = 1 . Here, N denotes the number of spins. The entries include both finite-size values and thermodynamic estimates, as well as both strict variational upper bounds and extrapolated estimates; they are therefore meant to provide an energetic scale rather than a direct one-to-one benchmark of identical variational classes. The final row gives the lowest energy among the fixed PSG/flux-sector chiral U ⁡ ( 1 ) states in Table 8 . These states are used here to classify and diagnose chiral spin-liquid Ansätze, and are not intended as unrestricted
2604.11880	8	-0.4921	0.0004	Variance extrapolation, Pohle et al. [ 60 ]	E 0 / ( N J )		pyrochlore+Heisenberg	Table 9: Representative energy estimates for the nearest-neighbor spin- 1 / 2 pyrochlore Heisenberg antiferromagnet, H = J ∑ ⟨ i j ⟩ 𝐒 i ⋅ 𝐒 j , with J = 1 . Here, N denotes the number of spins. The entries include both finite-size values and thermodynamic estimates, as well as both strict variational upper bounds and extrapolated estimates; they are therefore meant to provide an energetic scale rather than a direct one-to-one benchmark of identical variational classes. The final row gives the lowest energy among the fixed PSG/flux-sector chiral U ⁡ ( 1 ) states in Table 8 . These states are used here to classify and diagnose chiral spin-liquid Ansätze, and are not intended as unrestricted
2604.12638	6	3.2159	0.0002	100	⟨ u E ( J = 0 ) ⟩			Table S1 : Prefactors ⟨ u P ( J ) ⟩ × 10 4 for J = 0 and 1 obtained from different simulation parameters sets.
2604.12638	6	3.216	0.0002	100	⟨ u ( 12 ) ( J = 0 ) ⟩			Table S1 : Prefactors ⟨ u P ( J ) ⟩ × 10 4 for J = 0 and 1 obtained from different simulation parameters sets.
2604.12638	6	3.216	0.0002	100	⟨ u E ∗ ( J = 0 ) ⟩			Table S1 : Prefactors ⟨ u P ( J ) ⟩ × 10 4 for J = 0 and 1 obtained from different simulation parameters sets.
2604.12638	6	3.2159	0.0002	100	⟨ u ( 12 ) ∗ ( J = 0 ) ⟩			Table S1 : Prefactors ⟨ u P ( J ) ⟩ × 10 4 for J = 0 and 1 obtained from different simulation parameters sets.
2604.12638	6	-1.3716	0.0012	100	⟨ u ( 12 ) ∗ ( J = 1 ) ⟩			Table S1 : Prefactors ⟨ u P ( J ) ⟩ × 10 4 for J = 0 and 1 obtained from different simulation parameters sets.
2604.12638	6	1.12517	0.00006	64	Δ t [fs]			Table S1 : Prefactors ⟨ u P ( J ) ⟩ × 10 4 for J = 0 and 1 obtained from different simulation parameters sets.
2604.12638	6	1.12527	0.00006	64	⟨ u E ( J = 0 ) ⟩			Table S1 : Prefactors ⟨ u P ( J ) ⟩ × 10 4 for J = 0 and 1 obtained from different simulation parameters sets.
2604.12638	6	1.12521	0.00008	64	⟨ u ( 12 ) ( J = 0 ) ⟩			Table S1 : Prefactors ⟨ u P ( J ) ⟩ × 10 4 for J = 0 and 1 obtained from different simulation parameters sets.
2604.12638	6	1.12519	0.00008	64	⟨ u E ∗ ( J = 0 ) ⟩			Table S1 : Prefactors ⟨ u P ( J ) ⟩ × 10 4 for J = 0 and 1 obtained from different simulation parameters sets.
2604.12638	6	0.39577	0.00002	128	Δ t [fs]			Table S1 : Prefactors ⟨ u P ( J ) ⟩ × 10 4 for J = 0 and 1 obtained from different simulation parameters sets.
2604.12638	6	0.39578	0.00002	128	⟨ u E ( J = 0 ) ⟩			Table S1 : Prefactors ⟨ u P ( J ) ⟩ × 10 4 for J = 0 and 1 obtained from different simulation parameters sets.
2604.12638	6	0.39578	0.00002	128	⟨ u ( 12 ) ( J = 0 ) ⟩			Table S1 : Prefactors ⟨ u P ( J ) ⟩ × 10 4 for J = 0 and 1 obtained from different simulation parameters sets.
2604.12638	6	0.39577	0.00002	128	⟨ u E ∗ ( J = 0 ) ⟩			Table S1 : Prefactors ⟨ u P ( J ) ⟩ × 10 4 for J = 0 and 1 obtained from different simulation parameters sets.
2604.12638	6	0.7318	0.0016	128	⟨ u ( 12 ) ∗ ( J = 0 ) ⟩			Table S1 : Prefactors ⟨ u P ( J ) ⟩ × 10 4 for J = 0 and 1 obtained from different simulation parameters sets.
2604.12638	6	-0.2644	0.0008	128	⟨ u E ( J = 1 ) ⟩			Table S1 : Prefactors ⟨ u P ( J ) ⟩ × 10 4 for J = 0 and 1 obtained from different simulation parameters sets.
2604.12638	6	-0.2981	0.0006	128	⟨ u ( 12 ) ( J = 1 ) ⟩			Table S1 : Prefactors ⟨ u P ( J ) ⟩ × 10 4 for J = 0 and 1 obtained from different simulation parameters sets.
2604.12638	6	-0.1665	0.0014	128	⟨ u E ∗ ( J = 1 ) ⟩			Table S1 : Prefactors ⟨ u P ( J ) ⟩ × 10 4 for J = 0 and 1 obtained from different simulation parameters sets.
2604.12638	6	0.1396	0.00002	256	Δ t [fs]			Table S1 : Prefactors ⟨ u P ( J ) ⟩ × 10 4 for J = 0 and 1 obtained from different simulation parameters sets.
2604.12638	6	0.1396	0.00002	256	⟨ u E ( J = 0 ) ⟩			Table S1 : Prefactors ⟨ u P ( J ) ⟩ × 10 4 for J = 0 and 1 obtained from different simulation parameters sets.
2604.12638	6	0.13961	0.00002	256	⟨ u ( 12 ) ( J = 0 ) ⟩			Table S1 : Prefactors ⟨ u P ( J ) ⟩ × 10 4 for J = 0 and 1 obtained from different simulation parameters sets.
2604.12638	6	0.1396	0.00002	256	⟨ u E ∗ ( J = 0 ) ⟩			Table S1 : Prefactors ⟨ u P ( J ) ⟩ × 10 4 for J = 0 and 1 obtained from different simulation parameters sets.
2604.12638	6	0.257	0.0006	256	⟨ u ( 12 ) ∗ ( J = 0 ) ⟩			Table S1 : Prefactors ⟨ u P ( J ) ⟩ × 10 4 for J = 0 and 1 obtained from different simulation parameters sets.
2604.12638	6	-0.0934	0.0002	256	⟨ u E ( J = 1 ) ⟩			Table S1 : Prefactors ⟨ u P ( J ) ⟩ × 10 4 for J = 0 and 1 obtained from different simulation parameters sets.
2604.12638	6	-0.1051	0.0002	256	⟨ u ( 12 ) ( J = 1 ) ⟩			Table S1 : Prefactors ⟨ u P ( J ) ⟩ × 10 4 for J = 0 and 1 obtained from different simulation parameters sets.
2604.12638	6	-0.0588	0.0004	256	⟨ u E ∗ ( J = 1 ) ⟩			Table S1 : Prefactors ⟨ u P ( J ) ⟩ × 10 4 for J = 0 and 1 obtained from different simulation parameters sets.
2604.12638	8	0.1043	0.0002	100	Δ F			Table S3 : Prefactors ⟨ u P ( J ) ⟩ × 10 5 and Δ F [ Hartree ] obtained from the simulation of Z ( 12 ) ( J ′ ) / Z E ( J ) for various simulation parameters.
2604.12638	8	4.5736	0.0004	100	⟨ u E ( J = 0 ) ⟩			Table S3 : Prefactors ⟨ u P ( J ) ⟩ × 10 5 and Δ F [ Hartree ] obtained from the simulation of Z ( 12 ) ( J ′ ) / Z E ( J ) for various simulation parameters.
2604.12638	8	4.6382	0.0007	100	⟨ u ( 12 ) ( J = 0 ) ⟩			Table S3 : Prefactors ⟨ u P ( J ) ⟩ × 10 5 and Δ F [ Hartree ] obtained from the simulation of Z ( 12 ) ( J ′ ) / Z E ( J ) for various simulation parameters.
2604.12638	8	0.1047	0.0002	0.2	Δ t [fs]			Table S3 : Prefactors ⟨ u P ( J ) ⟩ × 10 5 and Δ F [ Hartree ] obtained from the simulation of Z ( 12 ) ( J ′ ) / Z E ( J ) for various simulation parameters.
2604.12638	8	4.5736	0.0004	0.2	n ξ			Table S3 : Prefactors ⟨ u P ( J ) ⟩ × 10 5 and Δ F [ Hartree ] obtained from the simulation of Z ( 12 ) ( J ′ ) / Z E ( J ) for various simulation parameters.
2604.12638	8	4.6398	0.0007	0.2	Δ F			Table S3 : Prefactors ⟨ u P ( J ) ⟩ × 10 5 and Δ F [ Hartree ] obtained from the simulation of Z ( 12 ) ( J ′ ) / Z E ( J ) for various simulation parameters.
2604.12638	8	0.2117	0.0005	128	n ξ			Table S3 : Prefactors ⟨ u P ( J ) ⟩ × 10 5 and Δ F [ Hartree ] obtained from the simulation of Z ( 12 ) ( J ′ ) / Z E ( J ) for various simulation parameters.
2604.12638	8	1.6077	0.0002	128	Δ F			Table S3 : Prefactors ⟨ u P ( J ) ⟩ × 10 5 and Δ F [ Hartree ] obtained from the simulation of Z ( 12 ) ( J ′ ) / Z E ( J ) for various simulation parameters.
2604.12638	8	1.6305	0.0002	128	⟨ u E ( J = 0 ) ⟩			Table S3 : Prefactors ⟨ u P ( J ) ⟩ × 10 5 and Δ F [ Hartree ] obtained from the simulation of Z ( 12 ) ( J ′ ) / Z E ( J ) for various simulation parameters.
2604.12638	8	0.2109	0.0005	0.2	Δ t [fs]			Table S3 : Prefactors ⟨ u P ( J ) ⟩ × 10 5 and Δ F [ Hartree ] obtained from the simulation of Z ( 12 ) ( J ′ ) / Z E ( J ) for various simulation parameters.
2604.12638	8	1.6076	0.0002	0.2	n ξ			Table S3 : Prefactors ⟨ u P ( J ) ⟩ × 10 5 and Δ F [ Hartree ] obtained from the simulation of Z ( 12 ) ( J ′ ) / Z E ( J ) for various simulation parameters.
2604.12638	8	1.6308	0.0002	0.2	Δ F			Table S3 : Prefactors ⟨ u P ( J ) ⟩ × 10 5 and Δ F [ Hartree ] obtained from the simulation of Z ( 12 ) ( J ′ ) / Z E ( J ) for various simulation parameters.
2604.12638	8	0.2113	0.0003	0.2	Δ t [fs]			Table S3 : Prefactors ⟨ u P ( J ) ⟩ × 10 5 and Δ F [ Hartree ] obtained from the simulation of Z ( 12 ) ( J ′ ) / Z E ( J ) for various simulation parameters.
2604.12638	8	1.6074	0.0002	0.2	n ξ			Table S3 : Prefactors ⟨ u P ( J ) ⟩ × 10 5 and Δ F [ Hartree ] obtained from the simulation of Z ( 12 ) ( J ′ ) / Z E ( J ) for various simulation parameters.
2604.12638	8	1.6304	0.0003	0.2	Δ F			Table S3 : Prefactors ⟨ u P ( J ) ⟩ × 10 5 and Δ F [ Hartree ] obtained from the simulation of Z ( 12 ) ( J ′ ) / Z E ( J ) for various simulation parameters.
2604.12638	8	0.2113	0.0003	0.2	Δ t [fs]			Table S3 : Prefactors ⟨ u P ( J ) ⟩ × 10 5 and Δ F [ Hartree ] obtained from the simulation of Z ( 12 ) ( J ′ ) / Z E ( J ) for various simulation parameters.
2604.12638	8	1.6074	0.0002	0.2	n ξ			Table S3 : Prefactors ⟨ u P ( J ) ⟩ × 10 5 and Δ F [ Hartree ] obtained from the simulation of Z ( 12 ) ( J ′ ) / Z E ( J ) for various simulation parameters.
2604.12638	8	1.6309	0.0003	0.2	Δ F			Table S3 : Prefactors ⟨ u P ( J ) ⟩ × 10 5 and Δ F [ Hartree ] obtained from the simulation of Z ( 12 ) ( J ′ ) / Z E ( J ) for various simulation parameters.
2604.12638	8	0.56695	0.00006	256	Δ F			Table S3 : Prefactors ⟨ u P ( J ) ⟩ × 10 5 and Δ F [ Hartree ] obtained from the simulation of Z ( 12 ) ( J ′ ) / Z E ( J ) for various simulation parameters.
2604.12638	8	0.57492	0.00009	256	⟨ u E ( J = 0 ) ⟩			Table S3 : Prefactors ⟨ u P ( J ) ⟩ × 10 5 and Δ F [ Hartree ] obtained from the simulation of Z ( 12 ) ( J ′ ) / Z E ( J ) for various simulation parameters.
2604.12638	8	0.4226	0.0008	0.2	Δ t [fs]			Table S3 : Prefactors ⟨ u P ( J ) ⟩ × 10 5 and Δ F [ Hartree ] obtained from the simulation of Z ( 12 ) ( J ′ ) / Z E ( J ) for various simulation parameters.
2604.12638	8	0.56691	0.00007	0.2	n ξ			Table S3 : Prefactors ⟨ u P ( J ) ⟩ × 10 5 and Δ F [ Hartree ] obtained from the simulation of Z ( 12 ) ( J ′ ) / Z E ( J ) for various simulation parameters.
2604.12638	8	0.57481	0.00008	0.2	Δ F			Table S3 : Prefactors ⟨ u P ( J ) ⟩ × 10 5 and Δ F [ Hartree ] obtained from the simulation of Z ( 12 ) ( J ′ ) / Z E ( J ) for various simulation parameters.
2604.12638	8	-0.4267	0.0009	0.2	⟨ u ( 12 ) ( J = 0 ) ⟩			Table S3 : Prefactors ⟨ u P ( J ) ⟩ × 10 5 and Δ F [ Hartree ] obtained from the simulation of Z ( 12 ) ( J ′ ) / Z E ( J ) for various simulation parameters.
2604.12638	8	0.4249	0.0008	0.2	Δ t [fs]			Table S3 : Prefactors ⟨ u P ( J ) ⟩ × 10 5 and Δ F [ Hartree ] obtained from the simulation of Z ( 12 ) ( J ′ ) / Z E ( J ) for various simulation parameters.
2604.12638	8	0.56687	0.00007	0.2	n ξ			Table S3 : Prefactors ⟨ u P ( J ) ⟩ × 10 5 and Δ F [ Hartree ] obtained from the simulation of Z ( 12 ) ( J ′ ) / Z E ( J ) for various simulation parameters.
2604.12638	8	0.57483	0.00008	0.2	Δ F			Table S3 : Prefactors ⟨ u P ( J ) ⟩ × 10 5 and Δ F [ Hartree ] obtained from the simulation of Z ( 12 ) ( J ′ ) / Z E ( J ) for various simulation parameters.
2604.12638	8	0.4236	0.0007	0.2	Δ t [fs]			Table S3 : Prefactors ⟨ u P ( J ) ⟩ × 10 5 and Δ F [ Hartree ] obtained from the simulation of Z ( 12 ) ( J ′ ) / Z E ( J ) for various simulation parameters.
2604.12638	8	0.56692	0.00006	0.2	n ξ			Table S3 : Prefactors ⟨ u P ( J ) ⟩ × 10 5 and Δ F [ Hartree ] obtained from the simulation of Z ( 12 ) ( J ′ ) / Z E ( J ) for various simulation parameters.
2604.12638	8	0.5748	0.00009	0.2	Δ F			Table S3 : Prefactors ⟨ u P ( J ) ⟩ × 10 5 and Δ F [ Hartree ] obtained from the simulation of Z ( 12 ) ( J ′ ) / Z E ( J ) for various simulation parameters.
2604.12638	8	-0.4274	0.0009	0.2	⟨ u ( 12 ) ( J = 0 ) ⟩			Table S3 : Prefactors ⟨ u P ( J ) ⟩ × 10 5 and Δ F [ Hartree ] obtained from the simulation of Z ( 12 ) ( J ′ ) / Z E ( J ) for various simulation parameters.
2604.12638	10	4.5737	0.0003	100	⟨ u E ( J = 0 ) ⟩			Table S5 : Prefactors ⟨ u P ( J ) ⟩ × 10 5 and Δ F [ Hartree ] obtained from the simulation of Z ( 12 ) ∗ ( J ′ ) / Z E ( J ) for various simulation parameters. Note that the free-energy difference is very small here as the symmetry operator is similar to a rotation and does not connect two distinct versions of the molecule.
2604.12638	10	4.573	0.0004	100	⟨ u ( 12 ) ∗ ( J = 0 ) ⟩			Table S5 : Prefactors ⟨ u P ( J ) ⟩ × 10 5 and Δ F [ Hartree ] obtained from the simulation of Z ( 12 ) ∗ ( J ′ ) / Z E ( J ) for various simulation parameters. Note that the free-energy difference is very small here as the symmetry operator is similar to a rotation and does not connect two distinct versions of the molecule.
2604.12638	10	4.5727	0.0004	0.2	n ξ			Table S5 : Prefactors ⟨ u P ( J ) ⟩ × 10 5 and Δ F [ Hartree ] obtained from the simulation of Z ( 12 ) ∗ ( J ′ ) / Z E ( J ) for various simulation parameters. Note that the free-energy difference is very small here as the symmetry operator is similar to a rotation and does not connect two distinct versions of the molecule.
2604.12638	10	4.5737	0.0004	0.2	Δ F ⋅ 10 5			Table S5 : Prefactors ⟨ u P ( J ) ⟩ × 10 5 and Δ F [ Hartree ] obtained from the simulation of Z ( 12 ) ∗ ( J ′ ) / Z E ( J ) for various simulation parameters. Note that the free-energy difference is very small here as the symmetry operator is similar to a rotation and does not connect two distinct versions of the molecule.
2604.12638	10	1.6078	0.0002	128	Δ F ⋅ 10 5			Table S5 : Prefactors ⟨ u P ( J ) ⟩ × 10 5 and Δ F [ Hartree ] obtained from the simulation of Z ( 12 ) ∗ ( J ′ ) / Z E ( J ) for various simulation parameters. Note that the free-energy difference is very small here as the symmetry operator is similar to a rotation and does not connect two distinct versions of the molecule.
2604.12638	10	1.6078	0.0002	128	⟨ u E ( J = 0 ) ⟩			Table S5 : Prefactors ⟨ u P ( J ) ⟩ × 10 5 and Δ F [ Hartree ] obtained from the simulation of Z ( 12 ) ∗ ( J ′ ) / Z E ( J ) for various simulation parameters. Note that the free-energy difference is very small here as the symmetry operator is similar to a rotation and does not connect two distinct versions of the molecule.
2604.12638	10	1.6075	0.0001	0.2	n ξ			Table S5 : Prefactors ⟨ u P ( J ) ⟩ × 10 5 and Δ F [ Hartree ] obtained from the simulation of Z ( 12 ) ∗ ( J ′ ) / Z E ( J ) for various simulation parameters. Note that the free-energy difference is very small here as the symmetry operator is similar to a rotation and does not connect two distinct versions of the molecule.
2604.12638	10	1.6078	0.0002	0.2	Δ F ⋅ 10 5			Table S5 : Prefactors ⟨ u P ( J ) ⟩ × 10 5 and Δ F [ Hartree ] obtained from the simulation of Z ( 12 ) ∗ ( J ′ ) / Z E ( J ) for various simulation parameters. Note that the free-energy difference is very small here as the symmetry operator is similar to a rotation and does not connect two distinct versions of the molecule.
2604.12638	10	1.608	0.0002	0.2	n ξ			Table S5 : Prefactors ⟨ u P ( J ) ⟩ × 10 5 and Δ F [ Hartree ] obtained from the simulation of Z ( 12 ) ∗ ( J ′ ) / Z E ( J ) for various simulation parameters. Note that the free-energy difference is very small here as the symmetry operator is similar to a rotation and does not connect two distinct versions of the molecule.
2604.12638	10	1.6078	0.0002	0.2	Δ F ⋅ 10 5			Table S5 : Prefactors ⟨ u P ( J ) ⟩ × 10 5 and Δ F [ Hartree ] obtained from the simulation of Z ( 12 ) ∗ ( J ′ ) / Z E ( J ) for various simulation parameters. Note that the free-energy difference is very small here as the symmetry operator is similar to a rotation and does not connect two distinct versions of the molecule.
2604.12638	10	1.6077	0.0002	0.2	n ξ			Table S5 : Prefactors ⟨ u P ( J ) ⟩ × 10 5 and Δ F [ Hartree ] obtained from the simulation of Z ( 12 ) ∗ ( J ′ ) / Z E ( J ) for various simulation parameters. Note that the free-energy difference is very small here as the symmetry operator is similar to a rotation and does not connect two distinct versions of the molecule.
2604.12638	10	1.6078	0.0002	0.2	Δ F ⋅ 10 5			Table S5 : Prefactors ⟨ u P ( J ) ⟩ × 10 5 and Δ F [ Hartree ] obtained from the simulation of Z ( 12 ) ∗ ( J ′ ) / Z E ( J ) for various simulation parameters. Note that the free-energy difference is very small here as the symmetry operator is similar to a rotation and does not connect two distinct versions of the molecule.
2604.12638	10	0.56695	0.00007	256	Δ F ⋅ 10 5			Table S5 : Prefactors ⟨ u P ( J ) ⟩ × 10 5 and Δ F [ Hartree ] obtained from the simulation of Z ( 12 ) ∗ ( J ′ ) / Z E ( J ) for various simulation parameters. Note that the free-energy difference is very small here as the symmetry operator is similar to a rotation and does not connect two distinct versions of the molecule.
2604.12638	10	0.56696	0.00006	256	⟨ u E ( J = 0 ) ⟩			Table S5 : Prefactors ⟨ u P ( J ) ⟩ × 10 5 and Δ F [ Hartree ] obtained from the simulation of Z ( 12 ) ∗ ( J ′ ) / Z E ( J ) for various simulation parameters. Note that the free-energy difference is very small here as the symmetry operator is similar to a rotation and does not connect two distinct versions of the molecule.
2604.12638	10	0.56698	0.00005	0.2	n ξ			Table S5 : Prefactors ⟨ u P ( J ) ⟩ × 10 5 and Δ F [ Hartree ] obtained from the simulation of Z ( 12 ) ∗ ( J ′ ) / Z E ( J ) for various simulation parameters. Note that the free-energy difference is very small here as the symmetry operator is similar to a rotation and does not connect two distinct versions of the molecule.
2604.12638	10	0.56692	0.00006	0.2	Δ F ⋅ 10 5			Table S5 : Prefactors ⟨ u P ( J ) ⟩ × 10 5 and Δ F [ Hartree ] obtained from the simulation of Z ( 12 ) ∗ ( J ′ ) / Z E ( J ) for various simulation parameters. Note that the free-energy difference is very small here as the symmetry operator is similar to a rotation and does not connect two distinct versions of the molecule.
2604.12638	10	0.56684	0.00006	0.2	n ξ			Table S5 : Prefactors ⟨ u P ( J ) ⟩ × 10 5 and Δ F [ Hartree ] obtained from the simulation of Z ( 12 ) ∗ ( J ′ ) / Z E ( J ) for various simulation parameters. Note that the free-energy difference is very small here as the symmetry operator is similar to a rotation and does not connect two distinct versions of the molecule.
2604.12638	10	0.56698	0.00006	0.2	Δ F ⋅ 10 5			Table S5 : Prefactors ⟨ u P ( J ) ⟩ × 10 5 and Δ F [ Hartree ] obtained from the simulation of Z ( 12 ) ∗ ( J ′ ) / Z E ( J ) for various simulation parameters. Note that the free-energy difference is very small here as the symmetry operator is similar to a rotation and does not connect two distinct versions of the molecule.
2604.12638	10	-0.4272	0.0009	0.2	⟨ u ( 12 ) ∗ ( J = 0 ) ⟩			Table S5 : Prefactors ⟨ u P ( J ) ⟩ × 10 5 and Δ F [ Hartree ] obtained from the simulation of Z ( 12 ) ∗ ( J ′ ) / Z E ( J ) for various simulation parameters. Note that the free-energy difference is very small here as the symmetry operator is similar to a rotation and does not connect two distinct versions of the molecule.
2604.12638	10	0.56687	0.00006	0.2	n ξ			Table S5 : Prefactors ⟨ u P ( J ) ⟩ × 10 5 and Δ F [ Hartree ] obtained from the simulation of Z ( 12 ) ∗ ( J ′ ) / Z E ( J ) for various simulation parameters. Note that the free-energy difference is very small here as the symmetry operator is similar to a rotation and does not connect two distinct versions of the molecule.
2604.12638	10	0.56693	0.00006	0.2	Δ F ⋅ 10 5			Table S5 : Prefactors ⟨ u P ( J ) ⟩ × 10 5 and Δ F [ Hartree ] obtained from the simulation of Z ( 12 ) ∗ ( J ′ ) / Z E ( J ) for various simulation parameters. Note that the free-energy difference is very small here as the symmetry operator is similar to a rotation and does not connect two distinct versions of the molecule.
2604.12638	11	-0.3229	0.0008	100	Z ( 12 ) ∗ ( J = 1 ) / Z E ( J = 1 )			Table S6 : Partition-function ratios Z ( 12 ) ∗ ( J ′ ) / Z E ( J ) with various values of J ′ and J obtained from different simulation parameters.
2604.12638	11	-0.3219	0.0008	0.2	Z ( 12 ) ∗ ( J = 3 ) / Z E ( J = 0 )			Table S6 : Partition-function ratios Z ( 12 ) ∗ ( J ′ ) / Z E ( J ) with various values of J ′ and J obtained from different simulation parameters.
2604.12638	11	-0.3228	0.0009	128	Z ( 12 ) ∗ ( J = 4 ) / Z E ( J = 0 )			Table S6 : Partition-function ratios Z ( 12 ) ∗ ( J ′ ) / Z E ( J ) with various values of J ′ and J obtained from different simulation parameters.
2604.12638	11	-0.3221	0.0009	0.2	Z ( 12 ) ∗ ( J = 3 ) / Z E ( J = 0 )			Table S6 : Partition-function ratios Z ( 12 ) ∗ ( J ′ ) / Z E ( J ) with various values of J ′ and J obtained from different simulation parameters.
2604.12638	11	0.9993	0.0008	0.2	Δ t [fs]			Table S6 : Partition-function ratios Z ( 12 ) ∗ ( J ′ ) / Z E ( J ) with various values of J ′ and J obtained from different simulation parameters.
2604.12638	11	-0.3214	0.0009	0.2	Z ( 12 ) ∗ ( J = 3 ) / Z E ( J = 0 )			Table S6 : Partition-function ratios Z ( 12 ) ∗ ( J ′ ) / Z E ( J ) with various values of J ′ and J obtained from different simulation parameters.
2604.12638	11	-0.3199	0.0009	256	Z ( 12 ) ∗ ( J = 4 ) / Z E ( J = 0 )			Table S6 : Partition-function ratios Z ( 12 ) ∗ ( J ′ ) / Z E ( J ) with various values of J ′ and J obtained from different simulation parameters.
2604.12638	11	-0.3208	0.0009	0.2	Z ( 12 ) ∗ ( J = 3 ) / Z E ( J = 0 )			Table S6 : Partition-function ratios Z ( 12 ) ∗ ( J ′ ) / Z E ( J ) with various values of J ′ and J obtained from different simulation parameters.
2604.12638	11	-0.322	0.0009	0.2	Z ( 12 ) ∗ ( J = 3 ) / Z E ( J = 0 )			Table S6 : Partition-function ratios Z ( 12 ) ∗ ( J ′ ) / Z E ( J ) with various values of J ′ and J obtained from different simulation parameters.
2604.12638	11	-0.3204	0.0009	0.2	Z ( 12 ) ∗ ( J = 3 ) / Z E ( J = 0 )			Table S6 : Partition-function ratios Z ( 12 ) ∗ ( J ′ ) / Z E ( J ) with various values of J ′ and J obtained from different simulation parameters.
2604.12638	12	0.1045	0.0002	100	Δ F			Table S7 : Prefactors ⟨ u P ( J ) ⟩ × 10 5 and Δ F [ Hartree ] obtained from the simulation of Z ( 123 ) ∗ ( J ′ ) / Z E ( J ) for various simulation parameters.
2604.12638	12	4.5737	0.0004	100	⟨ u E ( J = 0 ) ⟩			Table S7 : Prefactors ⟨ u P ( J ) ⟩ × 10 5 and Δ F [ Hartree ] obtained from the simulation of Z ( 123 ) ∗ ( J ′ ) / Z E ( J ) for various simulation parameters.
2604.12638	12	4.6395	0.0007	100	⟨ u ( 123 ) ∗ ( J = 0 ) ⟩			Table S7 : Prefactors ⟨ u P ( J ) ⟩ × 10 5 and Δ F [ Hartree ] obtained from the simulation of Z ( 123 ) ∗ ( J ′ ) / Z E ( J ) for various simulation parameters.
2604.12638	12	0.1046	0.0002	0.2	Δ t [fs]			Table S7 : Prefactors ⟨ u P ( J ) ⟩ × 10 5 and Δ F [ Hartree ] obtained from the simulation of Z ( 123 ) ∗ ( J ′ ) / Z E ( J ) for various simulation parameters.
2604.12638	12	4.5733	0.0004	0.2	n ξ			Table S7 : Prefactors ⟨ u P ( J ) ⟩ × 10 5 and Δ F [ Hartree ] obtained from the simulation of Z ( 123 ) ∗ ( J ′ ) / Z E ( J ) for various simulation parameters.
2604.12638	12	4.6383	0.0006	0.2	Δ F			Table S7 : Prefactors ⟨ u P ( J ) ⟩ × 10 5 and Δ F [ Hartree ] obtained from the simulation of Z ( 123 ) ∗ ( J ′ ) / Z E ( J ) for various simulation parameters.
2604.12638	12	0.212	0.0007	128	n ξ			Table S7 : Prefactors ⟨ u P ( J ) ⟩ × 10 5 and Δ F [ Hartree ] obtained from the simulation of Z ( 123 ) ∗ ( J ′ ) / Z E ( J ) for various simulation parameters.
2604.12638	12	1.6078	0.0002	128	Δ F			Table S7 : Prefactors ⟨ u P ( J ) ⟩ × 10 5 and Δ F [ Hartree ] obtained from the simulation of Z ( 123 ) ∗ ( J ′ ) / Z E ( J ) for various simulation parameters.
2604.12638	12	1.6306	0.0003	128	⟨ u E ( J = 0 ) ⟩			Table S7 : Prefactors ⟨ u P ( J ) ⟩ × 10 5 and Δ F [ Hartree ] obtained from the simulation of Z ( 123 ) ∗ ( J ′ ) / Z E ( J ) for various simulation parameters.
2604.12638	12	0.2107	0.0004	0.2	Δ t [fs]			Table S7 : Prefactors ⟨ u P ( J ) ⟩ × 10 5 and Δ F [ Hartree ] obtained from the simulation of Z ( 123 ) ∗ ( J ′ ) / Z E ( J ) for various simulation parameters.
2604.12638	12	1.6077	0.0002	0.2	n ξ			Table S7 : Prefactors ⟨ u P ( J ) ⟩ × 10 5 and Δ F [ Hartree ] obtained from the simulation of Z ( 123 ) ∗ ( J ′ ) / Z E ( J ) for various simulation parameters.
2604.12638	12	1.6308	0.0003	0.2	Δ F			Table S7 : Prefactors ⟨ u P ( J ) ⟩ × 10 5 and Δ F [ Hartree ] obtained from the simulation of Z ( 123 ) ∗ ( J ′ ) / Z E ( J ) for various simulation parameters.
2604.12638	12	0.2109	0.0004	0.2	Δ t [fs]			Table S7 : Prefactors ⟨ u P ( J ) ⟩ × 10 5 and Δ F [ Hartree ] obtained from the simulation of Z ( 123 ) ∗ ( J ′ ) / Z E ( J ) for various simulation parameters.
2604.12638	12	1.6078	0.0002	0.2	n ξ			Table S7 : Prefactors ⟨ u P ( J ) ⟩ × 10 5 and Δ F [ Hartree ] obtained from the simulation of Z ( 123 ) ∗ ( J ′ ) / Z E ( J ) for various simulation parameters.
2604.12638	12	1.6303	0.0002	0.2	Δ F			Table S7 : Prefactors ⟨ u P ( J ) ⟩ × 10 5 and Δ F [ Hartree ] obtained from the simulation of Z ( 123 ) ∗ ( J ′ ) / Z E ( J ) for various simulation parameters.
2604.12638	12	0.2119	0.0004	0.2	Δ t [fs]			Table S7 : Prefactors ⟨ u P ( J ) ⟩ × 10 5 and Δ F [ Hartree ] obtained from the simulation of Z ( 123 ) ∗ ( J ′ ) / Z E ( J ) for various simulation parameters.
2604.12638	12	1.6077	0.0002	0.2	n ξ			Table S7 : Prefactors ⟨ u P ( J ) ⟩ × 10 5 and Δ F [ Hartree ] obtained from the simulation of Z ( 123 ) ∗ ( J ′ ) / Z E ( J ) for various simulation parameters.
2604.12638	12	1.6302	0.0003	0.2	Δ F			Table S7 : Prefactors ⟨ u P ( J ) ⟩ × 10 5 and Δ F [ Hartree ] obtained from the simulation of Z ( 123 ) ∗ ( J ′ ) / Z E ( J ) for various simulation parameters.
2604.12638	12	0.56685	0.00006	256	Δ F			Table S7 : Prefactors ⟨ u P ( J ) ⟩ × 10 5 and Δ F [ Hartree ] obtained from the simulation of Z ( 123 ) ∗ ( J ′ ) / Z E ( J ) for various simulation parameters.
2604.12638	12	0.57481	0.00008	256	⟨ u E ( J = 0 ) ⟩			Table S7 : Prefactors ⟨ u P ( J ) ⟩ × 10 5 and Δ F [ Hartree ] obtained from the simulation of Z ( 123 ) ∗ ( J ′ ) / Z E ( J ) for various simulation parameters.
2604.12638	12	0.4217	0.0009	0.2	Δ t [fs]			Table S7 : Prefactors ⟨ u P ( J ) ⟩ × 10 5 and Δ F [ Hartree ] obtained from the simulation of Z ( 123 ) ∗ ( J ′ ) / Z E ( J ) for various simulation parameters.
2604.12638	12	0.56685	0.00006	0.2	n ξ			Table S7 : Prefactors ⟨ u P ( J ) ⟩ × 10 5 and Δ F [ Hartree ] obtained from the simulation of Z ( 123 ) ∗ ( J ′ ) / Z E ( J ) for various simulation parameters.
2604.12638	12	0.57486	0.00009	0.2	Δ F			Table S7 : Prefactors ⟨ u P ( J ) ⟩ × 10 5 and Δ F [ Hartree ] obtained from the simulation of Z ( 123 ) ∗ ( J ′ ) / Z E ( J ) for various simulation parameters.
2604.12638	12	0.4241	0.0007	0.2	Δ t [fs]			Table S7 : Prefactors ⟨ u P ( J ) ⟩ × 10 5 and Δ F [ Hartree ] obtained from the simulation of Z ( 123 ) ∗ ( J ′ ) / Z E ( J ) for various simulation parameters.
2604.12638	12	0.56685	0.00006	0.2	n ξ			Table S7 : Prefactors ⟨ u P ( J ) ⟩ × 10 5 and Δ F [ Hartree ] obtained from the simulation of Z ( 123 ) ∗ ( J ′ ) / Z E ( J ) for various simulation parameters.
2604.12638	12	0.57494	0.00009	0.2	Δ F			Table S7 : Prefactors ⟨ u P ( J ) ⟩ × 10 5 and Δ F [ Hartree ] obtained from the simulation of Z ( 123 ) ∗ ( J ′ ) / Z E ( J ) for various simulation parameters.
2604.12638	12	0.4234	0.0008	0.2	Δ t [fs]			Table S7 : Prefactors ⟨ u P ( J ) ⟩ × 10 5 and Δ F [ Hartree ] obtained from the simulation of Z ( 123 ) ∗ ( J ′ ) / Z E ( J ) for various simulation parameters.
2604.12638	12	0.56682	0.00006	0.2	n ξ			Table S7 : Prefactors ⟨ u P ( J ) ⟩ × 10 5 and Δ F [ Hartree ] obtained from the simulation of Z ( 123 ) ∗ ( J ′ ) / Z E ( J ) for various simulation parameters.
2604.12638	12	0.57488	0.00009	0.2	Δ F			Table S7 : Prefactors ⟨ u P ( J ) ⟩ × 10 5 and Δ F [ Hartree ] obtained from the simulation of Z ( 123 ) ∗ ( J ′ ) / Z E ( J ) for various simulation parameters.
2604.12638	56	0.1046	0.0002	100	Δ F			Table S9 : Prefactors ⟨ u P ( J ) ⟩ × 10 5 and Δ F [ Hartree ] obtained from the simulation of Z ( 12 ) ( J ) / Z ( 12 ) ∗ ( J ) for various simulation parameters.
2604.12638	56	4.5733	0.0004	100	⟨ u ( 12 ) ∗ ( J = 0 ) ⟩			Table S9 : Prefactors ⟨ u P ( J ) ⟩ × 10 5 and Δ F [ Hartree ] obtained from the simulation of Z ( 12 ) ( J ) / Z ( 12 ) ∗ ( J ) for various simulation parameters.
2604.12638	56	4.6389	0.0007	100	⟨ u ( 12 ) ( J = 0 ) ⟩			Table S9 : Prefactors ⟨ u P ( J ) ⟩ × 10 5 and Δ F [ Hartree ] obtained from the simulation of Z ( 12 ) ( J ) / Z ( 12 ) ∗ ( J ) for various simulation parameters.
2604.12638	56	0.1047	0.0002	0.2	Δ t [fs]			Table S9 : Prefactors ⟨ u P ( J ) ⟩ × 10 5 and Δ F [ Hartree ] obtained from the simulation of Z ( 12 ) ( J ) / Z ( 12 ) ∗ ( J ) for various simulation parameters.
2604.12638	56	4.5748	0.0004	0.2	n ξ			Table S9 : Prefactors ⟨ u P ( J ) ⟩ × 10 5 and Δ F [ Hartree ] obtained from the simulation of Z ( 12 ) ( J ) / Z ( 12 ) ∗ ( J ) for various simulation parameters.
2604.12638	56	4.6405	0.0007	0.2	⟨ u ( 12 ) ∗ ( J = 3 ) ⟩			Table S9 : Prefactors ⟨ u P ( J ) ⟩ × 10 5 and Δ F [ Hartree ] obtained from the simulation of Z ( 12 ) ( J ) / Z ( 12 ) ∗ ( J ) for various simulation parameters.
2604.12638	56	0.2119	0.0005	128	n ξ			Table S9 : Prefactors ⟨ u P ( J ) ⟩ × 10 5 and Δ F [ Hartree ] obtained from the simulation of Z ( 12 ) ( J ) / Z ( 12 ) ∗ ( J ) for various simulation parameters.
2604.12638	56	1.6076	0.0002	128	Δ F			Table S9 : Prefactors ⟨ u P ( J ) ⟩ × 10 5 and Δ F [ Hartree ] obtained from the simulation of Z ( 12 ) ( J ) / Z ( 12 ) ∗ ( J ) for various simulation parameters.
2604.12638	56	1.6306	0.0002	128	⟨ u ( 12 ) ∗ ( J = 4 ) ⟩			Table S9 : Prefactors ⟨ u P ( J ) ⟩ × 10 5 and Δ F [ Hartree ] obtained from the simulation of Z ( 12 ) ( J ) / Z ( 12 ) ∗ ( J ) for various simulation parameters.
2604.12638	56	0.2118	0.0004	0.2	Δ t [fs]			Table S9 : Prefactors ⟨ u P ( J ) ⟩ × 10 5 and Δ F [ Hartree ] obtained from the simulation of Z ( 12 ) ( J ) / Z ( 12 ) ∗ ( J ) for various simulation parameters.
2604.12638	56	1.6079	0.0002	0.2	n ξ			Table S9 : Prefactors ⟨ u P ( J ) ⟩ × 10 5 and Δ F [ Hartree ] obtained from the simulation of Z ( 12 ) ( J ) / Z ( 12 ) ∗ ( J ) for various simulation parameters.
2604.12638	56	1.6302	0.0002	0.2	⟨ u ( 12 ) ∗ ( J = 3 ) ⟩			Table S9 : Prefactors ⟨ u P ( J ) ⟩ × 10 5 and Δ F [ Hartree ] obtained from the simulation of Z ( 12 ) ( J ) / Z ( 12 ) ∗ ( J ) for various simulation parameters.
2604.12638	56	0.2117	0.0004	0.2	Δ t [fs]			Table S9 : Prefactors ⟨ u P ( J ) ⟩ × 10 5 and Δ F [ Hartree ] obtained from the simulation of Z ( 12 ) ( J ) / Z ( 12 ) ∗ ( J ) for various simulation parameters.
2604.12638	56	1.6081	0.0002	0.2	n ξ			Table S9 : Prefactors ⟨ u P ( J ) ⟩ × 10 5 and Δ F [ Hartree ] obtained from the simulation of Z ( 12 ) ( J ) / Z ( 12 ) ∗ ( J ) for various simulation parameters.
2604.12638	56	1.6308	0.0002	0.2	⟨ u ( 12 ) ∗ ( J = 3 ) ⟩			Table S9 : Prefactors ⟨ u P ( J ) ⟩ × 10 5 and Δ F [ Hartree ] obtained from the simulation of Z ( 12 ) ( J ) / Z ( 12 ) ∗ ( J ) for various simulation parameters.
2604.12638	56	0.2118	0.0003	0.2	Δ t [fs]			Table S9 : Prefactors ⟨ u P ( J ) ⟩ × 10 5 and Δ F [ Hartree ] obtained from the simulation of Z ( 12 ) ( J ) / Z ( 12 ) ∗ ( J ) for various simulation parameters.
2604.12638	56	1.6077	0.0002	0.2	n ξ			Table S9 : Prefactors ⟨ u P ( J ) ⟩ × 10 5 and Δ F [ Hartree ] obtained from the simulation of Z ( 12 ) ( J ) / Z ( 12 ) ∗ ( J ) for various simulation parameters.
2604.12638	56	1.6306	0.0002	0.2	⟨ u ( 12 ) ∗ ( J = 3 ) ⟩			Table S9 : Prefactors ⟨ u P ( J ) ⟩ × 10 5 and Δ F [ Hartree ] obtained from the simulation of Z ( 12 ) ( J ) / Z ( 12 ) ∗ ( J ) for various simulation parameters.
2604.12638	56	0.56693	0.00006	256	Δ F			Table S9 : Prefactors ⟨ u P ( J ) ⟩ × 10 5 and Δ F [ Hartree ] obtained from the simulation of Z ( 12 ) ( J ) / Z ( 12 ) ∗ ( J ) for various simulation parameters.
2604.12638	56	-0.4286	0.0007	256	⟨ u ( 12 ) ∗ ( J = 0 ) ⟩			Table S9 : Prefactors ⟨ u P ( J ) ⟩ × 10 5 and Δ F [ Hartree ] obtained from the simulation of Z ( 12 ) ( J ) / Z ( 12 ) ∗ ( J ) for various simulation parameters.
2604.12638	56	0.57478	0.00009	256	⟨ u ( 12 ) ∗ ( J = 4 ) ⟩			Table S9 : Prefactors ⟨ u P ( J ) ⟩ × 10 5 and Δ F [ Hartree ] obtained from the simulation of Z ( 12 ) ( J ) / Z ( 12 ) ∗ ( J ) for various simulation parameters.
2604.12638	56	0.4243	0.0009	0.2	Δ t [fs]			Table S9 : Prefactors ⟨ u P ( J ) ⟩ × 10 5 and Δ F [ Hartree ] obtained from the simulation of Z ( 12 ) ( J ) / Z ( 12 ) ∗ ( J ) for various simulation parameters.
2604.12638	56	0.56676	0.00006	0.2	n ξ			Table S9 : Prefactors ⟨ u P ( J ) ⟩ × 10 5 and Δ F [ Hartree ] obtained from the simulation of Z ( 12 ) ( J ) / Z ( 12 ) ∗ ( J ) for various simulation parameters.
2604.12638	56	-0.427	0.001	0.2	Δ F			Table S9 : Prefactors ⟨ u P ( J ) ⟩ × 10 5 and Δ F [ Hartree ] obtained from the simulation of Z ( 12 ) ( J ) / Z ( 12 ) ∗ ( J ) for various simulation parameters.
2604.12638	56	0.57496	0.00009	0.2	⟨ u ( 12 ) ∗ ( J = 3 ) ⟩			Table S9 : Prefactors ⟨ u P ( J ) ⟩ × 10 5 and Δ F [ Hartree ] obtained from the simulation of Z ( 12 ) ( J ) / Z ( 12 ) ∗ ( J ) for various simulation parameters.
2604.12638	56	-0.4272	0.001	0.2	⟨ u ( 12 ) ∗ ( J = 4 ) ⟩			Table S9 : Prefactors ⟨ u P ( J ) ⟩ × 10 5 and Δ F [ Hartree ] obtained from the simulation of Z ( 12 ) ( J ) / Z ( 12 ) ∗ ( J ) for various simulation parameters.
2604.12638	56	0.4236	0.0008	0.2	Δ t [fs]			Table S9 : Prefactors ⟨ u P ( J ) ⟩ × 10 5 and Δ F [ Hartree ] obtained from the simulation of Z ( 12 ) ( J ) / Z ( 12 ) ∗ ( J ) for various simulation parameters.
2604.12638	56	0.5669	0.00009	0.2	n ξ			Table S9 : Prefactors ⟨ u P ( J ) ⟩ × 10 5 and Δ F [ Hartree ] obtained from the simulation of Z ( 12 ) ( J ) / Z ( 12 ) ∗ ( J ) for various simulation parameters.
2604.12638	56	-0.4261	0.0009	0.2	Δ F			Table S9 : Prefactors ⟨ u P ( J ) ⟩ × 10 5 and Δ F [ Hartree ] obtained from the simulation of Z ( 12 ) ( J ) / Z ( 12 ) ∗ ( J ) for various simulation parameters.
2604.12638	56	0.5747	0.00009	0.2	⟨ u ( 12 ) ∗ ( J = 3 ) ⟩			Table S9 : Prefactors ⟨ u P ( J ) ⟩ × 10 5 and Δ F [ Hartree ] obtained from the simulation of Z ( 12 ) ( J ) / Z ( 12 ) ∗ ( J ) for various simulation parameters.
2604.12638	56	0.4248	0.0006	0.2	Δ t [fs]			Table S9 : Prefactors ⟨ u P ( J ) ⟩ × 10 5 and Δ F [ Hartree ] obtained from the simulation of Z ( 12 ) ( J ) / Z ( 12 ) ∗ ( J ) for various simulation parameters.
2604.12638	56	0.56682	0.00006	0.2	n ξ			Table S9 : Prefactors ⟨ u P ( J ) ⟩ × 10 5 and Δ F [ Hartree ] obtained from the simulation of Z ( 12 ) ( J ) / Z ( 12 ) ∗ ( J ) for various simulation parameters.
2604.12638	56	-0.4262	0.0009	0.2	Δ F			Table S9 : Prefactors ⟨ u P ( J ) ⟩ × 10 5 and Δ F [ Hartree ] obtained from the simulation of Z ( 12 ) ( J ) / Z ( 12 ) ∗ ( J ) for various simulation parameters.
2604.12638	56	0.5749	0.0001	0.2	⟨ u ( 12 ) ∗ ( J = 3 ) ⟩			Table S9 : Prefactors ⟨ u P ( J ) ⟩ × 10 5 and Δ F [ Hartree ] obtained from the simulation of Z ( 12 ) ( J ) / Z ( 12 ) ∗ ( J ) for various simulation parameters.
2604.12638	56	-0.4283	0.0001	0.2	⟨ u ( 12 ) ∗ ( J = 4 ) ⟩			Table S9 : Prefactors ⟨ u P ( J ) ⟩ × 10 5 and Δ F [ Hartree ] obtained from the simulation of Z ( 12 ) ( J ) / Z ( 12 ) ∗ ( J ) for various simulation parameters.
2604.21978	0	-0.7447		Ref. [ 11 ]	Energy	8x8	Hubbard	Table 1: Ground-state energy and variance per site for different variational states of the Hubbard model [see Eq. 1 ] on an 8 × 8 cluster with PBC, at U = 8.0 , t ′ = - 0.2 , and doping δ = 1 / 8 . For each ansatz , we report results obtained without symmetry projection ( - ), with translational symmetry ( T ), and with both translational and rotational symmetries ( T + R ) restored. The relative error (last column) is defined as Δ ε = | E θ - E 0 | / | E 0 | , with E θ the variational energy per site and E 0 = - 0.7540 ( 1 ) is obtained from zero-variance extrapolation (refer to Section .3 of the Appendix for additional details). The fully symmetrized Pfaffian is highlighted in bold, as it 
2604.21978	0	-0.74512	0.00001	Det	Energy	8x8	Hubbard	Table 1: Ground-state energy and variance per site for different variational states of the Hubbard model [see Eq. 1 ] on an 8 × 8 cluster with PBC, at U = 8.0 , t ′ = - 0.2 , and doping δ = 1 / 8 . For each ansatz , we report results obtained without symmetry projection ( - ), with translational symmetry ( T ), and with both translational and rotational symmetries ( T + R ) restored. The relative error (last column) is defined as Δ ε = | E θ - E 0 | / | E 0 | , with E θ the variational energy per site and E 0 = - 0.7540 ( 1 ) is obtained from zero-variance extrapolation (refer to Section .3 of the Appendix for additional details). The fully symmetrized Pfaffian is highlighted in bold, as it 
2604.21978	0	-0.74834	0.00001	T	Symm	8x8	Hubbard	Table 1: Ground-state energy and variance per site for different variational states of the Hubbard model [see Eq. 1 ] on an 8 × 8 cluster with PBC, at U = 8.0 , t ′ = - 0.2 , and doping δ = 1 / 8 . For each ansatz , we report results obtained without symmetry projection ( - ), with translational symmetry ( T ), and with both translational and rotational symmetries ( T + R ) restored. The relative error (last column) is defined as Δ ε = | E θ - E 0 | / | E 0 | , with E θ the variational energy per site and E 0 = - 0.7540 ( 1 ) is obtained from zero-variance extrapolation (refer to Section .3 of the Appendix for additional details). The fully symmetrized Pfaffian is highlighted in bold, as it 
2604.21978	0	0.0081		T	Variance	8x8	Hubbard	Table 1: Ground-state energy and variance per site for different variational states of the Hubbard model [see Eq. 1 ] on an 8 × 8 cluster with PBC, at U = 8.0 , t ′ = - 0.2 , and doping δ = 1 / 8 . For each ansatz , we report results obtained without symmetry projection ( - ), with translational symmetry ( T ), and with both translational and rotational symmetries ( T + R ) restored. The relative error (last column) is defined as Δ ε = | E θ - E 0 | / | E 0 | , with E θ the variational energy per site and E 0 = - 0.7540 ( 1 ) is obtained from zero-variance extrapolation (refer to Section .3 of the Appendix for additional details). The fully symmetrized Pfaffian is highlighted in bold, as it 
2604.21978	0	-0.74993	0.00001	T + R	Symm	8x8	Hubbard	Table 1: Ground-state energy and variance per site for different variational states of the Hubbard model [see Eq. 1 ] on an 8 × 8 cluster with PBC, at U = 8.0 , t ′ = - 0.2 , and doping δ = 1 / 8 . For each ansatz , we report results obtained without symmetry projection ( - ), with translational symmetry ( T ), and with both translational and rotational symmetries ( T + R ) restored. The relative error (last column) is defined as Δ ε = | E θ - E 0 | / | E 0 | , with E θ the variational energy per site and E 0 = - 0.7540 ( 1 ) is obtained from zero-variance extrapolation (refer to Section .3 of the Appendix for additional details). The fully symmetrized Pfaffian is highlighted in bold, as it 
2604.21978	0	0.0056		T + R	Variance	8x8	Hubbard	Table 1: Ground-state energy and variance per site for different variational states of the Hubbard model [see Eq. 1 ] on an 8 × 8 cluster with PBC, at U = 8.0 , t ′ = - 0.2 , and doping δ = 1 / 8 . For each ansatz , we report results obtained without symmetry projection ( - ), with translational symmetry ( T ), and with both translational and rotational symmetries ( T + R ) restored. The relative error (last column) is defined as Δ ε = | E θ - E 0 | / | E 0 | , with E θ the variational energy per site and E 0 = - 0.7540 ( 1 ) is obtained from zero-variance extrapolation (refer to Section .3 of the Appendix for additional details). The fully symmetrized Pfaffian is highlighted in bold, as it 
2604.21978	0	-0.74649	0.00001	Det-PH	Energy	8x8	Hubbard	Table 1: Ground-state energy and variance per site for different variational states of the Hubbard model [see Eq. 1 ] on an 8 × 8 cluster with PBC, at U = 8.0 , t ′ = - 0.2 , and doping δ = 1 / 8 . For each ansatz , we report results obtained without symmetry projection ( - ), with translational symmetry ( T ), and with both translational and rotational symmetries ( T + R ) restored. The relative error (last column) is defined as Δ ε = | E θ - E 0 | / | E 0 | , with E θ the variational energy per site and E 0 = - 0.7540 ( 1 ) is obtained from zero-variance extrapolation (refer to Section .3 of the Appendix for additional details). The fully symmetrized Pfaffian is highlighted in bold, as it 
2604.21978	0	-0.74934	0.00001	T	Symm	8x8	Hubbard	Table 1: Ground-state energy and variance per site for different variational states of the Hubbard model [see Eq. 1 ] on an 8 × 8 cluster with PBC, at U = 8.0 , t ′ = - 0.2 , and doping δ = 1 / 8 . For each ansatz , we report results obtained without symmetry projection ( - ), with translational symmetry ( T ), and with both translational and rotational symmetries ( T + R ) restored. The relative error (last column) is defined as Δ ε = | E θ - E 0 | / | E 0 | , with E θ the variational energy per site and E 0 = - 0.7540 ( 1 ) is obtained from zero-variance extrapolation (refer to Section .3 of the Appendix for additional details). The fully symmetrized Pfaffian is highlighted in bold, as it 
2604.21978	0	0.0062		T	Variance	8x8	Hubbard	Table 1: Ground-state energy and variance per site for different variational states of the Hubbard model [see Eq. 1 ] on an 8 × 8 cluster with PBC, at U = 8.0 , t ′ = - 0.2 , and doping δ = 1 / 8 . For each ansatz , we report results obtained without symmetry projection ( - ), with translational symmetry ( T ), and with both translational and rotational symmetries ( T + R ) restored. The relative error (last column) is defined as Δ ε = | E θ - E 0 | / | E 0 | , with E θ the variational energy per site and E 0 = - 0.7540 ( 1 ) is obtained from zero-variance extrapolation (refer to Section .3 of the Appendix for additional details). The fully symmetrized Pfaffian is highlighted in bold, as it 
2604.21978	0	-0.75026	0.00001	T + R	Symm	8x8	Hubbard	Table 1: Ground-state energy and variance per site for different variational states of the Hubbard model [see Eq. 1 ] on an 8 × 8 cluster with PBC, at U = 8.0 , t ′ = - 0.2 , and doping δ = 1 / 8 . For each ansatz , we report results obtained without symmetry projection ( - ), with translational symmetry ( T ), and with both translational and rotational symmetries ( T + R ) restored. The relative error (last column) is defined as Δ ε = | E θ - E 0 | / | E 0 | , with E θ the variational energy per site and E 0 = - 0.7540 ( 1 ) is obtained from zero-variance extrapolation (refer to Section .3 of the Appendix for additional details). The fully symmetrized Pfaffian is highlighted in bold, as it 
2604.21978	0	-0.74705	0.00001	Pfaffian	Energy	8x8	Hubbard	Table 1: Ground-state energy and variance per site for different variational states of the Hubbard model [see Eq. 1 ] on an 8 × 8 cluster with PBC, at U = 8.0 , t ′ = - 0.2 , and doping δ = 1 / 8 . For each ansatz , we report results obtained without symmetry projection ( - ), with translational symmetry ( T ), and with both translational and rotational symmetries ( T + R ) restored. The relative error (last column) is defined as Δ ε = | E θ - E 0 | / | E 0 | , with E θ the variational energy per site and E 0 = - 0.7540 ( 1 ) is obtained from zero-variance extrapolation (refer to Section .3 of the Appendix for additional details). The fully symmetrized Pfaffian is highlighted in bold, as it 
2604.21978	0	0.0092		Pfaffian	Rel. Error	8x8	Hubbard	Table 1: Ground-state energy and variance per site for different variational states of the Hubbard model [see Eq. 1 ] on an 8 × 8 cluster with PBC, at U = 8.0 , t ′ = - 0.2 , and doping δ = 1 / 8 . For each ansatz , we report results obtained without symmetry projection ( - ), with translational symmetry ( T ), and with both translational and rotational symmetries ( T + R ) restored. The relative error (last column) is defined as Δ ε = | E θ - E 0 | / | E 0 | , with E θ the variational energy per site and E 0 = - 0.7540 ( 1 ) is obtained from zero-variance extrapolation (refer to Section .3 of the Appendix for additional details). The fully symmetrized Pfaffian is highlighted in bold, as it 
2604.21978	0	-0.74952	0.00001	T	Symm	8x8	Hubbard	Table 1: Ground-state energy and variance per site for different variational states of the Hubbard model [see Eq. 1 ] on an 8 × 8 cluster with PBC, at U = 8.0 , t ′ = - 0.2 , and doping δ = 1 / 8 . For each ansatz , we report results obtained without symmetry projection ( - ), with translational symmetry ( T ), and with both translational and rotational symmetries ( T + R ) restored. The relative error (last column) is defined as Δ ε = | E θ - E 0 | / | E 0 | , with E θ the variational energy per site and E 0 = - 0.7540 ( 1 ) is obtained from zero-variance extrapolation (refer to Section .3 of the Appendix for additional details). The fully symmetrized Pfaffian is highlighted in bold, as it 
2604.21978	0	0.0059		T	Variance	8x8	Hubbard	Table 1: Ground-state energy and variance per site for different variational states of the Hubbard model [see Eq. 1 ] on an 8 × 8 cluster with PBC, at U = 8.0 , t ′ = - 0.2 , and doping δ = 1 / 8 . For each ansatz , we report results obtained without symmetry projection ( - ), with translational symmetry ( T ), and with both translational and rotational symmetries ( T + R ) restored. The relative error (last column) is defined as Δ ε = | E θ - E 0 | / | E 0 | , with E θ the variational energy per site and E 0 = - 0.7540 ( 1 ) is obtained from zero-variance extrapolation (refer to Section .3 of the Appendix for additional details). The fully symmetrized Pfaffian is highlighted in bold, as it 
2604.21978	0	-0.75058	0.00001	T + R	Symm	8x8	Hubbard	Table 1: Ground-state energy and variance per site for different variational states of the Hubbard model [see Eq. 1 ] on an 8 × 8 cluster with PBC, at U = 8.0 , t ′ = - 0.2 , and doping δ = 1 / 8 . For each ansatz , we report results obtained without symmetry projection ( - ), with translational symmetry ( T ), and with both translational and rotational symmetries ( T + R ) restored. The relative error (last column) is defined as Δ ε = | E θ - E 0 | / | E 0 | , with E θ the variational energy per site and E 0 = - 0.7540 ( 1 ) is obtained from zero-variance extrapolation (refer to Section .3 of the Appendix for additional details). The fully symmetrized Pfaffian is highlighted in bold, as it 
2604.21978	0	0.0045		T + R	Variance	8x8	Hubbard	Table 1: Ground-state energy and variance per site for different variational states of the Hubbard model [see Eq. 1 ] on an 8 × 8 cluster with PBC, at U = 8.0 , t ′ = - 0.2 , and doping δ = 1 / 8 . For each ansatz , we report results obtained without symmetry projection ( - ), with translational symmetry ( T ), and with both translational and rotational symmetries ( T + R ) restored. The relative error (last column) is defined as Δ ε = | E θ - E 0 | / | E 0 | , with E θ the variational energy per site and E 0 = - 0.7540 ( 1 ) is obtained from zero-variance extrapolation (refer to Section .3 of the Appendix for additional details). The fully symmetrized Pfaffian is highlighted in bold, as it 
2604.21978	0	-0.754	0.0004	Zero-Var.Extr.	Energy	8x8	Hubbard	Table 1: Ground-state energy and variance per site for different variational states of the Hubbard model [see Eq. 1 ] on an 8 × 8 cluster with PBC, at U = 8.0 , t ′ = - 0.2 , and doping δ = 1 / 8 . For each ansatz , we report results obtained without symmetry projection ( - ), with translational symmetry ( T ), and with both translational and rotational symmetries ( T + R ) restored. The relative error (last column) is defined as Δ ε = | E θ - E 0 | / | E 0 | , with E θ the variational energy per site and E 0 = - 0.7540 ( 1 ) is obtained from zero-variance extrapolation (refer to Section .3 of the Appendix for additional details). The fully symmetrized Pfaffian is highlighted in bold, as it 
2604.21978	1	-3.995	0.0001	Det	Energy	8x8	Hubbard	Table 2: Benchmark table for the pure Hubbard model ( t ′ = 0 ) with attractive interaction U = - 8.0 at hole doping δ = 1 / 8 on an 8 × 8 lattice. We report results obtained without symmetry projection ( - ) and with translational symmetry projection ( T ) for the determinant. The relative error (last column) is defined as Δ ε = | E θ - E DQMC | / | E DQMC | , with E θ the variational energy per site and E DQMC = - 4.017 is the DQMC energy.
2604.21978	1	0.0055		Det	Rel. Error	8x8	Hubbard	Table 2: Benchmark table for the pure Hubbard model ( t ′ = 0 ) with attractive interaction U = - 8.0 at hole doping δ = 1 / 8 on an 8 × 8 lattice. We report results obtained without symmetry projection ( - ) and with translational symmetry projection ( T ) for the determinant. The relative error (last column) is defined as Δ ε = | E θ - E DQMC | / | E DQMC | , with E θ the variational energy per site and E DQMC = - 4.017 is the DQMC energy.
2604.21978	1	-4.0152	0.0001	T	Symm	8x8	Hubbard	Table 2: Benchmark table for the pure Hubbard model ( t ′ = 0 ) with attractive interaction U = - 8.0 at hole doping δ = 1 / 8 on an 8 × 8 lattice. We report results obtained without symmetry projection ( - ) and with translational symmetry projection ( T ) for the determinant. The relative error (last column) is defined as Δ ε = | E θ - E DQMC | / | E DQMC | , with E θ the variational energy per site and E DQMC = - 4.017 is the DQMC energy.
2604.21978	1	0.00044		T	Variance	8x8	Hubbard	Table 2: Benchmark table for the pure Hubbard model ( t ′ = 0 ) with attractive interaction U = - 8.0 at hole doping δ = 1 / 8 on an 8 × 8 lattice. We report results obtained without symmetry projection ( - ) and with translational symmetry projection ( T ) for the determinant. The relative error (last column) is defined as Δ ε = | E θ - E DQMC | / | E DQMC | , with E θ the variational energy per site and E DQMC = - 4.017 is the DQMC energy.
2604.21978	1	-4.0167	0.0001	Det-PH	Energy	8x8	Hubbard	Table 2: Benchmark table for the pure Hubbard model ( t ′ = 0 ) with attractive interaction U = - 8.0 at hole doping δ = 1 / 8 on an 8 × 8 lattice. We report results obtained without symmetry projection ( - ) and with translational symmetry projection ( T ) for the determinant. The relative error (last column) is defined as Δ ε = | E θ - E DQMC | / | E DQMC | , with E θ the variational energy per site and E DQMC = - 4.017 is the DQMC energy.
2604.21978	1	0.0024		Det-PH	Variance	8x8	Hubbard	Table 2: Benchmark table for the pure Hubbard model ( t ′ = 0 ) with attractive interaction U = - 8.0 at hole doping δ = 1 / 8 on an 8 × 8 lattice. We report results obtained without symmetry projection ( - ) and with translational symmetry projection ( T ) for the determinant. The relative error (last column) is defined as Δ ε = | E θ - E DQMC | / | E DQMC | , with E θ the variational energy per site and E DQMC = - 4.017 is the DQMC energy.
2604.21978	1	0.000075		Det-PH	Rel. Error	8x8	Hubbard	Table 2: Benchmark table for the pure Hubbard model ( t ′ = 0 ) with attractive interaction U = - 8.0 at hole doping δ = 1 / 8 on an 8 × 8 lattice. We report results obtained without symmetry projection ( - ) and with translational symmetry projection ( T ) for the determinant. The relative error (last column) is defined as Δ ε = | E θ - E DQMC | / | E DQMC | , with E θ the variational energy per site and E DQMC = - 4.017 is the DQMC energy.
2604.21978	1	-4.0169	0.0001	Pfaffian	Energy	8x8	Hubbard	Table 2: Benchmark table for the pure Hubbard model ( t ′ = 0 ) with attractive interaction U = - 8.0 at hole doping δ = 1 / 8 on an 8 × 8 lattice. We report results obtained without symmetry projection ( - ) and with translational symmetry projection ( T ) for the determinant. The relative error (last column) is defined as Δ ε = | E θ - E DQMC | / | E DQMC | , with E θ the variational energy per site and E DQMC = - 4.017 is the DQMC energy.
2604.21978	1	0.0014		Pfaffian	Variance	8x8	Hubbard	Table 2: Benchmark table for the pure Hubbard model ( t ′ = 0 ) with attractive interaction U = - 8.0 at hole doping δ = 1 / 8 on an 8 × 8 lattice. We report results obtained without symmetry projection ( - ) and with translational symmetry projection ( T ) for the determinant. The relative error (last column) is defined as Δ ε = | E θ - E DQMC | / | E DQMC | , with E θ the variational energy per site and E DQMC = - 4.017 is the DQMC energy.
2604.21978	1	0.000024		Pfaffian	Rel. Error	8x8	Hubbard	Table 2: Benchmark table for the pure Hubbard model ( t ′ = 0 ) with attractive interaction U = - 8.0 at hole doping δ = 1 / 8 on an 8 × 8 lattice. We report results obtained without symmetry projection ( - ) and with translational symmetry projection ( T ) for the determinant. The relative error (last column) is defined as Δ ε = | E θ - E DQMC | / | E DQMC | , with E θ the variational energy per site and E DQMC = - 4.017 is the DQMC energy.
2604.21978	2	0.0177	0.0001	Det	d -wave Δ SC	8x8	Hubbard	Table 3: Stripe ( M str 2 ) and d -wave superconducting ( Δ SC ) order parameters for the 8 × 8 Hubbard model with PBC at U = 8.0 , t ′ = - 0.2 , and δ = 1 / 8 , after restoring both translational and rotational symmetries. Values are readings from Fig. 2 . The definitions of the order parameters are given in the main text.
2604.21978	2	0.0272	0.0001	Det	Stripe M str 2	8x8	Hubbard	Table 3: Stripe ( M str 2 ) and d -wave superconducting ( Δ SC ) order parameters for the 8 × 8 Hubbard model with PBC at U = 8.0 , t ′ = - 0.2 , and δ = 1 / 8 , after restoring both translational and rotational symmetries. Values are readings from Fig. 2 . The definitions of the order parameters are given in the main text.
2604.21978	2	0.0225	0.0002	Pfaffian	d -wave Δ SC	8x8	Hubbard	Table 3: Stripe ( M str 2 ) and d -wave superconducting ( Δ SC ) order parameters for the 8 × 8 Hubbard model with PBC at U = 8.0 , t ′ = - 0.2 , and δ = 1 / 8 , after restoring both translational and rotational symmetries. Values are readings from Fig. 2 . The definitions of the order parameters are given in the main text.
2604.21978	2	0.0263	0.0001	Pfaffian	Stripe M str 2	8x8	Hubbard	Table 3: Stripe ( M str 2 ) and d -wave superconducting ( Δ SC ) order parameters for the 8 × 8 Hubbard model with PBC at U = 8.0 , t ′ = - 0.2 , and δ = 1 / 8 , after restoring both translational and rotational symmetries. Values are readings from Fig. 2 . The definitions of the order parameters are given in the main text.
2604.21978	2	0.0254	0.0002	Det-PH	d -wave Δ SC	8x8	Hubbard	Table 3: Stripe ( M str 2 ) and d -wave superconducting ( Δ SC ) order parameters for the 8 × 8 Hubbard model with PBC at U = 8.0 , t ′ = - 0.2 , and δ = 1 / 8 , after restoring both translational and rotational symmetries. Values are readings from Fig. 2 . The definitions of the order parameters are given in the main text.
2604.21978	2	0.0247	0.0001	Det-PH	Stripe M str 2	8x8	Hubbard	Table 3: Stripe ( M str 2 ) and d -wave superconducting ( Δ SC ) order parameters for the 8 × 8 Hubbard model with PBC at U = 8.0 , t ′ = - 0.2 , and δ = 1 / 8 , after restoring both translational and rotational symmetries. Values are readings from Fig. 2 . The definitions of the order parameters are given in the main text.
2604.25775	0	-0.726	0.0002	PEPS [ 23 ]	t ′ = 0 , OBC	16x16	Hubbard	Table 1: Comparison of ground state energy for the 16 × 16 Hubbard model. Our SCALE and SCALE+GFMC are among the most accurate methods, while ACE and ACE+GFMC methods consistently find the lowest variational and projected energies, establishing new state-of-the-art results for this large system. For results where statistical errors are not shown, they are one or several orders of magnitude smaller than the last displayed significant digit.
2604.25775	0	-0.7515	0.0001	HFPS+sym [ 31 ]	t ′ = 0 , PBC	16x16	Hubbard	Table 1: Comparison of ground state energy for the 16 × 16 Hubbard model. Our SCALE and SCALE+GFMC are among the most accurate methods, while ACE and ACE+GFMC methods consistently find the lowest variational and projected energies, establishing new state-of-the-art results for this large system. For results where statistical errors are not shown, they are one or several orders of magnitude smaller than the last displayed significant digit.
2604.25775	0	-0.736	0.0001	HFPS+sym [ 31 ]	t ′ = - 0.2 , PBC	16x16	Hubbard	Table 1: Comparison of ground state energy for the 16 × 16 Hubbard model. Our SCALE and SCALE+GFMC are among the most accurate methods, while ACE and ACE+GFMC methods consistently find the lowest variational and projected energies, establishing new state-of-the-art results for this large system. For results where statistical errors are not shown, they are one or several orders of magnitude smaller than the last displayed significant digit.
2604.25775	0	-0.7219		Tensor-Backflow [ 21 ]	t ′ = 0 , OBC	16x16	Hubbard	Table 1: Comparison of ground state energy for the 16 × 16 Hubbard model. Our SCALE and SCALE+GFMC are among the most accurate methods, while ACE and ACE+GFMC methods consistently find the lowest variational and projected energies, establishing new state-of-the-art results for this large system. For results where statistical errors are not shown, they are one or several orders of magnitude smaller than the last displayed significant digit.
2604.25775	0	-0.7509		Tensor-Backflow [ 21 ]	t ′ = 0 , PBC	16x16	Hubbard	Table 1: Comparison of ground state energy for the 16 × 16 Hubbard model. Our SCALE and SCALE+GFMC are among the most accurate methods, while ACE and ACE+GFMC methods consistently find the lowest variational and projected energies, establishing new state-of-the-art results for this large system. For results where statistical errors are not shown, they are one or several orders of magnitude smaller than the last displayed significant digit.
2604.25775	0	-0.7335		Tensor-Backflow [ 21 ]	t ′ = - 0.2 , PBC	16x16	Hubbard	Table 1: Comparison of ground state energy for the 16 × 16 Hubbard model. Our SCALE and SCALE+GFMC are among the most accurate methods, while ACE and ACE+GFMC methods consistently find the lowest variational and projected energies, establishing new state-of-the-art results for this large system. For results where statistical errors are not shown, they are one or several orders of magnitude smaller than the last displayed significant digit.
2604.25775	0	-0.7257		Tensor-Backflow+Lanczos [ 21 ]	t ′ = 0 , OBC	16x16	Hubbard	Table 1: Comparison of ground state energy for the 16 × 16 Hubbard model. Our SCALE and SCALE+GFMC are among the most accurate methods, while ACE and ACE+GFMC methods consistently find the lowest variational and projected energies, establishing new state-of-the-art results for this large system. For results where statistical errors are not shown, they are one or several orders of magnitude smaller than the last displayed significant digit.
2604.25775	0	-0.7552		Tensor-Backflow+Lanczos [ 21 ]	t ′ = 0 , PBC	16x16	Hubbard	Table 1: Comparison of ground state energy for the 16 × 16 Hubbard model. Our SCALE and SCALE+GFMC are among the most accurate methods, while ACE and ACE+GFMC methods consistently find the lowest variational and projected energies, establishing new state-of-the-art results for this large system. For results where statistical errors are not shown, they are one or several orders of magnitude smaller than the last displayed significant digit.
2604.25775	0	-0.7386		Tensor-Backflow+Lanczos [ 21 ]	t ′ = - 0.2 , PBC	16x16	Hubbard	Table 1: Comparison of ground state energy for the 16 × 16 Hubbard model. Our SCALE and SCALE+GFMC are among the most accurate methods, while ACE and ACE+GFMC methods consistently find the lowest variational and projected energies, establishing new state-of-the-art results for this large system. For results where statistical errors are not shown, they are one or several orders of magnitude smaller than the last displayed significant digit.
2604.25775	0	-0.7275		Transformer [ 13 ]	t ′ = 0 , OBC	16x16	Hubbard	Table 1: Comparison of ground state energy for the 16 × 16 Hubbard model. Our SCALE and SCALE+GFMC are among the most accurate methods, while ACE and ACE+GFMC methods consistently find the lowest variational and projected energies, establishing new state-of-the-art results for this large system. For results where statistical errors are not shown, they are one or several orders of magnitude smaller than the last displayed significant digit.
2604.25775	0	-0.7563		Transformer [ 13 ]	t ′ = 0 , PBC	16x16	Hubbard	Table 1: Comparison of ground state energy for the 16 × 16 Hubbard model. Our SCALE and SCALE+GFMC are among the most accurate methods, while ACE and ACE+GFMC methods consistently find the lowest variational and projected energies, establishing new state-of-the-art results for this large system. For results where statistical errors are not shown, they are one or several orders of magnitude smaller than the last displayed significant digit.
2604.25775	0	-0.7236		SCALE	t ′ = 0 , OBC	16x16	Hubbard	Table 1: Comparison of ground state energy for the 16 × 16 Hubbard model. Our SCALE and SCALE+GFMC are among the most accurate methods, while ACE and ACE+GFMC methods consistently find the lowest variational and projected energies, establishing new state-of-the-art results for this large system. For results where statistical errors are not shown, they are one or several orders of magnitude smaller than the last displayed significant digit.
2604.25775	0	-0.7529		SCALE	t ′ = 0 , PBC	16x16	Hubbard	Table 1: Comparison of ground state energy for the 16 × 16 Hubbard model. Our SCALE and SCALE+GFMC are among the most accurate methods, while ACE and ACE+GFMC methods consistently find the lowest variational and projected energies, establishing new state-of-the-art results for this large system. For results where statistical errors are not shown, they are one or several orders of magnitude smaller than the last displayed significant digit.
2604.25775	0	-0.7373		SCALE	t ′ = - 0.2 , PBC	16x16	Hubbard	Table 1: Comparison of ground state energy for the 16 × 16 Hubbard model. Our SCALE and SCALE+GFMC are among the most accurate methods, while ACE and ACE+GFMC methods consistently find the lowest variational and projected energies, establishing new state-of-the-art results for this large system. For results where statistical errors are not shown, they are one or several orders of magnitude smaller than the last displayed significant digit.
2604.25775	0	-0.7267		SCALE+GFMC	t ′ = 0 , OBC	16x16	Hubbard	Table 1: Comparison of ground state energy for the 16 × 16 Hubbard model. Our SCALE and SCALE+GFMC are among the most accurate methods, while ACE and ACE+GFMC methods consistently find the lowest variational and projected energies, establishing new state-of-the-art results for this large system. For results where statistical errors are not shown, they are one or several orders of magnitude smaller than the last displayed significant digit.
2604.25775	0	-0.756		SCALE+GFMC	t ′ = 0 , PBC	16x16	Hubbard	Table 1: Comparison of ground state energy for the 16 × 16 Hubbard model. Our SCALE and SCALE+GFMC are among the most accurate methods, while ACE and ACE+GFMC methods consistently find the lowest variational and projected energies, establishing new state-of-the-art results for this large system. For results where statistical errors are not shown, they are one or several orders of magnitude smaller than the last displayed significant digit.
2604.25775	0	-0.7405		SCALE+GFMC	t ′ = - 0.2 , PBC	16x16	Hubbard	Table 1: Comparison of ground state energy for the 16 × 16 Hubbard model. Our SCALE and SCALE+GFMC are among the most accurate methods, while ACE and ACE+GFMC methods consistently find the lowest variational and projected energies, establishing new state-of-the-art results for this large system. For results where statistical errors are not shown, they are one or several orders of magnitude smaller than the last displayed significant digit.
2604.25775	0	-0.728		ACE	t ′ = 0 , OBC	16x16	Hubbard	Table 1: Comparison of ground state energy for the 16 × 16 Hubbard model. Our SCALE and SCALE+GFMC are among the most accurate methods, while ACE and ACE+GFMC methods consistently find the lowest variational and projected energies, establishing new state-of-the-art results for this large system. For results where statistical errors are not shown, they are one or several orders of magnitude smaller than the last displayed significant digit.
2604.25775	0	-0.7573		ACE	t ′ = 0 , PBC	16x16	Hubbard	Table 1: Comparison of ground state energy for the 16 × 16 Hubbard model. Our SCALE and SCALE+GFMC are among the most accurate methods, while ACE and ACE+GFMC methods consistently find the lowest variational and projected energies, establishing new state-of-the-art results for this large system. For results where statistical errors are not shown, they are one or several orders of magnitude smaller than the last displayed significant digit.
2604.25775	0	-0.743		ACE	t ′ = - 0.2 , PBC	16x16	Hubbard	Table 1: Comparison of ground state energy for the 16 × 16 Hubbard model. Our SCALE and SCALE+GFMC are among the most accurate methods, while ACE and ACE+GFMC methods consistently find the lowest variational and projected energies, establishing new state-of-the-art results for this large system. For results where statistical errors are not shown, they are one or several orders of magnitude smaller than the last displayed significant digit.
2604.25775	0	-0.7288		ACE+GFMC	t ′ = 0 , OBC	16x16	Hubbard	Table 1: Comparison of ground state energy for the 16 × 16 Hubbard model. Our SCALE and SCALE+GFMC are among the most accurate methods, while ACE and ACE+GFMC methods consistently find the lowest variational and projected energies, establishing new state-of-the-art results for this large system. For results where statistical errors are not shown, they are one or several orders of magnitude smaller than the last displayed significant digit.
2604.25775	0	-0.7583		ACE+GFMC	t ′ = 0 , PBC	16x16	Hubbard	Table 1: Comparison of ground state energy for the 16 × 16 Hubbard model. Our SCALE and SCALE+GFMC are among the most accurate methods, while ACE and ACE+GFMC methods consistently find the lowest variational and projected energies, establishing new state-of-the-art results for this large system. For results where statistical errors are not shown, they are one or several orders of magnitude smaller than the last displayed significant digit.
2604.25775	0	-0.744		ACE+GFMC	t ′ = - 0.2 , PBC	16x16	Hubbard	Table 1: Comparison of ground state energy for the 16 × 16 Hubbard model. Our SCALE and SCALE+GFMC are among the most accurate methods, while ACE and ACE+GFMC methods consistently find the lowest variational and projected energies, establishing new state-of-the-art results for this large system. For results where statistical errors are not shown, they are one or several orders of magnitude smaller than the last displayed significant digit.
2604.25775	1	-0.7507		SCALE,hori	t ′ = 0 , Filled Stripe ( λ = 8 )	32x16	Hubbard	Table 2: Energy of horizontal versus vertical stripes on the 32 × 16 Hubbard model with PBC. The two systems shown are a filled stripe at t ′ = 0 and a half-filled stripe at t ′ = - 0.2 . The results from both SCALE and SCALE+GFMC show a clear energy preference for the horizontal stripe in the half-filled case, while there is no significant difference between the horizontal and vertical stripe energies within our accuracy for the filled stripe case with t ′ = 0 .
2604.25775	1	-0.7371		SCALE,hori	t ′ = - 0.2 , Half-Filled Stripe ( λ = 4 )	32x16	Hubbard	Table 2: Energy of horizontal versus vertical stripes on the 32 × 16 Hubbard model with PBC. The two systems shown are a filled stripe at t ′ = 0 and a half-filled stripe at t ′ = - 0.2 . The results from both SCALE and SCALE+GFMC show a clear energy preference for the horizontal stripe in the half-filled case, while there is no significant difference between the horizontal and vertical stripe energies within our accuracy for the filled stripe case with t ′ = 0 .
2604.25775	1	-0.7507		SCALE,vert	t ′ = 0 , Filled Stripe ( λ = 8 )	32x16	Hubbard	Table 2: Energy of horizontal versus vertical stripes on the 32 × 16 Hubbard model with PBC. The two systems shown are a filled stripe at t ′ = 0 and a half-filled stripe at t ′ = - 0.2 . The results from both SCALE and SCALE+GFMC show a clear energy preference for the horizontal stripe in the half-filled case, while there is no significant difference between the horizontal and vertical stripe energies within our accuracy for the filled stripe case with t ′ = 0 .
2604.25775	1	-0.7359		SCALE,vert	t ′ = - 0.2 , Half-Filled Stripe ( λ = 4 )	32x16	Hubbard	Table 2: Energy of horizontal versus vertical stripes on the 32 × 16 Hubbard model with PBC. The two systems shown are a filled stripe at t ′ = 0 and a half-filled stripe at t ′ = - 0.2 . The results from both SCALE and SCALE+GFMC show a clear energy preference for the horizontal stripe in the half-filled case, while there is no significant difference between the horizontal and vertical stripe energies within our accuracy for the filled stripe case with t ′ = 0 .
2604.25775	1	-0.7546		SCALE+GFMC,hori	t ′ = 0 , Filled Stripe ( λ = 8 )	32x16	Hubbard	Table 2: Energy of horizontal versus vertical stripes on the 32 × 16 Hubbard model with PBC. The two systems shown are a filled stripe at t ′ = 0 and a half-filled stripe at t ′ = - 0.2 . The results from both SCALE and SCALE+GFMC show a clear energy preference for the horizontal stripe in the half-filled case, while there is no significant difference between the horizontal and vertical stripe energies within our accuracy for the filled stripe case with t ′ = 0 .
2604.25775	1	-0.7406		SCALE+GFMC,hori	t ′ = - 0.2 , Half-Filled Stripe ( λ = 4 )	32x16	Hubbard	Table 2: Energy of horizontal versus vertical stripes on the 32 × 16 Hubbard model with PBC. The two systems shown are a filled stripe at t ′ = 0 and a half-filled stripe at t ′ = - 0.2 . The results from both SCALE and SCALE+GFMC show a clear energy preference for the horizontal stripe in the half-filled case, while there is no significant difference between the horizontal and vertical stripe energies within our accuracy for the filled stripe case with t ′ = 0 .
2604.25775	1	-0.7547		SCALE+GFMC,vert	t ′ = 0 , Filled Stripe ( λ = 8 )	32x16	Hubbard	Table 2: Energy of horizontal versus vertical stripes on the 32 × 16 Hubbard model with PBC. The two systems shown are a filled stripe at t ′ = 0 and a half-filled stripe at t ′ = - 0.2 . The results from both SCALE and SCALE+GFMC show a clear energy preference for the horizontal stripe in the half-filled case, while there is no significant difference between the horizontal and vertical stripe energies within our accuracy for the filled stripe case with t ′ = 0 .
2604.25775	1	-0.7397		SCALE+GFMC,vert	t ′ = - 0.2 , Half-Filled Stripe ( λ = 4 )	32x16	Hubbard	Table 2: Energy of horizontal versus vertical stripes on the 32 × 16 Hubbard model with PBC. The two systems shown are a filled stripe at t ′ = 0 and a half-filled stripe at t ′ = - 0.2 . The results from both SCALE and SCALE+GFMC show a clear energy preference for the horizontal stripe in the half-filled case, while there is no significant difference between the horizontal and vertical stripe energies within our accuracy for the filled stripe case with t ′ = 0 .
2604.25775	2	-0.5071		DMRG	32 × 4	32x4		Table 3: The comparison of energies for t - J model with J / t = 1 / 3 , t ′ / t = 0.2 , h m = 0.5 at 1 / 8 doping. For wider cylinders, SCALE and ACE achieve comparable and lower energies to DMRG with bond dimension D = 30000 [ 36 ] .
2604.25775	2	-0.4994		DMRG	32 × 6	32x6		Table 3: The comparison of energies for t - J model with J / t = 1 / 3 , t ′ / t = 0.2 , h m = 0.5 at 1 / 8 doping. For wider cylinders, SCALE and ACE achieve comparable and lower energies to DMRG with bond dimension D = 30000 [ 36 ] .
2604.25775	2	-0.5		DMRG	16 × 8	16x8		Table 3: The comparison of energies for t - J model with J / t = 1 / 3 , t ′ / t = 0.2 , h m = 0.5 at 1 / 8 doping. For wider cylinders, SCALE and ACE achieve comparable and lower energies to DMRG with bond dimension D = 30000 [ 36 ] .
2604.25775	2	-0.4961		DMRG	16 × 10	16x10		Table 3: The comparison of energies for t - J model with J / t = 1 / 3 , t ′ / t = 0.2 , h m = 0.5 at 1 / 8 doping. For wider cylinders, SCALE and ACE achieve comparable and lower energies to DMRG with bond dimension D = 30000 [ 36 ] .
2604.25775	2	-0.5025		SCALE	32 × 4	32x4		Table 3: The comparison of energies for t - J model with J / t = 1 / 3 , t ′ / t = 0.2 , h m = 0.5 at 1 / 8 doping. For wider cylinders, SCALE and ACE achieve comparable and lower energies to DMRG with bond dimension D = 30000 [ 36 ] .
2604.25775	2	-0.4926		SCALE	32 × 6	32x6		Table 3: The comparison of energies for t - J model with J / t = 1 / 3 , t ′ / t = 0.2 , h m = 0.5 at 1 / 8 doping. For wider cylinders, SCALE and ACE achieve comparable and lower energies to DMRG with bond dimension D = 30000 [ 36 ] .
2604.25775	2	-0.4974		SCALE	16 × 8	16x8		Table 3: The comparison of energies for t - J model with J / t = 1 / 3 , t ′ / t = 0.2 , h m = 0.5 at 1 / 8 doping. For wider cylinders, SCALE and ACE achieve comparable and lower energies to DMRG with bond dimension D = 30000 [ 36 ] .
2604.25775	2	-0.4974		SCALE	16 × 10	16x10		Table 3: The comparison of energies for t - J model with J / t = 1 / 3 , t ′ / t = 0.2 , h m = 0.5 at 1 / 8 doping. For wider cylinders, SCALE and ACE achieve comparable and lower energies to DMRG with bond dimension D = 30000 [ 36 ] .
2604.25775	2	-0.5044		SCALE+GFMC	32 × 4	32x4		Table 3: The comparison of energies for t - J model with J / t = 1 / 3 , t ′ / t = 0.2 , h m = 0.5 at 1 / 8 doping. For wider cylinders, SCALE and ACE achieve comparable and lower energies to DMRG with bond dimension D = 30000 [ 36 ] .
2604.25775	2	-0.4942		SCALE+GFMC	32 × 6	32x6		Table 3: The comparison of energies for t - J model with J / t = 1 / 3 , t ′ / t = 0.2 , h m = 0.5 at 1 / 8 doping. For wider cylinders, SCALE and ACE achieve comparable and lower energies to DMRG with bond dimension D = 30000 [ 36 ] .
2604.25775	2	-0.4986		SCALE+GFMC	16 × 8	16x8		Table 3: The comparison of energies for t - J model with J / t = 1 / 3 , t ′ / t = 0.2 , h m = 0.5 at 1 / 8 doping. For wider cylinders, SCALE and ACE achieve comparable and lower energies to DMRG with bond dimension D = 30000 [ 36 ] .
2604.25775	2	-0.4985		SCALE+GFMC	16 × 10	16x10		Table 3: The comparison of energies for t - J model with J / t = 1 / 3 , t ′ / t = 0.2 , h m = 0.5 at 1 / 8 doping. For wider cylinders, SCALE and ACE achieve comparable and lower energies to DMRG with bond dimension D = 30000 [ 36 ] .
2604.25775	2	-0.5066		ACE	32 × 4	32x4		Table 3: The comparison of energies for t - J model with J / t = 1 / 3 , t ′ / t = 0.2 , h m = 0.5 at 1 / 8 doping. For wider cylinders, SCALE and ACE achieve comparable and lower energies to DMRG with bond dimension D = 30000 [ 36 ] .
2604.25775	2	-0.4964		ACE	32 × 6	32x6		Table 3: The comparison of energies for t - J model with J / t = 1 / 3 , t ′ / t = 0.2 , h m = 0.5 at 1 / 8 doping. For wider cylinders, SCALE and ACE achieve comparable and lower energies to DMRG with bond dimension D = 30000 [ 36 ] .
2604.25775	2	-0.5001		ACE	16 × 8	16x8		Table 3: The comparison of energies for t - J model with J / t = 1 / 3 , t ′ / t = 0.2 , h m = 0.5 at 1 / 8 doping. For wider cylinders, SCALE and ACE achieve comparable and lower energies to DMRG with bond dimension D = 30000 [ 36 ] .
2604.25775	2	-0.5001		ACE	16 × 10	16x10		Table 3: The comparison of energies for t - J model with J / t = 1 / 3 , t ′ / t = 0.2 , h m = 0.5 at 1 / 8 doping. For wider cylinders, SCALE and ACE achieve comparable and lower energies to DMRG with bond dimension D = 30000 [ 36 ] .
2604.25775	2	-0.5067		ACE+GFMC	32 × 4	32x4		Table 3: The comparison of energies for t - J model with J / t = 1 / 3 , t ′ / t = 0.2 , h m = 0.5 at 1 / 8 doping. For wider cylinders, SCALE and ACE achieve comparable and lower energies to DMRG with bond dimension D = 30000 [ 36 ] .
2604.25775	2	-0.4967		ACE+GFMC	32 × 6	32x6		Table 3: The comparison of energies for t - J model with J / t = 1 / 3 , t ′ / t = 0.2 , h m = 0.5 at 1 / 8 doping. For wider cylinders, SCALE and ACE achieve comparable and lower energies to DMRG with bond dimension D = 30000 [ 36 ] .
2604.25775	2	-0.5003		ACE+GFMC	16 × 8	16x8		Table 3: The comparison of energies for t - J model with J / t = 1 / 3 , t ′ / t = 0.2 , h m = 0.5 at 1 / 8 doping. For wider cylinders, SCALE and ACE achieve comparable and lower energies to DMRG with bond dimension D = 30000 [ 36 ] .
2604.25775	2	-0.5003		ACE+GFMC	16 × 10	16x10		Table 3: The comparison of energies for t - J model with J / t = 1 / 3 , t ′ / t = 0.2 , h m = 0.5 at 1 / 8 doping. For wider cylinders, SCALE and ACE achieve comparable and lower energies to DMRG with bond dimension D = 30000 [ 36 ] .
2604.25775	3	-2.0343		DQMC	8 × 8 , U = - 2	8x8	Hubbard	Table 4: Comparison of the energies in the attractive Hubbard model. The energies from SCALE and ACE agree perfectly well with DQMC.
2604.25775	3	-2.0416		DQMC	12 × 12 , U = - 2	12x12	Hubbard	Table 4: Comparison of the energies in the attractive Hubbard model. The energies from SCALE and ACE agree perfectly well with DQMC.
2604.25775	3	-2.0337		SCALE	8 × 8 , U = - 2	8x8	Hubbard	Table 4: Comparison of the energies in the attractive Hubbard model. The energies from SCALE and ACE agree perfectly well with DQMC.
2604.25775	3	-4.0161		SCALE	8 × 8 , U = - 8	8x8	Hubbard	Table 4: Comparison of the energies in the attractive Hubbard model. The energies from SCALE and ACE agree perfectly well with DQMC.
2604.25775	3	-2.0404		SCALE	12 × 12 , U = - 2	12x12	Hubbard	Table 4: Comparison of the energies in the attractive Hubbard model. The energies from SCALE and ACE agree perfectly well with DQMC.
2604.25775	3	-4.0141		SCALE	12 × 12 , U = - 8	12x12	Hubbard	Table 4: Comparison of the energies in the attractive Hubbard model. The energies from SCALE and ACE agree perfectly well with DQMC.
2604.25775	3	-2.0338		SCALE+GFMC	8 × 8 , U = - 2	8x8	Hubbard	Table 4: Comparison of the energies in the attractive Hubbard model. The energies from SCALE and ACE agree perfectly well with DQMC.
2604.25775	3	-4.0167		SCALE+GFMC	8 × 8 , U = - 8	8x8	Hubbard	Table 4: Comparison of the energies in the attractive Hubbard model. The energies from SCALE and ACE agree perfectly well with DQMC.
2604.25775	3	-2.0406		SCALE+GFMC	12 × 12 , U = - 2	12x12	Hubbard	Table 4: Comparison of the energies in the attractive Hubbard model. The energies from SCALE and ACE agree perfectly well with DQMC.
2604.25775	3	-4.0158		SCALE+GFMC	12 × 12 , U = - 8	12x12	Hubbard	Table 4: Comparison of the energies in the attractive Hubbard model. The energies from SCALE and ACE agree perfectly well with DQMC.
2604.25775	3	-2.0338		ACE	8 × 8 , U = - 2	8x8	Hubbard	Table 4: Comparison of the energies in the attractive Hubbard model. The energies from SCALE and ACE agree perfectly well with DQMC.
2604.25775	3	-4.0165		ACE	8 × 8 , U = - 8	8x8	Hubbard	Table 4: Comparison of the energies in the attractive Hubbard model. The energies from SCALE and ACE agree perfectly well with DQMC.
2604.25775	3	-2.0405		ACE	12 × 12 , U = - 2	12x12	Hubbard	Table 4: Comparison of the energies in the attractive Hubbard model. The energies from SCALE and ACE agree perfectly well with DQMC.
2604.25775	3	-4.0159		ACE	12 × 12 , U = - 8	12x12	Hubbard	Table 4: Comparison of the energies in the attractive Hubbard model. The energies from SCALE and ACE agree perfectly well with DQMC.
2604.25775	3	-2.0339		ACE+GFMC	8 × 8 , U = - 2	8x8	Hubbard	Table 4: Comparison of the energies in the attractive Hubbard model. The energies from SCALE and ACE agree perfectly well with DQMC.
2604.25775	3	-4.0168		ACE+GFMC	8 × 8 , U = - 8	8x8	Hubbard	Table 4: Comparison of the energies in the attractive Hubbard model. The energies from SCALE and ACE agree perfectly well with DQMC.
2604.25775	3	-2.0407		ACE+GFMC	12 × 12 , U = - 2	12x12	Hubbard	Table 4: Comparison of the energies in the attractive Hubbard model. The energies from SCALE and ACE agree perfectly well with DQMC.
2604.25775	3	-4.0161		ACE+GFMC	12 × 12 , U = - 8	12x12	Hubbard	Table 4: Comparison of the energies in the attractive Hubbard model. The energies from SCALE and ACE agree perfectly well with DQMC.
2605.07685	1	0.1565	0.0012	Hexagonal	χ ⟂ J			Table 2: Spin susceptibility of finite cylinders.
2605.07685	1	0.1512	0.0001	9	χ ⟂ J			Table 2: Spin susceptibility of finite cylinders.
2605.07685	1	0.1646		LSWT	χ ⟂ J			Table 2: Spin susceptibility of finite cylinders.
2605.07685	1	0.112	0.001	Snub square	χ ⟂ J			Table 2: Spin susceptibility of finite cylinders.
2605.07685	1	0.1026	0.001	5	χ ⟂ J			Table 2: Spin susceptibility of finite cylinders.
2605.07685	1	0.1172	0.0014	Trunc. square	χ ⟂ J			Table 2: Spin susceptibility of finite cylinders.
2605.07685	1	0.1202	0.0001	6	χ ⟂ J			Table 2: Spin susceptibility of finite cylinders.
2605.07685	1	0.1301	0.003	Trunc. trihex.	χ ⟂ J			Table 2: Spin susceptibility of finite cylinders.
2605.07685	1	0.1588		LSWT	χ ⟂ J			Table 2: Spin susceptibility of finite cylinders.
2605.07685	2	0.2186	0.0003	Hexagonal	ρ / J			Table 3: Spin stiffness of infinite cylinders.
2605.07685	2	0.2417	0.0001	Trunc. square	ρ / J			Table 3: Spin stiffness of infinite cylinders.
2605.07685	2	0.1764	0.0004	Trunc. trihex.	ρ / J			Table 3: Spin stiffness of infinite cylinders.
2605.13807	0	-1.2160344	3e-7	6	e 1 D L R U ( N )		TFIsing	Table 1: A comparison between 1D LRU energies per site e 1 D L R U ( N ) (with the one-standard error uncertainties on the last digits in parentheses) and the exact 1D TFIM per-site-energies for OBC at h = 1 , following the formula e exact ( N ) = [ 1 - csc ⁡ ( π / ( 2 ( 2 N + 1 ) ) ) ] / N [ 8 ] . The relative error with respect to the exact reference energies is reported in units of 10 - 5 . We also report an extrapolation to the thermodynamic limit by fitting the variational energies to the model e ⁡ ( N ) = e ∞ + a 1 N + a 2 N 2 + a 3 N 3 . The cumulative training time, hereafter, is reported in hh:mm:ss format. We also report our runtimes for training the 1D LRU using a single H100 95 G
2605.13807	0	-1.2160383		6	e exact ( N )		TFIsing	Table 1: A comparison between 1D LRU energies per site e 1 D L R U ( N ) (with the one-standard error uncertainties on the last digits in parentheses) and the exact 1D TFIM per-site-energies for OBC at h = 1 , following the formula e exact ( N ) = [ 1 - csc ⁡ ( π / ( 2 ( 2 N + 1 ) ) ) ] / N [ 8 ] . The relative error with respect to the exact reference energies is reported in units of 10 - 5 . We also report an extrapolation to the thermodynamic limit by fitting the variational energies to the model e ⁡ ( N ) = e ∞ + a 1 N + a 2 N 2 + a 3 N 3 . The cumulative training time, hereafter, is reported in hh:mm:ss format. We also report our runtimes for training the 1D LRU using a single H100 95 G
2605.13807	0	-1.2297437	5e-7	8	e 1 D L R U ( N )		TFIsing	Table 1: A comparison between 1D LRU energies per site e 1 D L R U ( N ) (with the one-standard error uncertainties on the last digits in parentheses) and the exact 1D TFIM per-site-energies for OBC at h = 1 , following the formula e exact ( N ) = [ 1 - csc ⁡ ( π / ( 2 ( 2 N + 1 ) ) ) ] / N [ 8 ] . The relative error with respect to the exact reference energies is reported in units of 10 - 5 . We also report an extrapolation to the thermodynamic limit by fitting the variational energies to the model e ⁡ ( N ) = e ∞ + a 1 N + a 2 N 2 + a 3 N 3 . The cumulative training time, hereafter, is reported in hh:mm:ss format. We also report our runtimes for training the 1D LRU using a single H100 95 G
2605.13807	0	-1.2297439		8	e exact ( N )		TFIsing	Table 1: A comparison between 1D LRU energies per site e 1 D L R U ( N ) (with the one-standard error uncertainties on the last digits in parentheses) and the exact 1D TFIM per-site-energies for OBC at h = 1 , following the formula e exact ( N ) = [ 1 - csc ⁡ ( π / ( 2 ( 2 N + 1 ) ) ) ] / N [ 8 ] . The relative error with respect to the exact reference energies is reported in units of 10 - 5 . We also report an extrapolation to the thermodynamic limit by fitting the variational energies to the model e ⁡ ( N ) = e ∞ + a 1 N + a 2 N 2 + a 3 N 3 . The cumulative training time, hereafter, is reported in hh:mm:ss format. We also report our runtimes for training the 1D LRU using a single H100 95 G
2605.13807	0	-1.2381549	7e-7	10	e 1 D L R U ( N )		TFIsing	Table 1: A comparison between 1D LRU energies per site e 1 D L R U ( N ) (with the one-standard error uncertainties on the last digits in parentheses) and the exact 1D TFIM per-site-energies for OBC at h = 1 , following the formula e exact ( N ) = [ 1 - csc ⁡ ( π / ( 2 ( 2 N + 1 ) ) ) ] / N [ 8 ] . The relative error with respect to the exact reference energies is reported in units of 10 - 5 . We also report an extrapolation to the thermodynamic limit by fitting the variational energies to the model e ⁡ ( N ) = e ∞ + a 1 N + a 2 N 2 + a 3 N 3 . The cumulative training time, hereafter, is reported in hh:mm:ss format. We also report our runtimes for training the 1D LRU using a single H100 95 G
2605.13807	0	-1.238149		10	e exact ( N )		TFIsing	Table 1: A comparison between 1D LRU energies per site e 1 D L R U ( N ) (with the one-standard error uncertainties on the last digits in parentheses) and the exact 1D TFIM per-site-energies for OBC at h = 1 , following the formula e exact ( N ) = [ 1 - csc ⁡ ( π / ( 2 ( 2 N + 1 ) ) ) ] / N [ 8 ] . The relative error with respect to the exact reference energies is reported in units of 10 - 5 . We also report an extrapolation to the thermodynamic limit by fitting the variational energies to the model e ⁡ ( N ) = e ∞ + a 1 N + a 2 N 2 + a 3 N 3 . The cumulative training time, hereafter, is reported in hh:mm:ss format. We also report our runtimes for training the 1D LRU using a single H100 95 G
2605.13807	0	-1.2438271	9e-7	12	e 1 D L R U ( N )		TFIsing	Table 1: A comparison between 1D LRU energies per site e 1 D L R U ( N ) (with the one-standard error uncertainties on the last digits in parentheses) and the exact 1D TFIM per-site-energies for OBC at h = 1 , following the formula e exact ( N ) = [ 1 - csc ⁡ ( π / ( 2 ( 2 N + 1 ) ) ) ] / N [ 8 ] . The relative error with respect to the exact reference energies is reported in units of 10 - 5 . We also report an extrapolation to the thermodynamic limit by fitting the variational energies to the model e ⁡ ( N ) = e ∞ + a 1 N + a 2 N 2 + a 3 N 3 . The cumulative training time, hereafter, is reported in hh:mm:ss format. We also report our runtimes for training the 1D LRU using a single H100 95 G
2605.13807	0	-1.2438309		12	e exact ( N )		TFIsing	Table 1: A comparison between 1D LRU energies per site e 1 D L R U ( N ) (with the one-standard error uncertainties on the last digits in parentheses) and the exact 1D TFIM per-site-energies for OBC at h = 1 , following the formula e exact ( N ) = [ 1 - csc ⁡ ( π / ( 2 ( 2 N + 1 ) ) ) ] / N [ 8 ] . The relative error with respect to the exact reference energies is reported in units of 10 - 5 . We also report an extrapolation to the thermodynamic limit by fitting the variational energies to the model e ⁡ ( N ) = e ∞ + a 1 N + a 2 N 2 + a 3 N 3 . The cumulative training time, hereafter, is reported in hh:mm:ss format. We also report our runtimes for training the 1D LRU using a single H100 95 G
2605.13807	0	-1.251015	0.000001	16	e 1 D L R U ( N )		TFIsing	Table 1: A comparison between 1D LRU energies per site e 1 D L R U ( N ) (with the one-standard error uncertainties on the last digits in parentheses) and the exact 1D TFIM per-site-energies for OBC at h = 1 , following the formula e exact ( N ) = [ 1 - csc ⁡ ( π / ( 2 ( 2 N + 1 ) ) ) ] / N [ 8 ] . The relative error with respect to the exact reference energies is reported in units of 10 - 5 . We also report an extrapolation to the thermodynamic limit by fitting the variational energies to the model e ⁡ ( N ) = e ∞ + a 1 N + a 2 N 2 + a 3 N 3 . The cumulative training time, hereafter, is reported in hh:mm:ss format. We also report our runtimes for training the 1D LRU using a single H100 95 G
2605.13807	0	-1.2510242		16	e exact ( N )		TFIsing	Table 1: A comparison between 1D LRU energies per site e 1 D L R U ( N ) (with the one-standard error uncertainties on the last digits in parentheses) and the exact 1D TFIM per-site-energies for OBC at h = 1 , following the formula e exact ( N ) = [ 1 - csc ⁡ ( π / ( 2 ( 2 N + 1 ) ) ) ] / N [ 8 ] . The relative error with respect to the exact reference energies is reported in units of 10 - 5 . We also report an extrapolation to the thermodynamic limit by fitting the variational energies to the model e ⁡ ( N ) = e ∞ + a 1 N + a 2 N 2 + a 3 N 3 . The cumulative training time, hereafter, is reported in hh:mm:ss format. We also report our runtimes for training the 1D LRU using a single H100 95 G
2605.13807	0	-1.258337	0.000001	24	e 1 D L R U ( N )		TFIsing	Table 1: A comparison between 1D LRU energies per site e 1 D L R U ( N ) (with the one-standard error uncertainties on the last digits in parentheses) and the exact 1D TFIM per-site-energies for OBC at h = 1 , following the formula e exact ( N ) = [ 1 - csc ⁡ ( π / ( 2 ( 2 N + 1 ) ) ) ] / N [ 8 ] . The relative error with respect to the exact reference energies is reported in units of 10 - 5 . We also report an extrapolation to the thermodynamic limit by fitting the variational energies to the model e ⁡ ( N ) = e ∞ + a 1 N + a 2 N 2 + a 3 N 3 . The cumulative training time, hereafter, is reported in hh:mm:ss format. We also report our runtimes for training the 1D LRU using a single H100 95 G
2605.13807	0	-1.2583213		24	e exact ( N )		TFIsing	Table 1: A comparison between 1D LRU energies per site e 1 D L R U ( N ) (with the one-standard error uncertainties on the last digits in parentheses) and the exact 1D TFIM per-site-energies for OBC at h = 1 , following the formula e exact ( N ) = [ 1 - csc ⁡ ( π / ( 2 ( 2 N + 1 ) ) ) ] / N [ 8 ] . The relative error with respect to the exact reference energies is reported in units of 10 - 5 . We also report an extrapolation to the thermodynamic limit by fitting the variational energies to the model e ⁡ ( N ) = e ∞ + a 1 N + a 2 N 2 + a 3 N 3 . The cumulative training time, hereafter, is reported in hh:mm:ss format. We also report our runtimes for training the 1D LRU using a single H100 95 G
2605.13807	0	-1.262069	0.000002	32	e 1 D L R U ( N )		TFIsing	Table 1: A comparison between 1D LRU energies per site e 1 D L R U ( N ) (with the one-standard error uncertainties on the last digits in parentheses) and the exact 1D TFIM per-site-energies for OBC at h = 1 , following the formula e exact ( N ) = [ 1 - csc ⁡ ( π / ( 2 ( 2 N + 1 ) ) ) ] / N [ 8 ] . The relative error with respect to the exact reference energies is reported in units of 10 - 5 . We also report an extrapolation to the thermodynamic limit by fitting the variational energies to the model e ⁡ ( N ) = e ∞ + a 1 N + a 2 N 2 + a 3 N 3 . The cumulative training time, hereafter, is reported in hh:mm:ss format. We also report our runtimes for training the 1D LRU using a single H100 95 G
2605.13807	0	-1.2620098		32	e exact ( N )		TFIsing	Table 1: A comparison between 1D LRU energies per site e 1 D L R U ( N ) (with the one-standard error uncertainties on the last digits in parentheses) and the exact 1D TFIM per-site-energies for OBC at h = 1 , following the formula e exact ( N ) = [ 1 - csc ⁡ ( π / ( 2 ( 2 N + 1 ) ) ) ] / N [ 8 ] . The relative error with respect to the exact reference energies is reported in units of 10 - 5 . We also report an extrapolation to the thermodynamic limit by fitting the variational energies to the model e ⁡ ( N ) = e ∞ + a 1 N + a 2 N 2 + a 3 N 3 . The cumulative training time, hereafter, is reported in hh:mm:ss format. We also report our runtimes for training the 1D LRU using a single H100 95 G
2605.13807	0	-1.265666	0.000002	48	e 1 D L R U ( N )		TFIsing	Table 1: A comparison between 1D LRU energies per site e 1 D L R U ( N ) (with the one-standard error uncertainties on the last digits in parentheses) and the exact 1D TFIM per-site-energies for OBC at h = 1 , following the formula e exact ( N ) = [ 1 - csc ⁡ ( π / ( 2 ( 2 N + 1 ) ) ) ] / N [ 8 ] . The relative error with respect to the exact reference energies is reported in units of 10 - 5 . We also report an extrapolation to the thermodynamic limit by fitting the variational energies to the model e ⁡ ( N ) = e ∞ + a 1 N + a 2 N 2 + a 3 N 3 . The cumulative training time, hereafter, is reported in hh:mm:ss format. We also report our runtimes for training the 1D LRU using a single H100 95 G
2605.13807	0	-1.2657254		48	e exact ( N )		TFIsing	Table 1: A comparison between 1D LRU energies per site e 1 D L R U ( N ) (with the one-standard error uncertainties on the last digits in parentheses) and the exact 1D TFIM per-site-energies for OBC at h = 1 , following the formula e exact ( N ) = [ 1 - csc ⁡ ( π / ( 2 ( 2 N + 1 ) ) ) ] / N [ 8 ] . The relative error with respect to the exact reference energies is reported in units of 10 - 5 . We also report an extrapolation to the thermodynamic limit by fitting the variational energies to the model e ⁡ ( N ) = e ∞ + a 1 N + a 2 N 2 + a 3 N 3 . The cumulative training time, hereafter, is reported in hh:mm:ss format. We also report our runtimes for training the 1D LRU using a single H100 95 G
2605.13807	0	-1.267473	0.000002	64	e 1 D L R U ( N )		TFIsing	Table 1: A comparison between 1D LRU energies per site e 1 D L R U ( N ) (with the one-standard error uncertainties on the last digits in parentheses) and the exact 1D TFIM per-site-energies for OBC at h = 1 , following the formula e exact ( N ) = [ 1 - csc ⁡ ( π / ( 2 ( 2 N + 1 ) ) ) ] / N [ 8 ] . The relative error with respect to the exact reference energies is reported in units of 10 - 5 . We also report an extrapolation to the thermodynamic limit by fitting the variational energies to the model e ⁡ ( N ) = e ∞ + a 1 N + a 2 N 2 + a 3 N 3 . The cumulative training time, hereafter, is reported in hh:mm:ss format. We also report our runtimes for training the 1D LRU using a single H100 95 G
2605.13807	0	-1.2675934		64	e exact ( N )		TFIsing	Table 1: A comparison between 1D LRU energies per site e 1 D L R U ( N ) (with the one-standard error uncertainties on the last digits in parentheses) and the exact 1D TFIM per-site-energies for OBC at h = 1 , following the formula e exact ( N ) = [ 1 - csc ⁡ ( π / ( 2 ( 2 N + 1 ) ) ) ] / N [ 8 ] . The relative error with respect to the exact reference energies is reported in units of 10 - 5 . We also report an extrapolation to the thermodynamic limit by fitting the variational energies to the model e ⁡ ( N ) = e ∞ + a 1 N + a 2 N 2 + a 3 N 3 . The cumulative training time, hereafter, is reported in hh:mm:ss format. We also report our runtimes for training the 1D LRU using a single H100 95 G
2605.13807	0	-1.269452	0.000001	96	e 1 D L R U ( N )		TFIsing	Table 1: A comparison between 1D LRU energies per site e 1 D L R U ( N ) (with the one-standard error uncertainties on the last digits in parentheses) and the exact 1D TFIM per-site-energies for OBC at h = 1 , following the formula e exact ( N ) = [ 1 - csc ⁡ ( π / ( 2 ( 2 N + 1 ) ) ) ] / N [ 8 ] . The relative error with respect to the exact reference energies is reported in units of 10 - 5 . We also report an extrapolation to the thermodynamic limit by fitting the variational energies to the model e ⁡ ( N ) = e ∞ + a 1 N + a 2 N 2 + a 3 N 3 . The cumulative training time, hereafter, is reported in hh:mm:ss format. We also report our runtimes for training the 1D LRU using a single H100 95 G
2605.13807	0	-1.2694685		96	e exact ( N )		TFIsing	Table 1: A comparison between 1D LRU energies per site e 1 D L R U ( N ) (with the one-standard error uncertainties on the last digits in parentheses) and the exact 1D TFIM per-site-energies for OBC at h = 1 , following the formula e exact ( N ) = [ 1 - csc ⁡ ( π / ( 2 ( 2 N + 1 ) ) ) ] / N [ 8 ] . The relative error with respect to the exact reference energies is reported in units of 10 - 5 . We also report an extrapolation to the thermodynamic limit by fitting the variational energies to the model e ⁡ ( N ) = e ∞ + a 1 N + a 2 N 2 + a 3 N 3 . The cumulative training time, hereafter, is reported in hh:mm:ss format. We also report our runtimes for training the 1D LRU using a single H100 95 G
2605.13807	0	-1.270408	0.000001	128	e 1 D L R U ( N )		TFIsing	Table 1: A comparison between 1D LRU energies per site e 1 D L R U ( N ) (with the one-standard error uncertainties on the last digits in parentheses) and the exact 1D TFIM per-site-energies for OBC at h = 1 , following the formula e exact ( N ) = [ 1 - csc ⁡ ( π / ( 2 ( 2 N + 1 ) ) ) ] / N [ 8 ] . The relative error with respect to the exact reference energies is reported in units of 10 - 5 . We also report an extrapolation to the thermodynamic limit by fitting the variational energies to the model e ⁡ ( N ) = e ∞ + a 1 N + a 2 N 2 + a 3 N 3 . The cumulative training time, hereafter, is reported in hh:mm:ss format. We also report our runtimes for training the 1D LRU using a single H100 95 G
2605.13807	0	-1.2704086		128	e exact ( N )		TFIsing	Table 1: A comparison between 1D LRU energies per site e 1 D L R U ( N ) (with the one-standard error uncertainties on the last digits in parentheses) and the exact 1D TFIM per-site-energies for OBC at h = 1 , following the formula e exact ( N ) = [ 1 - csc ⁡ ( π / ( 2 ( 2 N + 1 ) ) ) ] / N [ 8 ] . The relative error with respect to the exact reference energies is reported in units of 10 - 5 . We also report an extrapolation to the thermodynamic limit by fitting the variational energies to the model e ⁡ ( N ) = e ∞ + a 1 N + a 2 N 2 + a 3 N 3 . The cumulative training time, hereafter, is reported in hh:mm:ss format. We also report our runtimes for training the 1D LRU using a single H100 95 G
2605.13807	0	-1.271305	0.000001	192	e 1 D L R U ( N )		TFIsing	Table 1: A comparison between 1D LRU energies per site e 1 D L R U ( N ) (with the one-standard error uncertainties on the last digits in parentheses) and the exact 1D TFIM per-site-energies for OBC at h = 1 , following the formula e exact ( N ) = [ 1 - csc ⁡ ( π / ( 2 ( 2 N + 1 ) ) ) ] / N [ 8 ] . The relative error with respect to the exact reference energies is reported in units of 10 - 5 . We also report an extrapolation to the thermodynamic limit by fitting the variational energies to the model e ⁡ ( N ) = e ∞ + a 1 N + a 2 N 2 + a 3 N 3 . The cumulative training time, hereafter, is reported in hh:mm:ss format. We also report our runtimes for training the 1D LRU using a single H100 95 G
2605.13807	0	-1.2713505		192	e exact ( N )		TFIsing	Table 1: A comparison between 1D LRU energies per site e 1 D L R U ( N ) (with the one-standard error uncertainties on the last digits in parentheses) and the exact 1D TFIM per-site-energies for OBC at h = 1 , following the formula e exact ( N ) = [ 1 - csc ⁡ ( π / ( 2 ( 2 N + 1 ) ) ) ] / N [ 8 ] . The relative error with respect to the exact reference energies is reported in units of 10 - 5 . We also report an extrapolation to the thermodynamic limit by fitting the variational energies to the model e ⁡ ( N ) = e ∞ + a 1 N + a 2 N 2 + a 3 N 3 . The cumulative training time, hereafter, is reported in hh:mm:ss format. We also report our runtimes for training the 1D LRU using a single H100 95 G
2605.13807	0	-1.271797	0.000001	256	e 1 D L R U ( N )		TFIsing	Table 1: A comparison between 1D LRU energies per site e 1 D L R U ( N ) (with the one-standard error uncertainties on the last digits in parentheses) and the exact 1D TFIM per-site-energies for OBC at h = 1 , following the formula e exact ( N ) = [ 1 - csc ⁡ ( π / ( 2 ( 2 N + 1 ) ) ) ] / N [ 8 ] . The relative error with respect to the exact reference energies is reported in units of 10 - 5 . We also report an extrapolation to the thermodynamic limit by fitting the variational energies to the model e ⁡ ( N ) = e ∞ + a 1 N + a 2 N 2 + a 3 N 3 . The cumulative training time, hereafter, is reported in hh:mm:ss format. We also report our runtimes for training the 1D LRU using a single H100 95 G
2605.13807	0	-1.2718221		256	e exact ( N )		TFIsing	Table 1: A comparison between 1D LRU energies per site e 1 D L R U ( N ) (with the one-standard error uncertainties on the last digits in parentheses) and the exact 1D TFIM per-site-energies for OBC at h = 1 , following the formula e exact ( N ) = [ 1 - csc ⁡ ( π / ( 2 ( 2 N + 1 ) ) ) ] / N [ 8 ] . The relative error with respect to the exact reference energies is reported in units of 10 - 5 . We also report an extrapolation to the thermodynamic limit by fitting the variational energies to the model e ⁡ ( N ) = e ∞ + a 1 N + a 2 N 2 + a 3 N 3 . The cumulative training time, hereafter, is reported in hh:mm:ss format. We also report our runtimes for training the 1D LRU using a single H100 95 G
2605.13807	0	-1.2731999	8e-7	∞	e 1 D L R U ( N )		TFIsing	Table 1: A comparison between 1D LRU energies per site e 1 D L R U ( N ) (with the one-standard error uncertainties on the last digits in parentheses) and the exact 1D TFIM per-site-energies for OBC at h = 1 , following the formula e exact ( N ) = [ 1 - csc ⁡ ( π / ( 2 ( 2 N + 1 ) ) ) ] / N [ 8 ] . The relative error with respect to the exact reference energies is reported in units of 10 - 5 . We also report an extrapolation to the thermodynamic limit by fitting the variational energies to the model e ⁡ ( N ) = e ∞ + a 1 N + a 2 N 2 + a 3 N 3 . The cumulative training time, hereafter, is reported in hh:mm:ss format. We also report our runtimes for training the 1D LRU using a single H100 95 G
2605.13807	0	-1.2732395		∞	e exact ( N )		TFIsing	Table 1: A comparison between 1D LRU energies per site e 1 D L R U ( N ) (with the one-standard error uncertainties on the last digits in parentheses) and the exact 1D TFIM per-site-energies for OBC at h = 1 , following the formula e exact ( N ) = [ 1 - csc ⁡ ( π / ( 2 ( 2 N + 1 ) ) ) ] / N [ 8 ] . The relative error with respect to the exact reference energies is reported in units of 10 - 5 . We also report an extrapolation to the thermodynamic limit by fitting the variational energies to the model e ⁡ ( N ) = e ∞ + a 1 N + a 2 N 2 + a 3 N 3 . The cumulative training time, hereafter, is reported in hh:mm:ss format. We also report our runtimes for training the 1D LRU using a single H100 95 G
2605.13807	1	-0.628601	0.000002	10 × 10	PEPS [ 33 ]	10x10,16x16	Heisenberg	Table 2: Ground-state energy per site E / N estimates for the 2D Heisenberg model on the square lattice with OBC. The best energies among the variational energies (columns second through fifth from the left) are bolded. QMC energies are provided as a reference. Numbers in parentheses denote one-standard-error uncertainties in the last digits. Note that our 10 × 10 calculation took around 4.5 GPU days, whereas 16 × 16 calculation was conducted in a time frame of 29 GPU days using a single L40S 48GB GPU. For reference, this 2D minGRU model has 6 layers and a hidden dimension d h = 512 with around 7.1 million variational parameters.
2605.13807	1	-0.628627	0.000001	10 × 10	PixelCNN [ 52 ]	10x10,16x16	Heisenberg	Table 2: Ground-state energy per site E / N estimates for the 2D Heisenberg model on the square lattice with OBC. The best energies among the variational energies (columns second through fifth from the left) are bolded. QMC energies are provided as a reference. Numbers in parentheses denote one-standard-error uncertainties in the last digits. Note that our 10 × 10 calculation took around 4.5 GPU days, whereas 16 × 16 calculation was conducted in a time frame of 29 GPU days using a single L40S 48GB GPU. For reference, this 2D minGRU model has 6 layers and a hidden dimension d h = 512 with around 7.1 million variational parameters.
2605.13807	1	-0.628656	0.000009	10 × 10	2D TRNN [ 40 ]	10x10,16x16	Heisenberg	Table 2: Ground-state energy per site E / N estimates for the 2D Heisenberg model on the square lattice with OBC. The best energies among the variational energies (columns second through fifth from the left) are bolded. QMC energies are provided as a reference. Numbers in parentheses denote one-standard-error uncertainties in the last digits. Note that our 10 × 10 calculation took around 4.5 GPU days, whereas 16 × 16 calculation was conducted in a time frame of 29 GPU days using a single L40S 48GB GPU. For reference, this 2D minGRU model has 6 layers and a hidden dimension d h = 512 with around 7.1 million variational parameters.
2605.13807	1	-0.628637	0.000004	10 × 10	2D minGRU (ours)	10x10,16x16	Heisenberg	Table 2: Ground-state energy per site E / N estimates for the 2D Heisenberg model on the square lattice with OBC. The best energies among the variational energies (columns second through fifth from the left) are bolded. QMC energies are provided as a reference. Numbers in parentheses denote one-standard-error uncertainties in the last digits. Note that our 10 × 10 calculation took around 4.5 GPU days, whereas 16 × 16 calculation was conducted in a time frame of 29 GPU days using a single L40S 48GB GPU. For reference, this 2D minGRU model has 6 layers and a hidden dimension d h = 512 with around 7.1 million variational parameters.
2605.13807	1	-0.6286561	2e-7	10 × 10	QMC [ 49 ]	10x10,16x16	Heisenberg	Table 2: Ground-state energy per site E / N estimates for the 2D Heisenberg model on the square lattice with OBC. The best energies among the variational energies (columns second through fifth from the left) are bolded. QMC energies are provided as a reference. Numbers in parentheses denote one-standard-error uncertainties in the last digits. Note that our 10 × 10 calculation took around 4.5 GPU days, whereas 16 × 16 calculation was conducted in a time frame of 29 GPU days using a single L40S 48GB GPU. For reference, this 2D minGRU model has 6 layers and a hidden dimension d h = 512 with around 7.1 million variational parameters.
2605.13807	1	-0.643391	0.000003	16 × 16	PEPS [ 33 ]	16x16,10x10	Heisenberg	Table 2: Ground-state energy per site E / N estimates for the 2D Heisenberg model on the square lattice with OBC. The best energies among the variational energies (columns second through fifth from the left) are bolded. QMC energies are provided as a reference. Numbers in parentheses denote one-standard-error uncertainties in the last digits. Note that our 10 × 10 calculation took around 4.5 GPU days, whereas 16 × 16 calculation was conducted in a time frame of 29 GPU days using a single L40S 48GB GPU. For reference, this 2D minGRU model has 6 layers and a hidden dimension d h = 512 with around 7.1 million variational parameters.
2605.13807	1	-0.643448	0.000001	16 × 16	PixelCNN [ 52 ]	16x16,10x10	Heisenberg	Table 2: Ground-state energy per site E / N estimates for the 2D Heisenberg model on the square lattice with OBC. The best energies among the variational energies (columns second through fifth from the left) are bolded. QMC energies are provided as a reference. Numbers in parentheses denote one-standard-error uncertainties in the last digits. Note that our 10 × 10 calculation took around 4.5 GPU days, whereas 16 × 16 calculation was conducted in a time frame of 29 GPU days using a single L40S 48GB GPU. For reference, this 2D minGRU model has 6 layers and a hidden dimension d h = 512 with around 7.1 million variational parameters.
2605.13807	1	-0.643504	0.000003	16 × 16	2D minGRU (ours)	16x16,10x10	Heisenberg	Table 2: Ground-state energy per site E / N estimates for the 2D Heisenberg model on the square lattice with OBC. The best energies among the variational energies (columns second through fifth from the left) are bolded. QMC energies are provided as a reference. Numbers in parentheses denote one-standard-error uncertainties in the last digits. Note that our 10 × 10 calculation took around 4.5 GPU days, whereas 16 × 16 calculation was conducted in a time frame of 29 GPU days using a single L40S 48GB GPU. For reference, this 2D minGRU model has 6 layers and a hidden dimension d h = 512 with around 7.1 million variational parameters.
2605.13807	1	-0.6435317	2e-7	16 × 16	QMC [ 49 ]	16x16,10x10	Heisenberg	Table 2: Ground-state energy per site E / N estimates for the 2D Heisenberg model on the square lattice with OBC. The best energies among the variational energies (columns second through fifth from the left) are bolded. QMC energies are provided as a reference. Numbers in parentheses denote one-standard-error uncertainties in the last digits. Note that our 10 × 10 calculation took around 4.5 GPU days, whereas 16 × 16 calculation was conducted in a time frame of 29 GPU days using a single L40S 48GB GPU. For reference, this 2D minGRU model has 6 layers and a hidden dimension d h = 512 with around 7.1 million variational parameters.
2605.13807	5	-0.603519	0.000002	6 2	2D minGRU		Heisenberg	Table 6: A comparison between 2D minGRU energies per site (with 3 layers and c 4 v symmetry trained using the iterative retraining technique) and QMC (SSE) data [ 49 ] on the 2D Heisenberg model with OBC. The relative error ϵ , with respect to QMC, is reported in units of 10 - 4 . We perform a fitting using the model e ⁡ ( L ) = e ∞ + a 1 L + a 2 L 2 + a 3 L 3 to obtain the thermodynamic limit energy extrapolation of the 2D minGRU and QMC energies. We also report our runtimes for training the 2D minGRU using a single A100 80 GB GPU. For reference, this PSR-NQS model has around 800,000 variational parameters.
2605.13807	5	-0.6035222	2e-7	6 2	QMC		Heisenberg	Table 6: A comparison between 2D minGRU energies per site (with 3 layers and c 4 v symmetry trained using the iterative retraining technique) and QMC (SSE) data [ 49 ] on the 2D Heisenberg model with OBC. The relative error ϵ , with respect to QMC, is reported in units of 10 - 4 . We perform a fitting using the model e ⁡ ( L ) = e ∞ + a 1 L + a 2 L 2 + a 3 L 3 to obtain the thermodynamic limit energy extrapolation of the 2D minGRU and QMC energies. We also report our runtimes for training the 2D minGRU using a single A100 80 GB GPU. For reference, this PSR-NQS model has around 800,000 variational parameters.
2605.13807	5	-0.619025	0.000005	8 2	2D minGRU		Heisenberg	Table 6: A comparison between 2D minGRU energies per site (with 3 layers and c 4 v symmetry trained using the iterative retraining technique) and QMC (SSE) data [ 49 ] on the 2D Heisenberg model with OBC. The relative error ϵ , with respect to QMC, is reported in units of 10 - 4 . We perform a fitting using the model e ⁡ ( L ) = e ∞ + a 1 L + a 2 L 2 + a 3 L 3 to obtain the thermodynamic limit energy extrapolation of the 2D minGRU and QMC energies. We also report our runtimes for training the 2D minGRU using a single A100 80 GB GPU. For reference, this PSR-NQS model has around 800,000 variational parameters.
2605.13807	5	-0.6190371	2e-7	8 2	QMC		Heisenberg	Table 6: A comparison between 2D minGRU energies per site (with 3 layers and c 4 v symmetry trained using the iterative retraining technique) and QMC (SSE) data [ 49 ] on the 2D Heisenberg model with OBC. The relative error ϵ , with respect to QMC, is reported in units of 10 - 4 . We perform a fitting using the model e ⁡ ( L ) = e ∞ + a 1 L + a 2 L 2 + a 3 L 3 to obtain the thermodynamic limit energy extrapolation of the 2D minGRU and QMC energies. We also report our runtimes for training the 2D minGRU using a single A100 80 GB GPU. For reference, this PSR-NQS model has around 800,000 variational parameters.
2605.13807	5	-0.628605	0.000006	10 2	2D minGRU		Heisenberg	Table 6: A comparison between 2D minGRU energies per site (with 3 layers and c 4 v symmetry trained using the iterative retraining technique) and QMC (SSE) data [ 49 ] on the 2D Heisenberg model with OBC. The relative error ϵ , with respect to QMC, is reported in units of 10 - 4 . We perform a fitting using the model e ⁡ ( L ) = e ∞ + a 1 L + a 2 L 2 + a 3 L 3 to obtain the thermodynamic limit energy extrapolation of the 2D minGRU and QMC energies. We also report our runtimes for training the 2D minGRU using a single A100 80 GB GPU. For reference, this PSR-NQS model has around 800,000 variational parameters.
2605.13807	5	-0.6286561	2e-7	10 2	QMC		Heisenberg	Table 6: A comparison between 2D minGRU energies per site (with 3 layers and c 4 v symmetry trained using the iterative retraining technique) and QMC (SSE) data [ 49 ] on the 2D Heisenberg model with OBC. The relative error ϵ , with respect to QMC, is reported in units of 10 - 4 . We perform a fitting using the model e ⁡ ( L ) = e ∞ + a 1 L + a 2 L 2 + a 3 L 3 to obtain the thermodynamic limit energy extrapolation of the 2D minGRU and QMC energies. We also report our runtimes for training the 2D minGRU using a single A100 80 GB GPU. For reference, this PSR-NQS model has around 800,000 variational parameters.
2605.13807	5	-0.635127	0.000007	12 2	2D minGRU		Heisenberg	Table 6: A comparison between 2D minGRU energies per site (with 3 layers and c 4 v symmetry trained using the iterative retraining technique) and QMC (SSE) data [ 49 ] on the 2D Heisenberg model with OBC. The relative error ϵ , with respect to QMC, is reported in units of 10 - 4 . We perform a fitting using the model e ⁡ ( L ) = e ∞ + a 1 L + a 2 L 2 + a 3 L 3 to obtain the thermodynamic limit energy extrapolation of the 2D minGRU and QMC energies. We also report our runtimes for training the 2D minGRU using a single A100 80 GB GPU. For reference, this PSR-NQS model has around 800,000 variational parameters.
2605.13807	5	-0.6352007	2e-7	12 2	QMC		Heisenberg	Table 6: A comparison between 2D minGRU energies per site (with 3 layers and c 4 v symmetry trained using the iterative retraining technique) and QMC (SSE) data [ 49 ] on the 2D Heisenberg model with OBC. The relative error ϵ , with respect to QMC, is reported in units of 10 - 4 . We perform a fitting using the model e ⁡ ( L ) = e ∞ + a 1 L + a 2 L 2 + a 3 L 3 to obtain the thermodynamic limit energy extrapolation of the 2D minGRU and QMC energies. We also report our runtimes for training the 2D minGRU using a single A100 80 GB GPU. For reference, this PSR-NQS model has around 800,000 variational parameters.
2605.13807	5	-0.639842	0.000006	14 2	2D minGRU		Heisenberg	Table 6: A comparison between 2D minGRU energies per site (with 3 layers and c 4 v symmetry trained using the iterative retraining technique) and QMC (SSE) data [ 49 ] on the 2D Heisenberg model with OBC. The relative error ϵ , with respect to QMC, is reported in units of 10 - 4 . We perform a fitting using the model e ⁡ ( L ) = e ∞ + a 1 L + a 2 L 2 + a 3 L 3 to obtain the thermodynamic limit energy extrapolation of the 2D minGRU and QMC energies. We also report our runtimes for training the 2D minGRU using a single A100 80 GB GPU. For reference, this PSR-NQS model has around 800,000 variational parameters.
2605.13807	5	-0.639941	2e-7	14 2	QMC		Heisenberg	Table 6: A comparison between 2D minGRU energies per site (with 3 layers and c 4 v symmetry trained using the iterative retraining technique) and QMC (SSE) data [ 49 ] on the 2D Heisenberg model with OBC. The relative error ϵ , with respect to QMC, is reported in units of 10 - 4 . We perform a fitting using the model e ⁡ ( L ) = e ∞ + a 1 L + a 2 L 2 + a 3 L 3 to obtain the thermodynamic limit energy extrapolation of the 2D minGRU and QMC energies. We also report our runtimes for training the 2D minGRU using a single A100 80 GB GPU. For reference, this PSR-NQS model has around 800,000 variational parameters.
2605.13807	5	-0.643396	0.000006	16 2	2D minGRU		Heisenberg	Table 6: A comparison between 2D minGRU energies per site (with 3 layers and c 4 v symmetry trained using the iterative retraining technique) and QMC (SSE) data [ 49 ] on the 2D Heisenberg model with OBC. The relative error ϵ , with respect to QMC, is reported in units of 10 - 4 . We perform a fitting using the model e ⁡ ( L ) = e ∞ + a 1 L + a 2 L 2 + a 3 L 3 to obtain the thermodynamic limit energy extrapolation of the 2D minGRU and QMC energies. We also report our runtimes for training the 2D minGRU using a single A100 80 GB GPU. For reference, this PSR-NQS model has around 800,000 variational parameters.
2605.13807	5	-0.6435317	2e-7	16 2	QMC		Heisenberg	Table 6: A comparison between 2D minGRU energies per site (with 3 layers and c 4 v symmetry trained using the iterative retraining technique) and QMC (SSE) data [ 49 ] on the 2D Heisenberg model with OBC. The relative error ϵ , with respect to QMC, is reported in units of 10 - 4 . We perform a fitting using the model e ⁡ ( L ) = e ∞ + a 1 L + a 2 L 2 + a 3 L 3 to obtain the thermodynamic limit energy extrapolation of the 2D minGRU and QMC energies. We also report our runtimes for training the 2D minGRU using a single A100 80 GB GPU. For reference, this PSR-NQS model has around 800,000 variational parameters.
2605.13807	5	-0.646186	0.000006	18 2	2D minGRU		Heisenberg	Table 6: A comparison between 2D minGRU energies per site (with 3 layers and c 4 v symmetry trained using the iterative retraining technique) and QMC (SSE) data [ 49 ] on the 2D Heisenberg model with OBC. The relative error ϵ , with respect to QMC, is reported in units of 10 - 4 . We perform a fitting using the model e ⁡ ( L ) = e ∞ + a 1 L + a 2 L 2 + a 3 L 3 to obtain the thermodynamic limit energy extrapolation of the 2D minGRU and QMC energies. We also report our runtimes for training the 2D minGRU using a single A100 80 GB GPU. For reference, this PSR-NQS model has around 800,000 variational parameters.
2605.13807	5	-0.6463451	4e-7	18 2	QMC		Heisenberg	Table 6: A comparison between 2D minGRU energies per site (with 3 layers and c 4 v symmetry trained using the iterative retraining technique) and QMC (SSE) data [ 49 ] on the 2D Heisenberg model with OBC. The relative error ϵ , with respect to QMC, is reported in units of 10 - 4 . We perform a fitting using the model e ⁡ ( L ) = e ∞ + a 1 L + a 2 L 2 + a 3 L 3 to obtain the thermodynamic limit energy extrapolation of the 2D minGRU and QMC energies. We also report our runtimes for training the 2D minGRU using a single A100 80 GB GPU. For reference, this PSR-NQS model has around 800,000 variational parameters.
2605.13807	5	-0.648401	0.000005	20 2	2D minGRU		Heisenberg	Table 6: A comparison between 2D minGRU energies per site (with 3 layers and c 4 v symmetry trained using the iterative retraining technique) and QMC (SSE) data [ 49 ] on the 2D Heisenberg model with OBC. The relative error ϵ , with respect to QMC, is reported in units of 10 - 4 . We perform a fitting using the model e ⁡ ( L ) = e ∞ + a 1 L + a 2 L 2 + a 3 L 3 to obtain the thermodynamic limit energy extrapolation of the 2D minGRU and QMC energies. We also report our runtimes for training the 2D minGRU using a single A100 80 GB GPU. For reference, this PSR-NQS model has around 800,000 variational parameters.
2605.13807	5	-0.6486091	4e-7	20 2	QMC		Heisenberg	Table 6: A comparison between 2D minGRU energies per site (with 3 layers and c 4 v symmetry trained using the iterative retraining technique) and QMC (SSE) data [ 49 ] on the 2D Heisenberg model with OBC. The relative error ϵ , with respect to QMC, is reported in units of 10 - 4 . We perform a fitting using the model e ⁡ ( L ) = e ∞ + a 1 L + a 2 L 2 + a 3 L 3 to obtain the thermodynamic limit energy extrapolation of the 2D minGRU and QMC energies. We also report our runtimes for training the 2D minGRU using a single A100 80 GB GPU. For reference, this PSR-NQS model has around 800,000 variational parameters.
2605.13807	5	-0.650253	0.000005	22 2	2D minGRU		Heisenberg	Table 6: A comparison between 2D minGRU energies per site (with 3 layers and c 4 v symmetry trained using the iterative retraining technique) and QMC (SSE) data [ 49 ] on the 2D Heisenberg model with OBC. The relative error ϵ , with respect to QMC, is reported in units of 10 - 4 . We perform a fitting using the model e ⁡ ( L ) = e ∞ + a 1 L + a 2 L 2 + a 3 L 3 to obtain the thermodynamic limit energy extrapolation of the 2D minGRU and QMC energies. We also report our runtimes for training the 2D minGRU using a single A100 80 GB GPU. For reference, this PSR-NQS model has around 800,000 variational parameters.
2605.13807	5	-0.6504689	4e-7	22 2	QMC		Heisenberg	Table 6: A comparison between 2D minGRU energies per site (with 3 layers and c 4 v symmetry trained using the iterative retraining technique) and QMC (SSE) data [ 49 ] on the 2D Heisenberg model with OBC. The relative error ϵ , with respect to QMC, is reported in units of 10 - 4 . We perform a fitting using the model e ⁡ ( L ) = e ∞ + a 1 L + a 2 L 2 + a 3 L 3 to obtain the thermodynamic limit energy extrapolation of the 2D minGRU and QMC energies. We also report our runtimes for training the 2D minGRU using a single A100 80 GB GPU. For reference, this PSR-NQS model has around 800,000 variational parameters.
2605.13807	5	-0.651812	0.000005	24 2	2D minGRU		Heisenberg	Table 6: A comparison between 2D minGRU energies per site (with 3 layers and c 4 v symmetry trained using the iterative retraining technique) and QMC (SSE) data [ 49 ] on the 2D Heisenberg model with OBC. The relative error ϵ , with respect to QMC, is reported in units of 10 - 4 . We perform a fitting using the model e ⁡ ( L ) = e ∞ + a 1 L + a 2 L 2 + a 3 L 3 to obtain the thermodynamic limit energy extrapolation of the 2D minGRU and QMC energies. We also report our runtimes for training the 2D minGRU using a single A100 80 GB GPU. For reference, this PSR-NQS model has around 800,000 variational parameters.
2605.13807	5	-0.6520251	4e-7	24 2	QMC		Heisenberg	Table 6: A comparison between 2D minGRU energies per site (with 3 layers and c 4 v symmetry trained using the iterative retraining technique) and QMC (SSE) data [ 49 ] on the 2D Heisenberg model with OBC. The relative error ϵ , with respect to QMC, is reported in units of 10 - 4 . We perform a fitting using the model e ⁡ ( L ) = e ∞ + a 1 L + a 2 L 2 + a 3 L 3 to obtain the thermodynamic limit energy extrapolation of the 2D minGRU and QMC energies. We also report our runtimes for training the 2D minGRU using a single A100 80 GB GPU. For reference, this PSR-NQS model has around 800,000 variational parameters.
2605.13807	5	-0.653129	0.000005	26 2	2D minGRU		Heisenberg	Table 6: A comparison between 2D minGRU energies per site (with 3 layers and c 4 v symmetry trained using the iterative retraining technique) and QMC (SSE) data [ 49 ] on the 2D Heisenberg model with OBC. The relative error ϵ , with respect to QMC, is reported in units of 10 - 4 . We perform a fitting using the model e ⁡ ( L ) = e ∞ + a 1 L + a 2 L 2 + a 3 L 3 to obtain the thermodynamic limit energy extrapolation of the 2D minGRU and QMC energies. We also report our runtimes for training the 2D minGRU using a single A100 80 GB GPU. For reference, this PSR-NQS model has around 800,000 variational parameters.
2605.13807	5	-0.6533456	4e-7	26 2	QMC		Heisenberg	Table 6: A comparison between 2D minGRU energies per site (with 3 layers and c 4 v symmetry trained using the iterative retraining technique) and QMC (SSE) data [ 49 ] on the 2D Heisenberg model with OBC. The relative error ϵ , with respect to QMC, is reported in units of 10 - 4 . We perform a fitting using the model e ⁡ ( L ) = e ∞ + a 1 L + a 2 L 2 + a 3 L 3 to obtain the thermodynamic limit energy extrapolation of the 2D minGRU and QMC energies. We also report our runtimes for training the 2D minGRU using a single A100 80 GB GPU. For reference, this PSR-NQS model has around 800,000 variational parameters.
2605.13807	5	-0.654261	0.000004	28 2	2D minGRU		Heisenberg	Table 6: A comparison between 2D minGRU energies per site (with 3 layers and c 4 v symmetry trained using the iterative retraining technique) and QMC (SSE) data [ 49 ] on the 2D Heisenberg model with OBC. The relative error ϵ , with respect to QMC, is reported in units of 10 - 4 . We perform a fitting using the model e ⁡ ( L ) = e ∞ + a 1 L + a 2 L 2 + a 3 L 3 to obtain the thermodynamic limit energy extrapolation of the 2D minGRU and QMC energies. We also report our runtimes for training the 2D minGRU using a single A100 80 GB GPU. For reference, this PSR-NQS model has around 800,000 variational parameters.
2605.13807	5	-0.6544806	4e-7	28 2	QMC		Heisenberg	Table 6: A comparison between 2D minGRU energies per site (with 3 layers and c 4 v symmetry trained using the iterative retraining technique) and QMC (SSE) data [ 49 ] on the 2D Heisenberg model with OBC. The relative error ϵ , with respect to QMC, is reported in units of 10 - 4 . We perform a fitting using the model e ⁡ ( L ) = e ∞ + a 1 L + a 2 L 2 + a 3 L 3 to obtain the thermodynamic limit energy extrapolation of the 2D minGRU and QMC energies. We also report our runtimes for training the 2D minGRU using a single A100 80 GB GPU. For reference, this PSR-NQS model has around 800,000 variational parameters.
2605.13807	5	-0.655241	0.000004	30 2	2D minGRU		Heisenberg	Table 6: A comparison between 2D minGRU energies per site (with 3 layers and c 4 v symmetry trained using the iterative retraining technique) and QMC (SSE) data [ 49 ] on the 2D Heisenberg model with OBC. The relative error ϵ , with respect to QMC, is reported in units of 10 - 4 . We perform a fitting using the model e ⁡ ( L ) = e ∞ + a 1 L + a 2 L 2 + a 3 L 3 to obtain the thermodynamic limit energy extrapolation of the 2D minGRU and QMC energies. We also report our runtimes for training the 2D minGRU using a single A100 80 GB GPU. For reference, this PSR-NQS model has around 800,000 variational parameters.
2605.13807	5	-0.656089	0.000004	32 2	2D minGRU		Heisenberg	Table 6: A comparison between 2D minGRU energies per site (with 3 layers and c 4 v symmetry trained using the iterative retraining technique) and QMC (SSE) data [ 49 ] on the 2D Heisenberg model with OBC. The relative error ϵ , with respect to QMC, is reported in units of 10 - 4 . We perform a fitting using the model e ⁡ ( L ) = e ∞ + a 1 L + a 2 L 2 + a 3 L 3 to obtain the thermodynamic limit energy extrapolation of the 2D minGRU and QMC energies. We also report our runtimes for training the 2D minGRU using a single A100 80 GB GPU. For reference, this PSR-NQS model has around 800,000 variational parameters.
2605.13807	5	-0.6563289	4e-7	32 2	QMC		Heisenberg	Table 6: A comparison between 2D minGRU energies per site (with 3 layers and c 4 v symmetry trained using the iterative retraining technique) and QMC (SSE) data [ 49 ] on the 2D Heisenberg model with OBC. The relative error ϵ , with respect to QMC, is reported in units of 10 - 4 . We perform a fitting using the model e ⁡ ( L ) = e ∞ + a 1 L + a 2 L 2 + a 3 L 3 to obtain the thermodynamic limit energy extrapolation of the 2D minGRU and QMC energies. We also report our runtimes for training the 2D minGRU using a single A100 80 GB GPU. For reference, this PSR-NQS model has around 800,000 variational parameters.
2605.13807	5	-0.657523	0.000004	36 2	2D minGRU		Heisenberg	Table 6: A comparison between 2D minGRU energies per site (with 3 layers and c 4 v symmetry trained using the iterative retraining technique) and QMC (SSE) data [ 49 ] on the 2D Heisenberg model with OBC. The relative error ϵ , with respect to QMC, is reported in units of 10 - 4 . We perform a fitting using the model e ⁡ ( L ) = e ∞ + a 1 L + a 2 L 2 + a 3 L 3 to obtain the thermodynamic limit energy extrapolation of the 2D minGRU and QMC energies. We also report our runtimes for training the 2D minGRU using a single A100 80 GB GPU. For reference, this PSR-NQS model has around 800,000 variational parameters.
2605.13807	5	-0.658657	0.000004	40 2	2D minGRU		Heisenberg	Table 6: A comparison between 2D minGRU energies per site (with 3 layers and c 4 v symmetry trained using the iterative retraining technique) and QMC (SSE) data [ 49 ] on the 2D Heisenberg model with OBC. The relative error ϵ , with respect to QMC, is reported in units of 10 - 4 . We perform a fitting using the model e ⁡ ( L ) = e ∞ + a 1 L + a 2 L 2 + a 3 L 3 to obtain the thermodynamic limit energy extrapolation of the 2D minGRU and QMC energies. We also report our runtimes for training the 2D minGRU using a single A100 80 GB GPU. For reference, this PSR-NQS model has around 800,000 variational parameters.
2605.13807	5	-0.659565	0.000004	44 2	2D minGRU		Heisenberg	Table 6: A comparison between 2D minGRU energies per site (with 3 layers and c 4 v symmetry trained using the iterative retraining technique) and QMC (SSE) data [ 49 ] on the 2D Heisenberg model with OBC. The relative error ϵ , with respect to QMC, is reported in units of 10 - 4 . We perform a fitting using the model e ⁡ ( L ) = e ∞ + a 1 L + a 2 L 2 + a 3 L 3 to obtain the thermodynamic limit energy extrapolation of the 2D minGRU and QMC energies. We also report our runtimes for training the 2D minGRU using a single A100 80 GB GPU. For reference, this PSR-NQS model has around 800,000 variational parameters.
2605.13807	5	-0.659941	0.000004	46 2	2D minGRU		Heisenberg	Table 6: A comparison between 2D minGRU energies per site (with 3 layers and c 4 v symmetry trained using the iterative retraining technique) and QMC (SSE) data [ 49 ] on the 2D Heisenberg model with OBC. The relative error ϵ , with respect to QMC, is reported in units of 10 - 4 . We perform a fitting using the model e ⁡ ( L ) = e ∞ + a 1 L + a 2 L 2 + a 3 L 3 to obtain the thermodynamic limit energy extrapolation of the 2D minGRU and QMC energies. We also report our runtimes for training the 2D minGRU using a single A100 80 GB GPU. For reference, this PSR-NQS model has around 800,000 variational parameters.
2605.13807	5	-0.660323	0.000004	48 2	2D minGRU		Heisenberg	Table 6: A comparison between 2D minGRU energies per site (with 3 layers and c 4 v symmetry trained using the iterative retraining technique) and QMC (SSE) data [ 49 ] on the 2D Heisenberg model with OBC. The relative error ϵ , with respect to QMC, is reported in units of 10 - 4 . We perform a fitting using the model e ⁡ ( L ) = e ∞ + a 1 L + a 2 L 2 + a 3 L 3 to obtain the thermodynamic limit energy extrapolation of the 2D minGRU and QMC energies. We also report our runtimes for training the 2D minGRU using a single A100 80 GB GPU. For reference, this PSR-NQS model has around 800,000 variational parameters.
2605.13807	5	-0.660669	4e-7	48 2	QMC		Heisenberg	Table 6: A comparison between 2D minGRU energies per site (with 3 layers and c 4 v symmetry trained using the iterative retraining technique) and QMC (SSE) data [ 49 ] on the 2D Heisenberg model with OBC. The relative error ϵ , with respect to QMC, is reported in units of 10 - 4 . We perform a fitting using the model e ⁡ ( L ) = e ∞ + a 1 L + a 2 L 2 + a 3 L 3 to obtain the thermodynamic limit energy extrapolation of the 2D minGRU and QMC energies. We also report our runtimes for training the 2D minGRU using a single A100 80 GB GPU. For reference, this PSR-NQS model has around 800,000 variational parameters.
2605.13807	5	-0.660649	0.000003	50 2	2D minGRU		Heisenberg	Table 6: A comparison between 2D minGRU energies per site (with 3 layers and c 4 v symmetry trained using the iterative retraining technique) and QMC (SSE) data [ 49 ] on the 2D Heisenberg model with OBC. The relative error ϵ , with respect to QMC, is reported in units of 10 - 4 . We perform a fitting using the model e ⁡ ( L ) = e ∞ + a 1 L + a 2 L 2 + a 3 L 3 to obtain the thermodynamic limit energy extrapolation of the 2D minGRU and QMC energies. We also report our runtimes for training the 2D minGRU using a single A100 80 GB GPU. For reference, this PSR-NQS model has around 800,000 variational parameters.
2605.13807	5	-0.660967	0.000004	52 2	2D minGRU		Heisenberg	Table 6: A comparison between 2D minGRU energies per site (with 3 layers and c 4 v symmetry trained using the iterative retraining technique) and QMC (SSE) data [ 49 ] on the 2D Heisenberg model with OBC. The relative error ϵ , with respect to QMC, is reported in units of 10 - 4 . We perform a fitting using the model e ⁡ ( L ) = e ∞ + a 1 L + a 2 L 2 + a 3 L 3 to obtain the thermodynamic limit energy extrapolation of the 2D minGRU and QMC energies. We also report our runtimes for training the 2D minGRU using a single A100 80 GB GPU. For reference, this PSR-NQS model has around 800,000 variational parameters.
2605.13807	5	-0.668938	0.000006	∞	2D minGRU		Heisenberg	Table 6: A comparison between 2D minGRU energies per site (with 3 layers and c 4 v symmetry trained using the iterative retraining technique) and QMC (SSE) data [ 49 ] on the 2D Heisenberg model with OBC. The relative error ϵ , with respect to QMC, is reported in units of 10 - 4 . We perform a fitting using the model e ⁡ ( L ) = e ∞ + a 1 L + a 2 L 2 + a 3 L 3 to obtain the thermodynamic limit energy extrapolation of the 2D minGRU and QMC energies. We also report our runtimes for training the 2D minGRU using a single A100 80 GB GPU. For reference, this PSR-NQS model has around 800,000 variational parameters.
2605.13807	5	-0.6694585	2e-7	∞	QMC		Heisenberg	Table 6: A comparison between 2D minGRU energies per site (with 3 layers and c 4 v symmetry trained using the iterative retraining technique) and QMC (SSE) data [ 49 ] on the 2D Heisenberg model with OBC. The relative error ϵ , with respect to QMC, is reported in units of 10 - 4 . We perform a fitting using the model e ⁡ ( L ) = e ∞ + a 1 L + a 2 L 2 + a 3 L 3 to obtain the thermodynamic limit energy extrapolation of the 2D minGRU and QMC energies. We also report our runtimes for training the 2D minGRU using a single A100 80 GB GPU. For reference, this PSR-NQS model has around 800,000 variational parameters.
2605.15899	11	-75.2018		0	classical energy	N=100		Table 12: Comparison between classical ground-state energy and the best energy found via NQA for the N = 100 benchmark.
2605.15899	11	-71.8734		1	classical energy	N=100		Table 12: Comparison between classical ground-state energy and the best energy found via NQA for the N = 100 benchmark.
2605.15899	11	-75.0439		2	classical energy	N=100		Table 12: Comparison between classical ground-state energy and the best energy found via NQA for the N = 100 benchmark.
2605.15899	11	-75.318		3	classical energy	N=100		Table 12: Comparison between classical ground-state energy and the best energy found via NQA for the N = 100 benchmark.
2605.15899	11	-79.6096		4	classical energy	N=100		Table 12: Comparison between classical ground-state energy and the best energy found via NQA for the N = 100 benchmark.
2605.15899	11	-73.0136		5	classical energy	N=100		Table 12: Comparison between classical ground-state energy and the best energy found via NQA for the N = 100 benchmark.
2605.15899	11	-74.6966		6	classical energy	N=100		Table 12: Comparison between classical ground-state energy and the best energy found via NQA for the N = 100 benchmark.
2605.15899	11	-72.8547		7	classical energy	N=100		Table 12: Comparison between classical ground-state energy and the best energy found via NQA for the N = 100 benchmark.
2605.15899	11	-71.9467		8	classical energy	N=100		Table 12: Comparison between classical ground-state energy and the best energy found via NQA for the N = 100 benchmark.
2605.15899	11	-73.3053		9	classical energy	N=100		Table 12: Comparison between classical ground-state energy and the best energy found via NQA for the N = 100 benchmark.
2605.15899	12	-16.8595		0	ED	N=16		Table 13: Comparison between ED and NQA for the N = 16 benchmark.
2605.15899	12	-17.0621		1	ED	N=16		Table 13: Comparison between ED and NQA for the N = 16 benchmark.
2605.15899	12	-19.856		2	ED	N=16		Table 13: Comparison between ED and NQA for the N = 16 benchmark.
2605.15899	12	-18.45559		3	ED	N=16		Table 13: Comparison between ED and NQA for the N = 16 benchmark.
2605.15899	12	-17.3565		4	ED	N=16		Table 13: Comparison between ED and NQA for the N = 16 benchmark.
2605.15899	12	-23.21253		5	ED	N=16		Table 13: Comparison between ED and NQA for the N = 16 benchmark.
2605.15899	12	-18.7474		6	ED	N=16		Table 13: Comparison between ED and NQA for the N = 16 benchmark.
2605.15899	12	-18.6813		7	ED	N=16		Table 13: Comparison between ED and NQA for the N = 16 benchmark.
2605.15899	12	-16.8657		8	ED	N=16		Table 13: Comparison between ED and NQA for the N = 16 benchmark.
2605.15899	12	-18.5272		9	ED	N=16		Table 13: Comparison between ED and NQA for the N = 16 benchmark.
2606.16875	4	-2.88446		1	E			Table S1: State-resolved output from Crispy of the Co 2+ crystal-field multiplet calculation for the O h crystal-field limit ( D σ = D τ = 0 ) at T = 300 K and μ 0 H = 6 T. The calculation used 10 D q = 0.9 eV, F k = 0.75 , G k = 0.78 , and ζ = 1 . d Z i denotes the normalized Boltzmann weight of each state.
2606.16875	4	3.7452		1	⟨ S 2 ⟩			Table S1: State-resolved output from Crispy of the Co 2+ crystal-field multiplet calculation for the O h crystal-field limit ( D σ = D τ = 0 ) at T = 300 K and μ 0 H = 6 T. The calculation used 10 D q = 0.9 eV, F k = 0.75 , G k = 0.78 , and ζ = 1 . d Z i denotes the normalized Boltzmann weight of each state.
2606.16875	4	11.8064		1	⟨ L 2 ⟩			Table S1: State-resolved output from Crispy of the Co 2+ crystal-field multiplet calculation for the O h crystal-field limit ( D σ = D τ = 0 ) at T = 300 K and μ 0 H = 6 T. The calculation used 10 D q = 0.9 eV, F k = 0.75 , G k = 0.78 , and ζ = 1 . d Z i denotes the normalized Boltzmann weight of each state.
2606.16875	4	23.0734		1	⟨ J 2 ⟩			Table S1: State-resolved output from Crispy of the Co 2+ crystal-field multiplet calculation for the O h crystal-field limit ( D σ = D τ = 0 ) at T = 300 K and μ 0 H = 6 T. The calculation used 10 D q = 0.9 eV, F k = 0.75 , G k = 0.78 , and ζ = 1 . d Z i denotes the normalized Boltzmann weight of each state.
2606.16875	4	-0.8601		1	⟨ S k ⟩			Table S1: State-resolved output from Crispy of the Co 2+ crystal-field multiplet calculation for the O h crystal-field limit ( D σ = D τ = 0 ) at T = 300 K and μ 0 H = 6 T. The calculation used 10 D q = 0.9 eV, F k = 0.75 , G k = 0.78 , and ζ = 1 . d Z i denotes the normalized Boltzmann weight of each state.
2606.16875	4	-0.6303		1	⟨ L k ⟩			Table S1: State-resolved output from Crispy of the Co 2+ crystal-field multiplet calculation for the O h crystal-field limit ( D σ = D τ = 0 ) at T = 300 K and μ 0 H = 6 T. The calculation used 10 D q = 0.9 eV, F k = 0.75 , G k = 0.78 , and ζ = 1 . d Z i denotes the normalized Boltzmann weight of each state.
2606.16875	4	-1.4904		1	⟨ J k ⟩			Table S1: State-resolved output from Crispy of the Co 2+ crystal-field multiplet calculation for the O h crystal-field limit ( D σ = D τ = 0 ) at T = 300 K and μ 0 H = 6 T. The calculation used 10 D q = 0.9 eV, F k = 0.75 , G k = 0.78 , and ζ = 1 . d Z i denotes the normalized Boltzmann weight of each state.
2606.16875	4	0.0067		1	⟨ T k ⟩			Table S1: State-resolved output from Crispy of the Co 2+ crystal-field multiplet calculation for the O h crystal-field limit ( D σ = D τ = 0 ) at T = 300 K and μ 0 H = 6 T. The calculation used 10 D q = 0.9 eV, F k = 0.75 , G k = 0.78 , and ζ = 1 . d Z i denotes the normalized Boltzmann weight of each state.
2606.16875	4	-1.3726		1	⟨ 𝐥 ⋅ 𝐬 ⟩			Table S1: State-resolved output from Crispy of the Co 2+ crystal-field multiplet calculation for the O h crystal-field limit ( D σ = D τ = 0 ) at T = 300 K and μ 0 H = 6 T. The calculation used 10 D q = 0.9 eV, F k = 0.75 , G k = 0.78 , and ζ = 1 . d Z i denotes the normalized Boltzmann weight of each state.
2606.16875	4	-2.8829		2	E			Table S1: State-resolved output from Crispy of the Co 2+ crystal-field multiplet calculation for the O h crystal-field limit ( D σ = D τ = 0 ) at T = 300 K and μ 0 H = 6 T. The calculation used 10 D q = 0.9 eV, F k = 0.75 , G k = 0.78 , and ζ = 1 . d Z i denotes the normalized Boltzmann weight of each state.
2606.16875	4	3.7452		2	⟨ S 2 ⟩			Table S1: State-resolved output from Crispy of the Co 2+ crystal-field multiplet calculation for the O h crystal-field limit ( D σ = D τ = 0 ) at T = 300 K and μ 0 H = 6 T. The calculation used 10 D q = 0.9 eV, F k = 0.75 , G k = 0.78 , and ζ = 1 . d Z i denotes the normalized Boltzmann weight of each state.
2606.16875	4	11.8062		2	⟨ L 2 ⟩			Table S1: State-resolved output from Crispy of the Co 2+ crystal-field multiplet calculation for the O h crystal-field limit ( D σ = D τ = 0 ) at T = 300 K and μ 0 H = 6 T. The calculation used 10 D q = 0.9 eV, F k = 0.75 , G k = 0.78 , and ζ = 1 . d Z i denotes the normalized Boltzmann weight of each state.
2606.16875	4	23.0682		2	⟨ J 2 ⟩			Table S1: State-resolved output from Crispy of the Co 2+ crystal-field multiplet calculation for the O h crystal-field limit ( D σ = D τ = 0 ) at T = 300 K and μ 0 H = 6 T. The calculation used 10 D q = 0.9 eV, F k = 0.75 , G k = 0.78 , and ζ = 1 . d Z i denotes the normalized Boltzmann weight of each state.
2606.16875	4	0.7981		2	⟨ S k ⟩			Table S1: State-resolved output from Crispy of the Co 2+ crystal-field multiplet calculation for the O h crystal-field limit ( D σ = D τ = 0 ) at T = 300 K and μ 0 H = 6 T. The calculation used 10 D q = 0.9 eV, F k = 0.75 , G k = 0.78 , and ζ = 1 . d Z i denotes the normalized Boltzmann weight of each state.
2606.16875	4	0.531		2	⟨ L k ⟩			Table S1: State-resolved output from Crispy of the Co 2+ crystal-field multiplet calculation for the O h crystal-field limit ( D σ = D τ = 0 ) at T = 300 K and μ 0 H = 6 T. The calculation used 10 D q = 0.9 eV, F k = 0.75 , G k = 0.78 , and ζ = 1 . d Z i denotes the normalized Boltzmann weight of each state.
2606.16875	4	1.329		2	⟨ J k ⟩			Table S1: State-resolved output from Crispy of the Co 2+ crystal-field multiplet calculation for the O h crystal-field limit ( D σ = D τ = 0 ) at T = 300 K and μ 0 H = 6 T. The calculation used 10 D q = 0.9 eV, F k = 0.75 , G k = 0.78 , and ζ = 1 . d Z i denotes the normalized Boltzmann weight of each state.
2606.16875	4	-0.0056		2	⟨ T k ⟩			Table S1: State-resolved output from Crispy of the Co 2+ crystal-field multiplet calculation for the O h crystal-field limit ( D σ = D τ = 0 ) at T = 300 K and μ 0 H = 6 T. The calculation used 10 D q = 0.9 eV, F k = 0.75 , G k = 0.78 , and ζ = 1 . d Z i denotes the normalized Boltzmann weight of each state.
2606.16875	4	-1.3717		2	⟨ 𝐥 ⋅ 𝐬 ⟩			Table S1: State-resolved output from Crispy of the Co 2+ crystal-field multiplet calculation for the O h crystal-field limit ( D σ = D τ = 0 ) at T = 300 K and μ 0 H = 6 T. The calculation used 10 D q = 0.9 eV, F k = 0.75 , G k = 0.78 , and ζ = 1 . d Z i denotes the normalized Boltzmann weight of each state.
2606.16875	4	-2.84057		3	E			Table S1: State-resolved output from Crispy of the Co 2+ crystal-field multiplet calculation for the O h crystal-field limit ( D σ = D τ = 0 ) at T = 300 K and μ 0 H = 6 T. The calculation used 10 D q = 0.9 eV, F k = 0.75 , G k = 0.78 , and ζ = 1 . d Z i denotes the normalized Boltzmann weight of each state.
2606.16875	4	3.7436		3	⟨ S 2 ⟩			Table S1: State-resolved output from Crispy of the Co 2+ crystal-field multiplet calculation for the O h crystal-field limit ( D σ = D τ = 0 ) at T = 300 K and μ 0 H = 6 T. The calculation used 10 D q = 0.9 eV, F k = 0.75 , G k = 0.78 , and ζ = 1 . d Z i denotes the normalized Boltzmann weight of each state.
2606.16875	4	11.7937		3	⟨ L 2 ⟩			Table S1: State-resolved output from Crispy of the Co 2+ crystal-field multiplet calculation for the O h crystal-field limit ( D σ = D τ = 0 ) at T = 300 K and μ 0 H = 6 T. The calculation used 10 D q = 0.9 eV, F k = 0.75 , G k = 0.78 , and ζ = 1 . d Z i denotes the normalized Boltzmann weight of each state.
2606.16875	4	19.4356		3	⟨ J 2 ⟩			Table S1: State-resolved output from Crispy of the Co 2+ crystal-field multiplet calculation for the O h crystal-field limit ( D σ = D τ = 0 ) at T = 300 K and μ 0 H = 6 T. The calculation used 10 D q = 0.9 eV, F k = 0.75 , G k = 0.78 , and ζ = 1 . d Z i denotes the normalized Boltzmann weight of each state.
2606.16875	4	-1.1069		3	⟨ S k ⟩			Table S1: State-resolved output from Crispy of the Co 2+ crystal-field multiplet calculation for the O h crystal-field limit ( D σ = D τ = 0 ) at T = 300 K and μ 0 H = 6 T. The calculation used 10 D q = 0.9 eV, F k = 0.75 , G k = 0.78 , and ζ = 1 . d Z i denotes the normalized Boltzmann weight of each state.
2606.16875	4	0.2555		3	⟨ L k ⟩			Table S1: State-resolved output from Crispy of the Co 2+ crystal-field multiplet calculation for the O h crystal-field limit ( D σ = D τ = 0 ) at T = 300 K and μ 0 H = 6 T. The calculation used 10 D q = 0.9 eV, F k = 0.75 , G k = 0.78 , and ζ = 1 . d Z i denotes the normalized Boltzmann weight of each state.
2606.16875	4	-0.8514		3	⟨ J k ⟩			Table S1: State-resolved output from Crispy of the Co 2+ crystal-field multiplet calculation for the O h crystal-field limit ( D σ = D τ = 0 ) at T = 300 K and μ 0 H = 6 T. The calculation used 10 D q = 0.9 eV, F k = 0.75 , G k = 0.78 , and ζ = 1 . d Z i denotes the normalized Boltzmann weight of each state.
2606.16875	4	0.0175		3	⟨ T k ⟩			Table S1: State-resolved output from Crispy of the Co 2+ crystal-field multiplet calculation for the O h crystal-field limit ( D σ = D τ = 0 ) at T = 300 K and μ 0 H = 6 T. The calculation used 10 D q = 0.9 eV, F k = 0.75 , G k = 0.78 , and ζ = 1 . d Z i denotes the normalized Boltzmann weight of each state.
2606.16875	4	-0.7748		3	⟨ 𝐥 ⋅ 𝐬 ⟩			Table S1: State-resolved output from Crispy of the Co 2+ crystal-field multiplet calculation for the O h crystal-field limit ( D σ = D τ = 0 ) at T = 300 K and μ 0 H = 6 T. The calculation used 10 D q = 0.9 eV, F k = 0.75 , G k = 0.78 , and ζ = 1 . d Z i denotes the normalized Boltzmann weight of each state.
2606.16875	4	-2.84001		4	E			Table S1: State-resolved output from Crispy of the Co 2+ crystal-field multiplet calculation for the O h crystal-field limit ( D σ = D τ = 0 ) at T = 300 K and μ 0 H = 6 T. The calculation used 10 D q = 0.9 eV, F k = 0.75 , G k = 0.78 , and ζ = 1 . d Z i denotes the normalized Boltzmann weight of each state.
2606.16875	4	3.7437		4	⟨ S 2 ⟩			Table S1: State-resolved output from Crispy of the Co 2+ crystal-field multiplet calculation for the O h crystal-field limit ( D σ = D τ = 0 ) at T = 300 K and μ 0 H = 6 T. The calculation used 10 D q = 0.9 eV, F k = 0.75 , G k = 0.78 , and ζ = 1 . d Z i denotes the normalized Boltzmann weight of each state.
2606.16875	4	11.7936		4	⟨ L 2 ⟩			Table S1: State-resolved output from Crispy of the Co 2+ crystal-field multiplet calculation for the O h crystal-field limit ( D σ = D τ = 0 ) at T = 300 K and μ 0 H = 6 T. The calculation used 10 D q = 0.9 eV, F k = 0.75 , G k = 0.78 , and ζ = 1 . d Z i denotes the normalized Boltzmann weight of each state.
2606.16875	4	19.427		4	⟨ J 2 ⟩			Table S1: State-resolved output from Crispy of the Co 2+ crystal-field multiplet calculation for the O h crystal-field limit ( D σ = D τ = 0 ) at T = 300 K and μ 0 H = 6 T. The calculation used 10 D q = 0.9 eV, F k = 0.75 , G k = 0.78 , and ζ = 1 . d Z i denotes the normalized Boltzmann weight of each state.
2606.16875	4	-0.2884		4	⟨ S k ⟩			Table S1: State-resolved output from Crispy of the Co 2+ crystal-field multiplet calculation for the O h crystal-field limit ( D σ = D τ = 0 ) at T = 300 K and μ 0 H = 6 T. The calculation used 10 D q = 0.9 eV, F k = 0.75 , G k = 0.78 , and ζ = 1 . d Z i denotes the normalized Boltzmann weight of each state.
2606.16875	4	0.3066		4	⟨ L k ⟩			Table S1: State-resolved output from Crispy of the Co 2+ crystal-field multiplet calculation for the O h crystal-field limit ( D σ = D τ = 0 ) at T = 300 K and μ 0 H = 6 T. The calculation used 10 D q = 0.9 eV, F k = 0.75 , G k = 0.78 , and ζ = 1 . d Z i denotes the normalized Boltzmann weight of each state.
2606.16875	4	0.0183		4	⟨ J k ⟩			Table S1: State-resolved output from Crispy of the Co 2+ crystal-field multiplet calculation for the O h crystal-field limit ( D σ = D τ = 0 ) at T = 300 K and μ 0 H = 6 T. The calculation used 10 D q = 0.9 eV, F k = 0.75 , G k = 0.78 , and ζ = 1 . d Z i denotes the normalized Boltzmann weight of each state.
2606.16875	4	-0.0433		4	⟨ T k ⟩			Table S1: State-resolved output from Crispy of the Co 2+ crystal-field multiplet calculation for the O h crystal-field limit ( D σ = D τ = 0 ) at T = 300 K and μ 0 H = 6 T. The calculation used 10 D q = 0.9 eV, F k = 0.75 , G k = 0.78 , and ζ = 1 . d Z i denotes the normalized Boltzmann weight of each state.
2606.16875	4	-0.772		4	⟨ 𝐥 ⋅ 𝐬 ⟩			Table S1: State-resolved output from Crispy of the Co 2+ crystal-field multiplet calculation for the O h crystal-field limit ( D σ = D τ = 0 ) at T = 300 K and μ 0 H = 6 T. The calculation used 10 D q = 0.9 eV, F k = 0.75 , G k = 0.78 , and ζ = 1 . d Z i denotes the normalized Boltzmann weight of each state.
2606.16875	4	-2.83977		5	E			Table S1: State-resolved output from Crispy of the Co 2+ crystal-field multiplet calculation for the O h crystal-field limit ( D σ = D τ = 0 ) at T = 300 K and μ 0 H = 6 T. The calculation used 10 D q = 0.9 eV, F k = 0.75 , G k = 0.78 , and ζ = 1 . d Z i denotes the normalized Boltzmann weight of each state.
2606.16875	4	3.7436		5	⟨ S 2 ⟩			Table S1: State-resolved output from Crispy of the Co 2+ crystal-field multiplet calculation for the O h crystal-field limit ( D σ = D τ = 0 ) at T = 300 K and μ 0 H = 6 T. The calculation used 10 D q = 0.9 eV, F k = 0.75 , G k = 0.78 , and ζ = 1 . d Z i denotes the normalized Boltzmann weight of each state.
2606.16875	4	11.7938		5	⟨ L 2 ⟩			Table S1: State-resolved output from Crispy of the Co 2+ crystal-field multiplet calculation for the O h crystal-field limit ( D σ = D τ = 0 ) at T = 300 K and μ 0 H = 6 T. The calculation used 10 D q = 0.9 eV, F k = 0.75 , G k = 0.78 , and ζ = 1 . d Z i denotes the normalized Boltzmann weight of each state.
2606.16875	4	19.4318		5	⟨ J 2 ⟩			Table S1: State-resolved output from Crispy of the Co 2+ crystal-field multiplet calculation for the O h crystal-field limit ( D σ = D τ = 0 ) at T = 300 K and μ 0 H = 6 T. The calculation used 10 D q = 0.9 eV, F k = 0.75 , G k = 0.78 , and ζ = 1 . d Z i denotes the normalized Boltzmann weight of each state.
2606.16875	4	0.3274		5	⟨ S k ⟩			Table S1: State-resolved output from Crispy of the Co 2+ crystal-field multiplet calculation for the O h crystal-field limit ( D σ = D τ = 0 ) at T = 300 K and μ 0 H = 6 T. The calculation used 10 D q = 0.9 eV, F k = 0.75 , G k = 0.78 , and ζ = 1 . d Z i denotes the normalized Boltzmann weight of each state.
2606.16875	4	-0.2461		5	⟨ L k ⟩			Table S1: State-resolved output from Crispy of the Co 2+ crystal-field multiplet calculation for the O h crystal-field limit ( D σ = D τ = 0 ) at T = 300 K and μ 0 H = 6 T. The calculation used 10 D q = 0.9 eV, F k = 0.75 , G k = 0.78 , and ζ = 1 . d Z i denotes the normalized Boltzmann weight of each state.
2606.16875	4	0.0813		5	⟨ J k ⟩			Table S1: State-resolved output from Crispy of the Co 2+ crystal-field multiplet calculation for the O h crystal-field limit ( D σ = D τ = 0 ) at T = 300 K and μ 0 H = 6 T. The calculation used 10 D q = 0.9 eV, F k = 0.75 , G k = 0.78 , and ζ = 1 . d Z i denotes the normalized Boltzmann weight of each state.
2606.16875	4	0.0401		5	⟨ T k ⟩			Table S1: State-resolved output from Crispy of the Co 2+ crystal-field multiplet calculation for the O h crystal-field limit ( D σ = D τ = 0 ) at T = 300 K and μ 0 H = 6 T. The calculation used 10 D q = 0.9 eV, F k = 0.75 , G k = 0.78 , and ζ = 1 . d Z i denotes the normalized Boltzmann weight of each state.
2606.16875	4	-0.7746		5	⟨ 𝐥 ⋅ 𝐬 ⟩			Table S1: State-resolved output from Crispy of the Co 2+ crystal-field multiplet calculation for the O h crystal-field limit ( D σ = D τ = 0 ) at T = 300 K and μ 0 H = 6 T. The calculation used 10 D q = 0.9 eV, F k = 0.75 , G k = 0.78 , and ζ = 1 . d Z i denotes the normalized Boltzmann weight of each state.
2606.16875	4	-2.83924		6	E			Table S1: State-resolved output from Crispy of the Co 2+ crystal-field multiplet calculation for the O h crystal-field limit ( D σ = D τ = 0 ) at T = 300 K and μ 0 H = 6 T. The calculation used 10 D q = 0.9 eV, F k = 0.75 , G k = 0.78 , and ζ = 1 . d Z i denotes the normalized Boltzmann weight of each state.
2606.16875	4	3.7437		6	⟨ S 2 ⟩			Table S1: State-resolved output from Crispy of the Co 2+ crystal-field multiplet calculation for the O h crystal-field limit ( D σ = D τ = 0 ) at T = 300 K and μ 0 H = 6 T. The calculation used 10 D q = 0.9 eV, F k = 0.75 , G k = 0.78 , and ζ = 1 . d Z i denotes the normalized Boltzmann weight of each state.
2606.16875	4	11.7937		6	⟨ L 2 ⟩			Table S1: State-resolved output from Crispy of the Co 2+ crystal-field multiplet calculation for the O h crystal-field limit ( D σ = D τ = 0 ) at T = 300 K and μ 0 H = 6 T. The calculation used 10 D q = 0.9 eV, F k = 0.75 , G k = 0.78 , and ζ = 1 . d Z i denotes the normalized Boltzmann weight of each state.
2606.16875	4	19.4206		6	⟨ J 2 ⟩			Table S1: State-resolved output from Crispy of the Co 2+ crystal-field multiplet calculation for the O h crystal-field limit ( D σ = D τ = 0 ) at T = 300 K and μ 0 H = 6 T. The calculation used 10 D q = 0.9 eV, F k = 0.75 , G k = 0.78 , and ζ = 1 . d Z i denotes the normalized Boltzmann weight of each state.
2606.16875	4	1.0894		6	⟨ S k ⟩			Table S1: State-resolved output from Crispy of the Co 2+ crystal-field multiplet calculation for the O h crystal-field limit ( D σ = D τ = 0 ) at T = 300 K and μ 0 H = 6 T. The calculation used 10 D q = 0.9 eV, F k = 0.75 , G k = 0.78 , and ζ = 1 . d Z i denotes the normalized Boltzmann weight of each state.
2606.16875	4	-0.2923		6	⟨ L k ⟩			Table S1: State-resolved output from Crispy of the Co 2+ crystal-field multiplet calculation for the O h crystal-field limit ( D σ = D τ = 0 ) at T = 300 K and μ 0 H = 6 T. The calculation used 10 D q = 0.9 eV, F k = 0.75 , G k = 0.78 , and ζ = 1 . d Z i denotes the normalized Boltzmann weight of each state.
2606.16875	4	0.797		6	⟨ J k ⟩			Table S1: State-resolved output from Crispy of the Co 2+ crystal-field multiplet calculation for the O h crystal-field limit ( D σ = D τ = 0 ) at T = 300 K and μ 0 H = 6 T. The calculation used 10 D q = 0.9 eV, F k = 0.75 , G k = 0.78 , and ζ = 1 . d Z i denotes the normalized Boltzmann weight of each state.
2606.16875	4	-0.0159		6	⟨ T k ⟩			Table S1: State-resolved output from Crispy of the Co 2+ crystal-field multiplet calculation for the O h crystal-field limit ( D σ = D τ = 0 ) at T = 300 K and μ 0 H = 6 T. The calculation used 10 D q = 0.9 eV, F k = 0.75 , G k = 0.78 , and ζ = 1 . d Z i denotes the normalized Boltzmann weight of each state.
2606.16875	4	-0.7714		6	⟨ 𝐥 ⋅ 𝐬 ⟩			Table S1: State-resolved output from Crispy of the Co 2+ crystal-field multiplet calculation for the O h crystal-field limit ( D σ = D τ = 0 ) at T = 300 K and μ 0 H = 6 T. The calculation used 10 D q = 0.9 eV, F k = 0.75 , G k = 0.78 , and ζ = 1 . d Z i denotes the normalized Boltzmann weight of each state.
2606.16875	4	-2.76903		7	E			Table S1: State-resolved output from Crispy of the Co 2+ crystal-field multiplet calculation for the O h crystal-field limit ( D σ = D τ = 0 ) at T = 300 K and μ 0 H = 6 T. The calculation used 10 D q = 0.9 eV, F k = 0.75 , G k = 0.78 , and ζ = 1 . d Z i denotes the normalized Boltzmann weight of each state.
2606.16875	4	3.7351		7	⟨ S 2 ⟩			Table S1: State-resolved output from Crispy of the Co 2+ crystal-field multiplet calculation for the O h crystal-field limit ( D σ = D τ = 0 ) at T = 300 K and μ 0 H = 6 T. The calculation used 10 D q = 0.9 eV, F k = 0.75 , G k = 0.78 , and ζ = 1 . d Z i denotes the normalized Boltzmann weight of each state.
2606.16875	4	11.7734		7	⟨ L 2 ⟩			Table S1: State-resolved output from Crispy of the Co 2+ crystal-field multiplet calculation for the O h crystal-field limit ( D σ = D τ = 0 ) at T = 300 K and μ 0 H = 6 T. The calculation used 10 D q = 0.9 eV, F k = 0.75 , G k = 0.78 , and ζ = 1 . d Z i denotes the normalized Boltzmann weight of each state.
2606.16875	4	13.1147		7	⟨ J 2 ⟩			Table S1: State-resolved output from Crispy of the Co 2+ crystal-field multiplet calculation for the O h crystal-field limit ( D σ = D τ = 0 ) at T = 300 K and μ 0 H = 6 T. The calculation used 10 D q = 0.9 eV, F k = 0.75 , G k = 0.78 , and ζ = 1 . d Z i denotes the normalized Boltzmann weight of each state.
2606.16875	4	-0.8362		7	⟨ S k ⟩			Table S1: State-resolved output from Crispy of the Co 2+ crystal-field multiplet calculation for the O h crystal-field limit ( D σ = D τ = 0 ) at T = 300 K and μ 0 H = 6 T. The calculation used 10 D q = 0.9 eV, F k = 0.75 , G k = 0.78 , and ζ = 1 . d Z i denotes the normalized Boltzmann weight of each state.
2606.16875	4	0.5377		7	⟨ L k ⟩			Table S1: State-resolved output from Crispy of the Co 2+ crystal-field multiplet calculation for the O h crystal-field limit ( D σ = D τ = 0 ) at T = 300 K and μ 0 H = 6 T. The calculation used 10 D q = 0.9 eV, F k = 0.75 , G k = 0.78 , and ζ = 1 . d Z i denotes the normalized Boltzmann weight of each state.
2606.16875	4	-0.2985		7	⟨ J k ⟩			Table S1: State-resolved output from Crispy of the Co 2+ crystal-field multiplet calculation for the O h crystal-field limit ( D σ = D τ = 0 ) at T = 300 K and μ 0 H = 6 T. The calculation used 10 D q = 0.9 eV, F k = 0.75 , G k = 0.78 , and ζ = 1 . d Z i denotes the normalized Boltzmann weight of each state.
2606.16875	4	0.1229		7	⟨ T k ⟩			Table S1: State-resolved output from Crispy of the Co 2+ crystal-field multiplet calculation for the O h crystal-field limit ( D σ = D τ = 0 ) at T = 300 K and μ 0 H = 6 T. The calculation used 10 D q = 0.9 eV, F k = 0.75 , G k = 0.78 , and ζ = 1 . d Z i denotes the normalized Boltzmann weight of each state.
2606.16875	4	0.1857		7	⟨ 𝐥 ⋅ 𝐬 ⟩			Table S1: State-resolved output from Crispy of the Co 2+ crystal-field multiplet calculation for the O h crystal-field limit ( D σ = D τ = 0 ) at T = 300 K and μ 0 H = 6 T. The calculation used 10 D q = 0.9 eV, F k = 0.75 , G k = 0.78 , and ζ = 1 . d Z i denotes the normalized Boltzmann weight of each state.
2606.16875	4	-2.76886		8	E			Table S1: State-resolved output from Crispy of the Co 2+ crystal-field multiplet calculation for the O h crystal-field limit ( D σ = D τ = 0 ) at T = 300 K and μ 0 H = 6 T. The calculation used 10 D q = 0.9 eV, F k = 0.75 , G k = 0.78 , and ζ = 1 . d Z i denotes the normalized Boltzmann weight of each state.
2606.16875	4	3.7352		8	⟨ S 2 ⟩			Table S1: State-resolved output from Crispy of the Co 2+ crystal-field multiplet calculation for the O h crystal-field limit ( D σ = D τ = 0 ) at T = 300 K and μ 0 H = 6 T. The calculation used 10 D q = 0.9 eV, F k = 0.75 , G k = 0.78 , and ζ = 1 . d Z i denotes the normalized Boltzmann weight of each state.
2606.16875	4	11.7733		8	⟨ L 2 ⟩			Table S1: State-resolved output from Crispy of the Co 2+ crystal-field multiplet calculation for the O h crystal-field limit ( D σ = D τ = 0 ) at T = 300 K and μ 0 H = 6 T. The calculation used 10 D q = 0.9 eV, F k = 0.75 , G k = 0.78 , and ζ = 1 . d Z i denotes the normalized Boltzmann weight of each state.
2606.16875	4	13.1056		8	⟨ J 2 ⟩			Table S1: State-resolved output from Crispy of the Co 2+ crystal-field multiplet calculation for the O h crystal-field limit ( D σ = D τ = 0 ) at T = 300 K and μ 0 H = 6 T. The calculation used 10 D q = 0.9 eV, F k = 0.75 , G k = 0.78 , and ζ = 1 . d Z i denotes the normalized Boltzmann weight of each state.
2606.16875	4	-0.683		8	⟨ S k ⟩			Table S1: State-resolved output from Crispy of the Co 2+ crystal-field multiplet calculation for the O h crystal-field limit ( D σ = D τ = 0 ) at T = 300 K and μ 0 H = 6 T. The calculation used 10 D q = 0.9 eV, F k = 0.75 , G k = 0.78 , and ζ = 1 . d Z i denotes the normalized Boltzmann weight of each state.
2606.16875	4	0.6888		8	⟨ L k ⟩			Table S1: State-resolved output from Crispy of the Co 2+ crystal-field multiplet calculation for the O h crystal-field limit ( D σ = D τ = 0 ) at T = 300 K and μ 0 H = 6 T. The calculation used 10 D q = 0.9 eV, F k = 0.75 , G k = 0.78 , and ζ = 1 . d Z i denotes the normalized Boltzmann weight of each state.
2606.16875	4	0.0058		8	⟨ J k ⟩			Table S1: State-resolved output from Crispy of the Co 2+ crystal-field multiplet calculation for the O h crystal-field limit ( D σ = D τ = 0 ) at T = 300 K and μ 0 H = 6 T. The calculation used 10 D q = 0.9 eV, F k = 0.75 , G k = 0.78 , and ζ = 1 . d Z i denotes the normalized Boltzmann weight of each state.
2606.16875	4	0.0185		8	⟨ T k ⟩			Table S1: State-resolved output from Crispy of the Co 2+ crystal-field multiplet calculation for the O h crystal-field limit ( D σ = D τ = 0 ) at T = 300 K and μ 0 H = 6 T. The calculation used 10 D q = 0.9 eV, F k = 0.75 , G k = 0.78 , and ζ = 1 . d Z i denotes the normalized Boltzmann weight of each state.
2606.16875	4	0.1882		8	⟨ 𝐥 ⋅ 𝐬 ⟩			Table S1: State-resolved output from Crispy of the Co 2+ crystal-field multiplet calculation for the O h crystal-field limit ( D σ = D τ = 0 ) at T = 300 K and μ 0 H = 6 T. The calculation used 10 D q = 0.9 eV, F k = 0.75 , G k = 0.78 , and ζ = 1 . d Z i denotes the normalized Boltzmann weight of each state.
2606.16875	4	-2.76842		9	E			Table S1: State-resolved output from Crispy of the Co 2+ crystal-field multiplet calculation for the O h crystal-field limit ( D σ = D τ = 0 ) at T = 300 K and μ 0 H = 6 T. The calculation used 10 D q = 0.9 eV, F k = 0.75 , G k = 0.78 , and ζ = 1 . d Z i denotes the normalized Boltzmann weight of each state.
2606.16875	4	3.7351		9	⟨ S 2 ⟩			Table S1: State-resolved output from Crispy of the Co 2+ crystal-field multiplet calculation for the O h crystal-field limit ( D σ = D τ = 0 ) at T = 300 K and μ 0 H = 6 T. The calculation used 10 D q = 0.9 eV, F k = 0.75 , G k = 0.78 , and ζ = 1 . d Z i denotes the normalized Boltzmann weight of each state.
2606.16875	4	11.7735		9	⟨ L 2 ⟩			Table S1: State-resolved output from Crispy of the Co 2+ crystal-field multiplet calculation for the O h crystal-field limit ( D σ = D τ = 0 ) at T = 300 K and μ 0 H = 6 T. The calculation used 10 D q = 0.9 eV, F k = 0.75 , G k = 0.78 , and ζ = 1 . d Z i denotes the normalized Boltzmann weight of each state.
2606.16875	4	13.1031		9	⟨ J 2 ⟩			Table S1: State-resolved output from Crispy of the Co 2+ crystal-field multiplet calculation for the O h crystal-field limit ( D σ = D τ = 0 ) at T = 300 K and μ 0 H = 6 T. The calculation used 10 D q = 0.9 eV, F k = 0.75 , G k = 0.78 , and ζ = 1 . d Z i denotes the normalized Boltzmann weight of each state.
2606.16875	4	0.5949		9	⟨ S k ⟩			Table S1: State-resolved output from Crispy of the Co 2+ crystal-field multiplet calculation for the O h crystal-field limit ( D σ = D τ = 0 ) at T = 300 K and μ 0 H = 6 T. The calculation used 10 D q = 0.9 eV, F k = 0.75 , G k = 0.78 , and ζ = 1 . d Z i denotes the normalized Boltzmann weight of each state.
2606.16875	4	-0.5946		9	⟨ L k ⟩			Table S1: State-resolved output from Crispy of the Co 2+ crystal-field multiplet calculation for the O h crystal-field limit ( D σ = D τ = 0 ) at T = 300 K and μ 0 H = 6 T. The calculation used 10 D q = 0.9 eV, F k = 0.75 , G k = 0.78 , and ζ = 1 . d Z i denotes the normalized Boltzmann weight of each state.
2606.16875	4	0.0003		9	⟨ J k ⟩			Table S1: State-resolved output from Crispy of the Co 2+ crystal-field multiplet calculation for the O h crystal-field limit ( D σ = D τ = 0 ) at T = 300 K and μ 0 H = 6 T. The calculation used 10 D q = 0.9 eV, F k = 0.75 , G k = 0.78 , and ζ = 1 . d Z i denotes the normalized Boltzmann weight of each state.
2606.16875	4	-0.0202		9	⟨ T k ⟩			Table S1: State-resolved output from Crispy of the Co 2+ crystal-field multiplet calculation for the O h crystal-field limit ( D σ = D τ = 0 ) at T = 300 K and μ 0 H = 6 T. The calculation used 10 D q = 0.9 eV, F k = 0.75 , G k = 0.78 , and ζ = 1 . d Z i denotes the normalized Boltzmann weight of each state.
2606.16875	4	0.1868		9	⟨ 𝐥 ⋅ 𝐬 ⟩			Table S1: State-resolved output from Crispy of the Co 2+ crystal-field multiplet calculation for the O h crystal-field limit ( D σ = D τ = 0 ) at T = 300 K and μ 0 H = 6 T. The calculation used 10 D q = 0.9 eV, F k = 0.75 , G k = 0.78 , and ζ = 1 . d Z i denotes the normalized Boltzmann weight of each state.
2606.16875	4	-2.76822		10	E			Table S1: State-resolved output from Crispy of the Co 2+ crystal-field multiplet calculation for the O h crystal-field limit ( D σ = D τ = 0 ) at T = 300 K and μ 0 H = 6 T. The calculation used 10 D q = 0.9 eV, F k = 0.75 , G k = 0.78 , and ζ = 1 . d Z i denotes the normalized Boltzmann weight of each state.
2606.16875	4	3.7351		10	⟨ S 2 ⟩			Table S1: State-resolved output from Crispy of the Co 2+ crystal-field multiplet calculation for the O h crystal-field limit ( D σ = D τ = 0 ) at T = 300 K and μ 0 H = 6 T. The calculation used 10 D q = 0.9 eV, F k = 0.75 , G k = 0.78 , and ζ = 1 . d Z i denotes the normalized Boltzmann weight of each state.
2606.16875	4	11.7734		10	⟨ L 2 ⟩			Table S1: State-resolved output from Crispy of the Co 2+ crystal-field multiplet calculation for the O h crystal-field limit ( D σ = D τ = 0 ) at T = 300 K and μ 0 H = 6 T. The calculation used 10 D q = 0.9 eV, F k = 0.75 , G k = 0.78 , and ζ = 1 . d Z i denotes the normalized Boltzmann weight of each state.
2606.16875	4	13.0963		10	⟨ J 2 ⟩			Table S1: State-resolved output from Crispy of the Co 2+ crystal-field multiplet calculation for the O h crystal-field limit ( D σ = D τ = 0 ) at T = 300 K and μ 0 H = 6 T. The calculation used 10 D q = 0.9 eV, F k = 0.75 , G k = 0.78 , and ζ = 1 . d Z i denotes the normalized Boltzmann weight of each state.
2606.16875	4	0.8537		10	⟨ S k ⟩			Table S1: State-resolved output from Crispy of the Co 2+ crystal-field multiplet calculation for the O h crystal-field limit ( D σ = D τ = 0 ) at T = 300 K and μ 0 H = 6 T. The calculation used 10 D q = 0.9 eV, F k = 0.75 , G k = 0.78 , and ζ = 1 . d Z i denotes the normalized Boltzmann weight of each state.
2606.16875	4	-0.5117		10	⟨ L k ⟩			Table S1: State-resolved output from Crispy of the Co 2+ crystal-field multiplet calculation for the O h crystal-field limit ( D σ = D τ = 0 ) at T = 300 K and μ 0 H = 6 T. The calculation used 10 D q = 0.9 eV, F k = 0.75 , G k = 0.78 , and ζ = 1 . d Z i denotes the normalized Boltzmann weight of each state.
2606.16875	4	0.342		10	⟨ J k ⟩			Table S1: State-resolved output from Crispy of the Co 2+ crystal-field multiplet calculation for the O h crystal-field limit ( D σ = D τ = 0 ) at T = 300 K and μ 0 H = 6 T. The calculation used 10 D q = 0.9 eV, F k = 0.75 , G k = 0.78 , and ζ = 1 . d Z i denotes the normalized Boltzmann weight of each state.
2606.16875	4	-0.1247		10	⟨ T k ⟩			Table S1: State-resolved output from Crispy of the Co 2+ crystal-field multiplet calculation for the O h crystal-field limit ( D σ = D τ = 0 ) at T = 300 K and μ 0 H = 6 T. The calculation used 10 D q = 0.9 eV, F k = 0.75 , G k = 0.78 , and ζ = 1 . d Z i denotes the normalized Boltzmann weight of each state.
2606.16875	4	0.1887		10	⟨ 𝐥 ⋅ 𝐬 ⟩			Table S1: State-resolved output from Crispy of the Co 2+ crystal-field multiplet calculation for the O h crystal-field limit ( D σ = D τ = 0 ) at T = 300 K and μ 0 H = 6 T. The calculation used 10 D q = 0.9 eV, F k = 0.75 , G k = 0.78 , and ζ = 1 . d Z i denotes the normalized Boltzmann weight of each state.
2606.16875	4	-2.75487		11	E			Table S1: State-resolved output from Crispy of the Co 2+ crystal-field multiplet calculation for the O h crystal-field limit ( D σ = D τ = 0 ) at T = 300 K and μ 0 H = 6 T. The calculation used 10 D q = 0.9 eV, F k = 0.75 , G k = 0.78 , and ζ = 1 . d Z i denotes the normalized Boltzmann weight of each state.
2606.16875	4	3.7483		11	⟨ S 2 ⟩			Table S1: State-resolved output from Crispy of the Co 2+ crystal-field multiplet calculation for the O h crystal-field limit ( D σ = D τ = 0 ) at T = 300 K and μ 0 H = 6 T. The calculation used 10 D q = 0.9 eV, F k = 0.75 , G k = 0.78 , and ζ = 1 . d Z i denotes the normalized Boltzmann weight of each state.
2606.16875	4	11.7543		11	⟨ L 2 ⟩			Table S1: State-resolved output from Crispy of the Co 2+ crystal-field multiplet calculation for the O h crystal-field limit ( D σ = D τ = 0 ) at T = 300 K and μ 0 H = 6 T. The calculation used 10 D q = 0.9 eV, F k = 0.75 , G k = 0.78 , and ζ = 1 . d Z i denotes the normalized Boltzmann weight of each state.
2606.16875	4	11.5038		11	⟨ J 2 ⟩			Table S1: State-resolved output from Crispy of the Co 2+ crystal-field multiplet calculation for the O h crystal-field limit ( D σ = D τ = 0 ) at T = 300 K and μ 0 H = 6 T. The calculation used 10 D q = 0.9 eV, F k = 0.75 , G k = 0.78 , and ζ = 1 . d Z i denotes the normalized Boltzmann weight of each state.
2606.16875	4	-0.441		11	⟨ S k ⟩			Table S1: State-resolved output from Crispy of the Co 2+ crystal-field multiplet calculation for the O h crystal-field limit ( D σ = D τ = 0 ) at T = 300 K and μ 0 H = 6 T. The calculation used 10 D q = 0.9 eV, F k = 0.75 , G k = 0.78 , and ζ = 1 . d Z i denotes the normalized Boltzmann weight of each state.
2606.16875	4	0.5472		11	⟨ L k ⟩			Table S1: State-resolved output from Crispy of the Co 2+ crystal-field multiplet calculation for the O h crystal-field limit ( D σ = D τ = 0 ) at T = 300 K and μ 0 H = 6 T. The calculation used 10 D q = 0.9 eV, F k = 0.75 , G k = 0.78 , and ζ = 1 . d Z i denotes the normalized Boltzmann weight of each state.
2606.16875	4	0.1062		11	⟨ J k ⟩			Table S1: State-resolved output from Crispy of the Co 2+ crystal-field multiplet calculation for the O h crystal-field limit ( D σ = D τ = 0 ) at T = 300 K and μ 0 H = 6 T. The calculation used 10 D q = 0.9 eV, F k = 0.75 , G k = 0.78 , and ζ = 1 . d Z i denotes the normalized Boltzmann weight of each state.
2606.16875	4	-0.1199		11	⟨ T k ⟩			Table S1: State-resolved output from Crispy of the Co 2+ crystal-field multiplet calculation for the O h crystal-field limit ( D σ = D τ = 0 ) at T = 300 K and μ 0 H = 6 T. The calculation used 10 D q = 0.9 eV, F k = 0.75 , G k = 0.78 , and ζ = 1 . d Z i denotes the normalized Boltzmann weight of each state.
2606.16875	4	0.6095		11	⟨ 𝐥 ⋅ 𝐬 ⟩			Table S1: State-resolved output from Crispy of the Co 2+ crystal-field multiplet calculation for the O h crystal-field limit ( D σ = D τ = 0 ) at T = 300 K and μ 0 H = 6 T. The calculation used 10 D q = 0.9 eV, F k = 0.75 , G k = 0.78 , and ζ = 1 . d Z i denotes the normalized Boltzmann weight of each state.
2606.16875	4	-2.75459		12	E			Table S1: State-resolved output from Crispy of the Co 2+ crystal-field multiplet calculation for the O h crystal-field limit ( D σ = D τ = 0 ) at T = 300 K and μ 0 H = 6 T. The calculation used 10 D q = 0.9 eV, F k = 0.75 , G k = 0.78 , and ζ = 1 . d Z i denotes the normalized Boltzmann weight of each state.
2606.16875	4	3.7483		12	⟨ S 2 ⟩			Table S1: State-resolved output from Crispy of the Co 2+ crystal-field multiplet calculation for the O h crystal-field limit ( D σ = D τ = 0 ) at T = 300 K and μ 0 H = 6 T. The calculation used 10 D q = 0.9 eV, F k = 0.75 , G k = 0.78 , and ζ = 1 . d Z i denotes the normalized Boltzmann weight of each state.
2606.16875	4	11.7544		12	⟨ L 2 ⟩			Table S1: State-resolved output from Crispy of the Co 2+ crystal-field multiplet calculation for the O h crystal-field limit ( D σ = D τ = 0 ) at T = 300 K and μ 0 H = 6 T. The calculation used 10 D q = 0.9 eV, F k = 0.75 , G k = 0.78 , and ζ = 1 . d Z i denotes the normalized Boltzmann weight of each state.
2606.16875	4	11.5113		12	⟨ J 2 ⟩			Table S1: State-resolved output from Crispy of the Co 2+ crystal-field multiplet calculation for the O h crystal-field limit ( D σ = D τ = 0 ) at T = 300 K and μ 0 H = 6 T. The calculation used 10 D q = 0.9 eV, F k = 0.75 , G k = 0.78 , and ζ = 1 . d Z i denotes the normalized Boltzmann weight of each state.
2606.16875	4	0.5521		12	⟨ S k ⟩			Table S1: State-resolved output from Crispy of the Co 2+ crystal-field multiplet calculation for the O h crystal-field limit ( D σ = D τ = 0 ) at T = 300 K and μ 0 H = 6 T. The calculation used 10 D q = 0.9 eV, F k = 0.75 , G k = 0.78 , and ζ = 1 . d Z i denotes the normalized Boltzmann weight of each state.
2606.16875	4	-0.6178		12	⟨ L k ⟩			Table S1: State-resolved output from Crispy of the Co 2+ crystal-field multiplet calculation for the O h crystal-field limit ( D σ = D τ = 0 ) at T = 300 K and μ 0 H = 6 T. The calculation used 10 D q = 0.9 eV, F k = 0.75 , G k = 0.78 , and ζ = 1 . d Z i denotes the normalized Boltzmann weight of each state.
2606.16875	4	-0.0658		12	⟨ J k ⟩			Table S1: State-resolved output from Crispy of the Co 2+ crystal-field multiplet calculation for the O h crystal-field limit ( D σ = D τ = 0 ) at T = 300 K and μ 0 H = 6 T. The calculation used 10 D q = 0.9 eV, F k = 0.75 , G k = 0.78 , and ζ = 1 . d Z i denotes the normalized Boltzmann weight of each state.
2606.16875	4	0.1234		12	⟨ T k ⟩			Table S1: State-resolved output from Crispy of the Co 2+ crystal-field multiplet calculation for the O h crystal-field limit ( D σ = D τ = 0 ) at T = 300 K and μ 0 H = 6 T. The calculation used 10 D q = 0.9 eV, F k = 0.75 , G k = 0.78 , and ζ = 1 . d Z i denotes the normalized Boltzmann weight of each state.
2606.16875	4	0.6083		12	⟨ 𝐥 ⋅ 𝐬 ⟩			Table S1: State-resolved output from Crispy of the Co 2+ crystal-field multiplet calculation for the O h crystal-field limit ( D σ = D τ = 0 ) at T = 300 K and μ 0 H = 6 T. The calculation used 10 D q = 0.9 eV, F k = 0.75 , G k = 0.78 , and ζ = 1 . d Z i denotes the normalized Boltzmann weight of each state.
2606.16875	5	11.3184		- 0.15	⟨ L 2 ⟩			Table S2: Thermally averaged quantities obtained from the Co 2+ atomic multiplet calculations using Crispy at T = 300 K and μ 0 H = 6 T for different values of the trigonal crystal-field parameter D σ . In all calculations, D τ = 0 , 10 D q = 0.9 eV, F k = 0.75 , G k = 0.78 , and ζ = 1 were kept fixed. The case D σ = D τ = 0 corresponds to the O h limit.
2606.16875	5	3.745		- 0.15	⟨ S 2 ⟩			Table S2: Thermally averaged quantities obtained from the Co 2+ atomic multiplet calculations using Crispy at T = 300 K and μ 0 H = 6 T for different values of the trigonal crystal-field parameter D σ . In all calculations, D τ = 0 , 10 D q = 0.9 eV, F k = 0.75 , G k = 0.78 , and ζ = 1 were kept fixed. The case D σ = D τ = 0 corresponds to the O h limit.
2606.16875	5	17.9877		- 0.15	⟨ J 2 ⟩			Table S2: Thermally averaged quantities obtained from the Co 2+ atomic multiplet calculations using Crispy at T = 300 K and μ 0 H = 6 T for different values of the trigonal crystal-field parameter D σ . In all calculations, D τ = 0 , 10 D q = 0.9 eV, F k = 0.75 , G k = 0.78 , and ζ = 1 were kept fixed. The case D σ = D τ = 0 corresponds to the O h limit.
2606.16875	5	-0.0144		- 0.15	⟨ L z ⟩			Table S2: Thermally averaged quantities obtained from the Co 2+ atomic multiplet calculations using Crispy at T = 300 K and μ 0 H = 6 T for different values of the trigonal crystal-field parameter D σ . In all calculations, D τ = 0 , 10 D q = 0.9 eV, F k = 0.75 , G k = 0.78 , and ζ = 1 were kept fixed. The case D σ = D τ = 0 corresponds to the O h limit.
2606.16875	5	-0.035		- 0.15	⟨ S z ⟩			Table S2: Thermally averaged quantities obtained from the Co 2+ atomic multiplet calculations using Crispy at T = 300 K and μ 0 H = 6 T for different values of the trigonal crystal-field parameter D σ . In all calculations, D τ = 0 , 10 D q = 0.9 eV, F k = 0.75 , G k = 0.78 , and ζ = 1 were kept fixed. The case D σ = D τ = 0 corresponds to the O h limit.
2606.16875	5	-0.0494		- 0.15	⟨ J z ⟩			Table S2: Thermally averaged quantities obtained from the Co 2+ atomic multiplet calculations using Crispy at T = 300 K and μ 0 H = 6 T for different values of the trigonal crystal-field parameter D σ . In all calculations, D τ = 0 , 10 D q = 0.9 eV, F k = 0.75 , G k = 0.78 , and ζ = 1 were kept fixed. The case D σ = D τ = 0 corresponds to the O h limit.
2606.16875	5	0.00352		- 0.15	⟨ T z ⟩			Table S2: Thermally averaged quantities obtained from the Co 2+ atomic multiplet calculations using Crispy at T = 300 K and μ 0 H = 6 T for different values of the trigonal crystal-field parameter D σ . In all calculations, D τ = 0 , 10 D q = 0.9 eV, F k = 0.75 , G k = 0.78 , and ζ = 1 were kept fixed. The case D σ = D τ = 0 corresponds to the O h limit.
2606.16875	5	-0.0227		- 0.15	⟨ S eff ⟩			Table S2: Thermally averaged quantities obtained from the Co 2+ atomic multiplet calculations using Crispy at T = 300 K and μ 0 H = 6 T for different values of the trigonal crystal-field parameter D σ . In all calculations, D τ = 0 , 10 D q = 0.9 eV, F k = 0.75 , G k = 0.78 , and ζ = 1 were kept fixed. The case D σ = D τ = 0 corresponds to the O h limit.
2606.16875	5	-0.62		- 0.15	⟨ 𝐥 ⋅ 𝐬 ⟩			Table S2: Thermally averaged quantities obtained from the Co 2+ atomic multiplet calculations using Crispy at T = 300 K and μ 0 H = 6 T for different values of the trigonal crystal-field parameter D σ . In all calculations, D τ = 0 , 10 D q = 0.9 eV, F k = 0.75 , G k = 0.78 , and ζ = 1 were kept fixed. The case D σ = D τ = 0 corresponds to the O h limit.
2606.16875	5	11.5485		- 0.10	⟨ L 2 ⟩			Table S2: Thermally averaged quantities obtained from the Co 2+ atomic multiplet calculations using Crispy at T = 300 K and μ 0 H = 6 T for different values of the trigonal crystal-field parameter D σ . In all calculations, D τ = 0 , 10 D q = 0.9 eV, F k = 0.75 , G k = 0.78 , and ζ = 1 were kept fixed. The case D σ = D τ = 0 corresponds to the O h limit.
2606.16875	5	3.7436		- 0.10	⟨ S 2 ⟩			Table S2: Thermally averaged quantities obtained from the Co 2+ atomic multiplet calculations using Crispy at T = 300 K and μ 0 H = 6 T for different values of the trigonal crystal-field parameter D σ . In all calculations, D τ = 0 , 10 D q = 0.9 eV, F k = 0.75 , G k = 0.78 , and ζ = 1 were kept fixed. The case D σ = D τ = 0 corresponds to the O h limit.
2606.16875	5	19.3782		- 0.10	⟨ J 2 ⟩			Table S2: Thermally averaged quantities obtained from the Co 2+ atomic multiplet calculations using Crispy at T = 300 K and μ 0 H = 6 T for different values of the trigonal crystal-field parameter D σ . In all calculations, D τ = 0 , 10 D q = 0.9 eV, F k = 0.75 , G k = 0.78 , and ζ = 1 were kept fixed. The case D σ = D τ = 0 corresponds to the O h limit.
2606.16875	5	-0.0171		- 0.10	⟨ L z ⟩			Table S2: Thermally averaged quantities obtained from the Co 2+ atomic multiplet calculations using Crispy at T = 300 K and μ 0 H = 6 T for different values of the trigonal crystal-field parameter D σ . In all calculations, D τ = 0 , 10 D q = 0.9 eV, F k = 0.75 , G k = 0.78 , and ζ = 1 were kept fixed. The case D σ = D τ = 0 corresponds to the O h limit.
2606.16875	5	-0.0323		- 0.10	⟨ S z ⟩			Table S2: Thermally averaged quantities obtained from the Co 2+ atomic multiplet calculations using Crispy at T = 300 K and μ 0 H = 6 T for different values of the trigonal crystal-field parameter D σ . In all calculations, D τ = 0 , 10 D q = 0.9 eV, F k = 0.75 , G k = 0.78 , and ζ = 1 were kept fixed. The case D σ = D τ = 0 corresponds to the O h limit.
2606.16875	5	-0.0494		- 0.10	⟨ J z ⟩			Table S2: Thermally averaged quantities obtained from the Co 2+ atomic multiplet calculations using Crispy at T = 300 K and μ 0 H = 6 T for different values of the trigonal crystal-field parameter D σ . In all calculations, D τ = 0 , 10 D q = 0.9 eV, F k = 0.75 , G k = 0.78 , and ζ = 1 were kept fixed. The case D σ = D τ = 0 corresponds to the O h limit.
2606.16875	5	0.00257		- 0.10	⟨ T z ⟩			Table S2: Thermally averaged quantities obtained from the Co 2+ atomic multiplet calculations using Crispy at T = 300 K and μ 0 H = 6 T for different values of the trigonal crystal-field parameter D σ . In all calculations, D τ = 0 , 10 D q = 0.9 eV, F k = 0.75 , G k = 0.78 , and ζ = 1 were kept fixed. The case D σ = D τ = 0 corresponds to the O h limit.
2606.16875	5	-0.0233		- 0.10	⟨ S eff ⟩			Table S2: Thermally averaged quantities obtained from the Co 2+ atomic multiplet calculations using Crispy at T = 300 K and μ 0 H = 6 T for different values of the trigonal crystal-field parameter D σ . In all calculations, D τ = 0 , 10 D q = 0.9 eV, F k = 0.75 , G k = 0.78 , and ζ = 1 were kept fixed. The case D σ = D τ = 0 corresponds to the O h limit.
2606.16875	5	-0.8094		- 0.10	⟨ 𝐥 ⋅ 𝐬 ⟩			Table S2: Thermally averaged quantities obtained from the Co 2+ atomic multiplet calculations using Crispy at T = 300 K and μ 0 H = 6 T for different values of the trigonal crystal-field parameter D σ . In all calculations, D τ = 0 , 10 D q = 0.9 eV, F k = 0.75 , G k = 0.78 , and ζ = 1 were kept fixed. The case D σ = D τ = 0 corresponds to the O h limit.
2606.16875	5	11.7366		- 0.05	⟨ L 2 ⟩			Table S2: Thermally averaged quantities obtained from the Co 2+ atomic multiplet calculations using Crispy at T = 300 K and μ 0 H = 6 T for different values of the trigonal crystal-field parameter D σ . In all calculations, D τ = 0 , 10 D q = 0.9 eV, F k = 0.75 , G k = 0.78 , and ζ = 1 were kept fixed. The case D σ = D τ = 0 corresponds to the O h limit.
2606.16875	5	3.7446		- 0.05	⟨ S 2 ⟩			Table S2: Thermally averaged quantities obtained from the Co 2+ atomic multiplet calculations using Crispy at T = 300 K and μ 0 H = 6 T for different values of the trigonal crystal-field parameter D σ . In all calculations, D τ = 0 , 10 D q = 0.9 eV, F k = 0.75 , G k = 0.78 , and ζ = 1 were kept fixed. The case D σ = D τ = 0 corresponds to the O h limit.
2606.16875	5	21.1274		- 0.05	⟨ J 2 ⟩			Table S2: Thermally averaged quantities obtained from the Co 2+ atomic multiplet calculations using Crispy at T = 300 K and μ 0 H = 6 T for different values of the trigonal crystal-field parameter D σ . In all calculations, D τ = 0 , 10 D q = 0.9 eV, F k = 0.75 , G k = 0.78 , and ζ = 1 were kept fixed. The case D σ = D τ = 0 corresponds to the O h limit.
2606.16875	5	-0.0281		- 0.05	⟨ L z ⟩			Table S2: Thermally averaged quantities obtained from the Co 2+ atomic multiplet calculations using Crispy at T = 300 K and μ 0 H = 6 T for different values of the trigonal crystal-field parameter D σ . In all calculations, D τ = 0 , 10 D q = 0.9 eV, F k = 0.75 , G k = 0.78 , and ζ = 1 were kept fixed. The case D σ = D τ = 0 corresponds to the O h limit.
2606.16875	5	-0.0335		- 0.05	⟨ S z ⟩			Table S2: Thermally averaged quantities obtained from the Co 2+ atomic multiplet calculations using Crispy at T = 300 K and μ 0 H = 6 T for different values of the trigonal crystal-field parameter D σ . In all calculations, D τ = 0 , 10 D q = 0.9 eV, F k = 0.75 , G k = 0.78 , and ζ = 1 were kept fixed. The case D σ = D τ = 0 corresponds to the O h limit.
2606.16875	5	-0.0616		- 0.05	⟨ J z ⟩			Table S2: Thermally averaged quantities obtained from the Co 2+ atomic multiplet calculations using Crispy at T = 300 K and μ 0 H = 6 T for different values of the trigonal crystal-field parameter D σ . In all calculations, D τ = 0 , 10 D q = 0.9 eV, F k = 0.75 , G k = 0.78 , and ζ = 1 were kept fixed. The case D σ = D τ = 0 corresponds to the O h limit.
2606.16875	5	0.00155		- 0.05	⟨ T z ⟩			Table S2: Thermally averaged quantities obtained from the Co 2+ atomic multiplet calculations using Crispy at T = 300 K and μ 0 H = 6 T for different values of the trigonal crystal-field parameter D σ . In all calculations, D τ = 0 , 10 D q = 0.9 eV, F k = 0.75 , G k = 0.78 , and ζ = 1 were kept fixed. The case D σ = D τ = 0 corresponds to the O h limit.
2606.16875	5	-0.0281		- 0.05	⟨ S eff ⟩			Table S2: Thermally averaged quantities obtained from the Co 2+ atomic multiplet calculations using Crispy at T = 300 K and μ 0 H = 6 T for different values of the trigonal crystal-field parameter D σ . In all calculations, D τ = 0 , 10 D q = 0.9 eV, F k = 0.75 , G k = 0.78 , and ζ = 1 were kept fixed. The case D σ = D τ = 0 corresponds to the O h limit.
2606.16875	5	-1.0647		- 0.05	⟨ 𝐥 ⋅ 𝐬 ⟩			Table S2: Thermally averaged quantities obtained from the Co 2+ atomic multiplet calculations using Crispy at T = 300 K and μ 0 H = 6 T for different values of the trigonal crystal-field parameter D σ . In all calculations, D τ = 0 , 10 D q = 0.9 eV, F k = 0.75 , G k = 0.78 , and ζ = 1 were kept fixed. The case D σ = D τ = 0 corresponds to the O h limit.
2606.16875	5	11.7971		0	⟨ L 2 ⟩			Table S2: Thermally averaged quantities obtained from the Co 2+ atomic multiplet calculations using Crispy at T = 300 K and μ 0 H = 6 T for different values of the trigonal crystal-field parameter D σ . In all calculations, D τ = 0 , 10 D q = 0.9 eV, F k = 0.75 , G k = 0.78 , and ζ = 1 were kept fixed. The case D σ = D τ = 0 corresponds to the O h limit.
2606.16875	5	3.743		0	⟨ S 2 ⟩			Table S2: Thermally averaged quantities obtained from the Co 2+ atomic multiplet calculations using Crispy at T = 300 K and μ 0 H = 6 T for different values of the trigonal crystal-field parameter D σ . In all calculations, D τ = 0 , 10 D q = 0.9 eV, F k = 0.75 , G k = 0.78 , and ζ = 1 were kept fixed. The case D σ = D τ = 0 corresponds to the O h limit.
2606.16875	5	21.8804		0	⟨ J 2 ⟩			Table S2: Thermally averaged quantities obtained from the Co 2+ atomic multiplet calculations using Crispy at T = 300 K and μ 0 H = 6 T for different values of the trigonal crystal-field parameter D σ . In all calculations, D τ = 0 , 10 D q = 0.9 eV, F k = 0.75 , G k = 0.78 , and ζ = 1 were kept fixed. The case D σ = D τ = 0 corresponds to the O h limit.
2606.16875	5	-0.0446		0	⟨ L z ⟩			Table S2: Thermally averaged quantities obtained from the Co 2+ atomic multiplet calculations using Crispy at T = 300 K and μ 0 H = 6 T for different values of the trigonal crystal-field parameter D σ . In all calculations, D τ = 0 , 10 D q = 0.9 eV, F k = 0.75 , G k = 0.78 , and ζ = 1 were kept fixed. The case D σ = D τ = 0 corresponds to the O h limit.
2606.16875	5	-0.0423		0	⟨ S z ⟩			Table S2: Thermally averaged quantities obtained from the Co 2+ atomic multiplet calculations using Crispy at T = 300 K and μ 0 H = 6 T for different values of the trigonal crystal-field parameter D σ . In all calculations, D τ = 0 , 10 D q = 0.9 eV, F k = 0.75 , G k = 0.78 , and ζ = 1 were kept fixed. The case D σ = D τ = 0 corresponds to the O h limit.
2606.16875	5	-0.0869		0	⟨ J z ⟩			Table S2: Thermally averaged quantities obtained from the Co 2+ atomic multiplet calculations using Crispy at T = 300 K and μ 0 H = 6 T for different values of the trigonal crystal-field parameter D σ . In all calculations, D τ = 0 , 10 D q = 0.9 eV, F k = 0.75 , G k = 0.78 , and ζ = 1 were kept fixed. The case D σ = D τ = 0 corresponds to the O h limit.
2606.16875	5	0.00046		0	⟨ T z ⟩			Table S2: Thermally averaged quantities obtained from the Co 2+ atomic multiplet calculations using Crispy at T = 300 K and μ 0 H = 6 T for different values of the trigonal crystal-field parameter D σ . In all calculations, D τ = 0 , 10 D q = 0.9 eV, F k = 0.75 , G k = 0.78 , and ζ = 1 were kept fixed. The case D σ = D τ = 0 corresponds to the O h limit.
2606.16875	5	-0.0407		0	⟨ S eff ⟩			Table S2: Thermally averaged quantities obtained from the Co 2+ atomic multiplet calculations using Crispy at T = 300 K and μ 0 H = 6 T for different values of the trigonal crystal-field parameter D σ . In all calculations, D τ = 0 , 10 D q = 0.9 eV, F k = 0.75 , G k = 0.78 , and ζ = 1 were kept fixed. The case D σ = D τ = 0 corresponds to the O h limit.
2606.16875	5	-1.1784		0	⟨ 𝐥 ⋅ 𝐬 ⟩			Table S2: Thermally averaged quantities obtained from the Co 2+ atomic multiplet calculations using Crispy at T = 300 K and μ 0 H = 6 T for different values of the trigonal crystal-field parameter D σ . In all calculations, D τ = 0 , 10 D q = 0.9 eV, F k = 0.75 , G k = 0.78 , and ζ = 1 were kept fixed. The case D σ = D τ = 0 corresponds to the O h limit.
2606.16875	5	11.7546		+ 0.05	⟨ L 2 ⟩			Table S2: Thermally averaged quantities obtained from the Co 2+ atomic multiplet calculations using Crispy at T = 300 K and μ 0 H = 6 T for different values of the trigonal crystal-field parameter D σ . In all calculations, D τ = 0 , 10 D q = 0.9 eV, F k = 0.75 , G k = 0.78 , and ζ = 1 were kept fixed. The case D σ = D τ = 0 corresponds to the O h limit.
2606.16875	5	3.7418		+ 0.05	⟨ S 2 ⟩			Table S2: Thermally averaged quantities obtained from the Co 2+ atomic multiplet calculations using Crispy at T = 300 K and μ 0 H = 6 T for different values of the trigonal crystal-field parameter D σ . In all calculations, D τ = 0 , 10 D q = 0.9 eV, F k = 0.75 , G k = 0.78 , and ζ = 1 were kept fixed. The case D σ = D τ = 0 corresponds to the O h limit.
2606.16875	5	21.4463		+ 0.05	⟨ J 2 ⟩			Table S2: Thermally averaged quantities obtained from the Co 2+ atomic multiplet calculations using Crispy at T = 300 K and μ 0 H = 6 T for different values of the trigonal crystal-field parameter D σ . In all calculations, D τ = 0 , 10 D q = 0.9 eV, F k = 0.75 , G k = 0.78 , and ζ = 1 were kept fixed. The case D σ = D τ = 0 corresponds to the O h limit.
2606.16875	5	-0.0524		+ 0.05	⟨ L z ⟩			Table S2: Thermally averaged quantities obtained from the Co 2+ atomic multiplet calculations using Crispy at T = 300 K and μ 0 H = 6 T for different values of the trigonal crystal-field parameter D σ . In all calculations, D τ = 0 , 10 D q = 0.9 eV, F k = 0.75 , G k = 0.78 , and ζ = 1 were kept fixed. The case D σ = D τ = 0 corresponds to the O h limit.
2606.16875	5	-0.0486		+ 0.05	⟨ S z ⟩			Table S2: Thermally averaged quantities obtained from the Co 2+ atomic multiplet calculations using Crispy at T = 300 K and μ 0 H = 6 T for different values of the trigonal crystal-field parameter D σ . In all calculations, D τ = 0 , 10 D q = 0.9 eV, F k = 0.75 , G k = 0.78 , and ζ = 1 were kept fixed. The case D σ = D τ = 0 corresponds to the O h limit.
2606.16875	5	-0.101		+ 0.05	⟨ J z ⟩			Table S2: Thermally averaged quantities obtained from the Co 2+ atomic multiplet calculations using Crispy at T = 300 K and μ 0 H = 6 T for different values of the trigonal crystal-field parameter D σ . In all calculations, D τ = 0 , 10 D q = 0.9 eV, F k = 0.75 , G k = 0.78 , and ζ = 1 were kept fixed. The case D σ = D τ = 0 corresponds to the O h limit.
2606.16875	5	-0.00049		+ 0.05	⟨ T z ⟩			Table S2: Thermally averaged quantities obtained from the Co 2+ atomic multiplet calculations using Crispy at T = 300 K and μ 0 H = 6 T for different values of the trigonal crystal-field parameter D σ . In all calculations, D τ = 0 , 10 D q = 0.9 eV, F k = 0.75 , G k = 0.78 , and ζ = 1 were kept fixed. The case D σ = D τ = 0 corresponds to the O h limit.
2606.16875	5	-0.0503		+ 0.05	⟨ S eff ⟩			Table S2: Thermally averaged quantities obtained from the Co 2+ atomic multiplet calculations using Crispy at T = 300 K and μ 0 H = 6 T for different values of the trigonal crystal-field parameter D σ . In all calculations, D τ = 0 , 10 D q = 0.9 eV, F k = 0.75 , G k = 0.78 , and ζ = 1 were kept fixed. The case D σ = D τ = 0 corresponds to the O h limit.
2606.16875	5	-1.1143		+ 0.05	⟨ 𝐥 ⋅ 𝐬 ⟩			Table S2: Thermally averaged quantities obtained from the Co 2+ atomic multiplet calculations using Crispy at T = 300 K and μ 0 H = 6 T for different values of the trigonal crystal-field parameter D σ . In all calculations, D τ = 0 , 10 D q = 0.9 eV, F k = 0.75 , G k = 0.78 , and ζ = 1 were kept fixed. The case D σ = D τ = 0 corresponds to the O h limit.
2606.16875	5	11.6714		+ 0.10	⟨ L 2 ⟩			Table S2: Thermally averaged quantities obtained from the Co 2+ atomic multiplet calculations using Crispy at T = 300 K and μ 0 H = 6 T for different values of the trigonal crystal-field parameter D σ . In all calculations, D τ = 0 , 10 D q = 0.9 eV, F k = 0.75 , G k = 0.78 , and ζ = 1 were kept fixed. The case D σ = D τ = 0 corresponds to the O h limit.
2606.16875	5	3.7414		+ 0.10	⟨ S 2 ⟩			Table S2: Thermally averaged quantities obtained from the Co 2+ atomic multiplet calculations using Crispy at T = 300 K and μ 0 H = 6 T for different values of the trigonal crystal-field parameter D σ . In all calculations, D τ = 0 , 10 D q = 0.9 eV, F k = 0.75 , G k = 0.78 , and ζ = 1 were kept fixed. The case D σ = D τ = 0 corresponds to the O h limit.
2606.16875	5	20.7222		+ 0.10	⟨ J 2 ⟩			Table S2: Thermally averaged quantities obtained from the Co 2+ atomic multiplet calculations using Crispy at T = 300 K and μ 0 H = 6 T for different values of the trigonal crystal-field parameter D σ . In all calculations, D τ = 0 , 10 D q = 0.9 eV, F k = 0.75 , G k = 0.78 , and ζ = 1 were kept fixed. The case D σ = D τ = 0 corresponds to the O h limit.
2606.16875	5	-0.0516		+ 0.10	⟨ L z ⟩			Table S2: Thermally averaged quantities obtained from the Co 2+ atomic multiplet calculations using Crispy at T = 300 K and μ 0 H = 6 T for different values of the trigonal crystal-field parameter D σ . In all calculations, D τ = 0 , 10 D q = 0.9 eV, F k = 0.75 , G k = 0.78 , and ζ = 1 were kept fixed. The case D σ = D τ = 0 corresponds to the O h limit.
2606.16875	5	-0.0503		+ 0.10	⟨ S z ⟩			Table S2: Thermally averaged quantities obtained from the Co 2+ atomic multiplet calculations using Crispy at T = 300 K and μ 0 H = 6 T for different values of the trigonal crystal-field parameter D σ . In all calculations, D τ = 0 , 10 D q = 0.9 eV, F k = 0.75 , G k = 0.78 , and ζ = 1 were kept fixed. The case D σ = D τ = 0 corresponds to the O h limit.
2606.16875	5	-0.1018		+ 0.10	⟨ J z ⟩			Table S2: Thermally averaged quantities obtained from the Co 2+ atomic multiplet calculations using Crispy at T = 300 K and μ 0 H = 6 T for different values of the trigonal crystal-field parameter D σ . In all calculations, D τ = 0 , 10 D q = 0.9 eV, F k = 0.75 , G k = 0.78 , and ζ = 1 were kept fixed. The case D σ = D τ = 0 corresponds to the O h limit.
2606.16875	5	-0.00049		+ 0.10	⟨ T z ⟩			Table S2: Thermally averaged quantities obtained from the Co 2+ atomic multiplet calculations using Crispy at T = 300 K and μ 0 H = 6 T for different values of the trigonal crystal-field parameter D σ . In all calculations, D τ = 0 , 10 D q = 0.9 eV, F k = 0.75 , G k = 0.78 , and ζ = 1 were kept fixed. The case D σ = D τ = 0 corresponds to the O h limit.
2606.16875	5	-0.052		+ 0.10	⟨ S eff ⟩			Table S2: Thermally averaged quantities obtained from the Co 2+ atomic multiplet calculations using Crispy at T = 300 K and μ 0 H = 6 T for different values of the trigonal crystal-field parameter D σ . In all calculations, D τ = 0 , 10 D q = 0.9 eV, F k = 0.75 , G k = 0.78 , and ζ = 1 were kept fixed. The case D σ = D τ = 0 corresponds to the O h limit.
2606.16875	5	-1.0096		+ 0.10	⟨ 𝐥 ⋅ 𝐬 ⟩			Table S2: Thermally averaged quantities obtained from the Co 2+ atomic multiplet calculations using Crispy at T = 300 K and μ 0 H = 6 T for different values of the trigonal crystal-field parameter D σ . In all calculations, D τ = 0 , 10 D q = 0.9 eV, F k = 0.75 , G k = 0.78 , and ζ = 1 were kept fixed. The case D σ = D τ = 0 corresponds to the O h limit.
2606.16875	5	11.5634		+ 0.15	⟨ L 2 ⟩			Table S2: Thermally averaged quantities obtained from the Co 2+ atomic multiplet calculations using Crispy at T = 300 K and μ 0 H = 6 T for different values of the trigonal crystal-field parameter D σ . In all calculations, D τ = 0 , 10 D q = 0.9 eV, F k = 0.75 , G k = 0.78 , and ζ = 1 were kept fixed. The case D σ = D τ = 0 corresponds to the O h limit.
2606.16875	5	3.7421		+ 0.15	⟨ S 2 ⟩			Table S2: Thermally averaged quantities obtained from the Co 2+ atomic multiplet calculations using Crispy at T = 300 K and μ 0 H = 6 T for different values of the trigonal crystal-field parameter D σ . In all calculations, D τ = 0 , 10 D q = 0.9 eV, F k = 0.75 , G k = 0.78 , and ζ = 1 were kept fixed. The case D σ = D τ = 0 corresponds to the O h limit.
2606.16875	5	19.9922		+ 0.15	⟨ J 2 ⟩			Table S2: Thermally averaged quantities obtained from the Co 2+ atomic multiplet calculations using Crispy at T = 300 K and μ 0 H = 6 T for different values of the trigonal crystal-field parameter D σ . In all calculations, D τ = 0 , 10 D q = 0.9 eV, F k = 0.75 , G k = 0.78 , and ζ = 1 were kept fixed. The case D σ = D τ = 0 corresponds to the O h limit.
2606.16875	5	-0.0457		+ 0.15	⟨ L z ⟩			Table S2: Thermally averaged quantities obtained from the Co 2+ atomic multiplet calculations using Crispy at T = 300 K and μ 0 H = 6 T for different values of the trigonal crystal-field parameter D σ . In all calculations, D τ = 0 , 10 D q = 0.9 eV, F k = 0.75 , G k = 0.78 , and ζ = 1 were kept fixed. The case D σ = D τ = 0 corresponds to the O h limit.
2606.16875	5	-0.0495		+ 0.15	⟨ S z ⟩			Table S2: Thermally averaged quantities obtained from the Co 2+ atomic multiplet calculations using Crispy at T = 300 K and μ 0 H = 6 T for different values of the trigonal crystal-field parameter D σ . In all calculations, D τ = 0 , 10 D q = 0.9 eV, F k = 0.75 , G k = 0.78 , and ζ = 1 were kept fixed. The case D σ = D τ = 0 corresponds to the O h limit.
2606.16875	5	-0.0952		+ 0.15	⟨ J z ⟩			Table S2: Thermally averaged quantities obtained from the Co 2+ atomic multiplet calculations using Crispy at T = 300 K and μ 0 H = 6 T for different values of the trigonal crystal-field parameter D σ . In all calculations, D τ = 0 , 10 D q = 0.9 eV, F k = 0.75 , G k = 0.78 , and ζ = 1 were kept fixed. The case D σ = D τ = 0 corresponds to the O h limit.
2606.16875	5	-0.00178		+ 0.15	⟨ T z ⟩			Table S2: Thermally averaged quantities obtained from the Co 2+ atomic multiplet calculations using Crispy at T = 300 K and μ 0 H = 6 T for different values of the trigonal crystal-field parameter D σ . In all calculations, D τ = 0 , 10 D q = 0.9 eV, F k = 0.75 , G k = 0.78 , and ζ = 1 were kept fixed. The case D σ = D τ = 0 corresponds to the O h limit.
2606.16875	5	-0.0557		+ 0.15	⟨ S eff ⟩			Table S2: Thermally averaged quantities obtained from the Co 2+ atomic multiplet calculations using Crispy at T = 300 K and μ 0 H = 6 T for different values of the trigonal crystal-field parameter D σ . In all calculations, D τ = 0 , 10 D q = 0.9 eV, F k = 0.75 , G k = 0.78 , and ζ = 1 were kept fixed. The case D σ = D τ = 0 corresponds to the O h limit.
2606.16875	5	-0.9087		+ 0.15	⟨ 𝐥 ⋅ 𝐬 ⟩			Table S2: Thermally averaged quantities obtained from the Co 2+ atomic multiplet calculations using Crispy at T = 300 K and μ 0 H = 6 T for different values of the trigonal crystal-field parameter D σ . In all calculations, D τ = 0 , 10 D q = 0.9 eV, F k = 0.75 , G k = 0.78 , and ζ = 1 were kept fixed. The case D σ = D τ = 0 corresponds to the O h limit.
2606.17045	2	0.2511731		FCNN	Fidelity	L=13		Table 3: Supervised learning of the exact many-body sVBS state for L = 13 , t 2 = 0.5 t 1 , and J 1 = J 2 = 0 . The fully connected neural network (FCNN) has three hidden layers of width 1024 . The convolutional network (Conv1D) has three convolutional layers with kernel size 3 and hidden dimension 64 ; it collapses to an almost-zero prediction because the output is averaged over incompatible local structures. The transformer uses a standard vision-transformer-style architecture with patch size 2 for pairing [ 17 , 75 ] . Our VBS-inspired network uses kernel size 2 and hidden dimension 16 , and is trained for 2,000 epochs with Adam.
2606.17045	2	0.0048141		Transformer	Fidelity	L=13		Table 3: Supervised learning of the exact many-body sVBS state for L = 13 , t 2 = 0.5 t 1 , and J 1 = J 2 = 0 . The fully connected neural network (FCNN) has three hidden layers of width 1024 . The convolutional network (Conv1D) has three convolutional layers with kernel size 3 and hidden dimension 64 ; it collapses to an almost-zero prediction because the output is averaged over incompatible local structures. The transformer uses a standard vision-transformer-style architecture with patch size 2 for pairing [ 17 , 75 ] . Our VBS-inspired network uses kernel size 2 and hidden dimension 16 , and is trained for 2,000 epochs with Adam.
2606.17045	2	0.9999867		VBS NN	Fidelity	L=13		Table 3: Supervised learning of the exact many-body sVBS state for L = 13 , t 2 = 0.5 t 1 , and J 1 = J 2 = 0 . The fully connected neural network (FCNN) has three hidden layers of width 1024 . The convolutional network (Conv1D) has three convolutional layers with kernel size 3 and hidden dimension 64 ; it collapses to an almost-zero prediction because the output is averaged over incompatible local structures. The transformer uses a standard vision-transformer-style architecture with patch size 2 for pairing [ 17 , 75 ] . Our VBS-inspired network uses kernel size 2 and hidden dimension 16 , and is trained for 2,000 epochs with Adam.
2606.17045	3	-2.519684		E exact	21	N=10		Table 4: Fixed-budget VMC benchmark at t 1 = 1 and t 2 = 0.5 with N s = 10,000 samples and 100 optimization epochs. The spin branch is pretrained and frozen, so VMC optimizes only the hole sector.
2606.17045	3	-2.526143		E exact	23	N=10		Table 4: Fixed-budget VMC benchmark at t 1 = 1 and t 2 = 0.5 with N s = 10,000 samples and 100 optimization epochs. The spin branch is pretrained and frozen, so VMC optimizes only the hole sector.
2606.17045	3	-2.531216		E exact	25	N=10		Table 4: Fixed-budget VMC benchmark at t 1 = 1 and t 2 = 0.5 with N s = 10,000 samples and 100 optimization epochs. The spin branch is pretrained and frozen, so VMC optimizes only the hole sector.
2606.17045	3	-2.535273		E exact	27	N=10		Table 4: Fixed-budget VMC benchmark at t 1 = 1 and t 2 = 0.5 with N s = 10,000 samples and 100 optimization epochs. The spin branch is pretrained and frozen, so VMC optimizes only the hole sector.
2606.17045	3	-2.538568		E exact	29	N=10		Table 4: Fixed-budget VMC benchmark at t 1 = 1 and t 2 = 0.5 with N s = 10,000 samples and 100 optimization epochs. The spin branch is pretrained and frozen, so VMC optimizes only the hole sector.
2606.17045	3	-2.541281		E exact	31	N=10		Table 4: Fixed-budget VMC benchmark at t 1 = 1 and t 2 = 0.5 with N s = 10,000 samples and 100 optimization epochs. The spin branch is pretrained and frozen, so VMC optimizes only the hole sector.
2606.17045	3	-2.514891		E vmc	21	N=10		Table 4: Fixed-budget VMC benchmark at t 1 = 1 and t 2 = 0.5 with N s = 10,000 samples and 100 optimization epochs. The spin branch is pretrained and frozen, so VMC optimizes only the hole sector.
2606.17045	3	-2.523682		E vmc	23	N=10		Table 4: Fixed-budget VMC benchmark at t 1 = 1 and t 2 = 0.5 with N s = 10,000 samples and 100 optimization epochs. The spin branch is pretrained and frozen, so VMC optimizes only the hole sector.
2606.17045	3	-2.524803		E vmc	25	N=10		Table 4: Fixed-budget VMC benchmark at t 1 = 1 and t 2 = 0.5 with N s = 10,000 samples and 100 optimization epochs. The spin branch is pretrained and frozen, so VMC optimizes only the hole sector.
2606.17045	3	-2.5232678		E vmc	27	N=10		Table 4: Fixed-budget VMC benchmark at t 1 = 1 and t 2 = 0.5 with N s = 10,000 samples and 100 optimization epochs. The spin branch is pretrained and frozen, so VMC optimizes only the hole sector.
2606.17045	3	-2.521457		E vmc	29	N=10		Table 4: Fixed-budget VMC benchmark at t 1 = 1 and t 2 = 0.5 with N s = 10,000 samples and 100 optimization epochs. The spin branch is pretrained and frozen, so VMC optimizes only the hole sector.
2606.17045	3	-2.535425		E vmc	31	N=10		Table 4: Fixed-budget VMC benchmark at t 1 = 1 and t 2 = 0.5 with N s = 10,000 samples and 100 optimization epochs. The spin branch is pretrained and frozen, so VMC optimizes only the hole sector.
2606.17045	4	-2.519684		E exact	21	L=101		Table 5: Large-system VMC sensitivity study at t 1 = 1 and t 2 = 0.5 with hidden dimension 64 , using direct gradient optimization without SR. Rows compare optimization budgets and sampling strategies (random-two-site updates versus nearest-neighbor hole moves). For reference, an additional benchmark is E exact ( L = 101 ) = - 2.55856 .
2606.17045	4	-2.526143		E exact	23	L=101		Table 5: Large-system VMC sensitivity study at t 1 = 1 and t 2 = 0.5 with hidden dimension 64 , using direct gradient optimization without SR. Rows compare optimization budgets and sampling strategies (random-two-site updates versus nearest-neighbor hole moves). For reference, an additional benchmark is E exact ( L = 101 ) = - 2.55856 .
2606.17045	4	-2.531216		E exact	25	L=101		Table 5: Large-system VMC sensitivity study at t 1 = 1 and t 2 = 0.5 with hidden dimension 64 , using direct gradient optimization without SR. Rows compare optimization budgets and sampling strategies (random-two-site updates versus nearest-neighbor hole moves). For reference, an additional benchmark is E exact ( L = 101 ) = - 2.55856 .
2606.17045	4	-2.535273		E exact	27	L=101		Table 5: Large-system VMC sensitivity study at t 1 = 1 and t 2 = 0.5 with hidden dimension 64 , using direct gradient optimization without SR. Rows compare optimization budgets and sampling strategies (random-two-site updates versus nearest-neighbor hole moves). For reference, an additional benchmark is E exact ( L = 101 ) = - 2.55856 .
2606.17045	4	-2.538568		E exact	29	L=101		Table 5: Large-system VMC sensitivity study at t 1 = 1 and t 2 = 0.5 with hidden dimension 64 , using direct gradient optimization without SR. Rows compare optimization budgets and sampling strategies (random-two-site updates versus nearest-neighbor hole moves). For reference, an additional benchmark is E exact ( L = 101 ) = - 2.55856 .
2606.17045	4	-2.541281		E exact	31	L=101		Table 5: Large-system VMC sensitivity study at t 1 = 1 and t 2 = 0.5 with hidden dimension 64 , using direct gradient optimization without SR. Rows compare optimization budgets and sampling strategies (random-two-site updates versus nearest-neighbor hole moves). For reference, an additional benchmark is E exact ( L = 101 ) = - 2.55856 .
2606.17045	4	-2.520858		E vmc (epoch 1000 , N s = 10 4 )	21	N=10,L=101		Table 5: Large-system VMC sensitivity study at t 1 = 1 and t 2 = 0.5 with hidden dimension 64 , using direct gradient optimization without SR. Rows compare optimization budgets and sampling strategies (random-two-site updates versus nearest-neighbor hole moves). For reference, an additional benchmark is E exact ( L = 101 ) = - 2.55856 .
2606.17045	4	-2.425977		E vmc (epoch 1000 , N s = 10 4 )	23	N=10,L=101		Table 5: Large-system VMC sensitivity study at t 1 = 1 and t 2 = 0.5 with hidden dimension 64 , using direct gradient optimization without SR. Rows compare optimization budgets and sampling strategies (random-two-site updates versus nearest-neighbor hole moves). For reference, an additional benchmark is E exact ( L = 101 ) = - 2.55856 .
2606.17045	4	-2.254782		E vmc (epoch 1000 , N s = 10 4 )	25	N=10,L=101		Table 5: Large-system VMC sensitivity study at t 1 = 1 and t 2 = 0.5 with hidden dimension 64 , using direct gradient optimization without SR. Rows compare optimization budgets and sampling strategies (random-two-site updates versus nearest-neighbor hole moves). For reference, an additional benchmark is E exact ( L = 101 ) = - 2.55856 .
2606.17045	4	-2.280139		E vmc (epoch 1000 , N s = 10 4 )	27	N=10,L=101		Table 5: Large-system VMC sensitivity study at t 1 = 1 and t 2 = 0.5 with hidden dimension 64 , using direct gradient optimization without SR. Rows compare optimization budgets and sampling strategies (random-two-site updates versus nearest-neighbor hole moves). For reference, an additional benchmark is E exact ( L = 101 ) = - 2.55856 .
2606.17045	4	-2.175475		E vmc (epoch 1000 , N s = 10 4 )	29	N=10,L=101		Table 5: Large-system VMC sensitivity study at t 1 = 1 and t 2 = 0.5 with hidden dimension 64 , using direct gradient optimization without SR. Rows compare optimization budgets and sampling strategies (random-two-site updates versus nearest-neighbor hole moves). For reference, an additional benchmark is E exact ( L = 101 ) = - 2.55856 .
2606.17045	4	-2.257368		E vmc (epoch 1000 , N s = 10 4 )	31	N=10,L=101		Table 5: Large-system VMC sensitivity study at t 1 = 1 and t 2 = 0.5 with hidden dimension 64 , using direct gradient optimization without SR. Rows compare optimization budgets and sampling strategies (random-two-site updates versus nearest-neighbor hole moves). For reference, an additional benchmark is E exact ( L = 101 ) = - 2.55856 .
2606.17045	4	-2.507296		E vmc (epoch 2000 , N s = 10 4 )	21	N=10,L=101		Table 5: Large-system VMC sensitivity study at t 1 = 1 and t 2 = 0.5 with hidden dimension 64 , using direct gradient optimization without SR. Rows compare optimization budgets and sampling strategies (random-two-site updates versus nearest-neighbor hole moves). For reference, an additional benchmark is E exact ( L = 101 ) = - 2.55856 .
2606.17045	4	-2.244623		E vmc (epoch 2000 , N s = 10 4 )	23	N=10,L=101		Table 5: Large-system VMC sensitivity study at t 1 = 1 and t 2 = 0.5 with hidden dimension 64 , using direct gradient optimization without SR. Rows compare optimization budgets and sampling strategies (random-two-site updates versus nearest-neighbor hole moves). For reference, an additional benchmark is E exact ( L = 101 ) = - 2.55856 .
2606.17045	4	-2.163037		E vmc (epoch 2000 , N s = 10 4 )	25	N=10,L=101		Table 5: Large-system VMC sensitivity study at t 1 = 1 and t 2 = 0.5 with hidden dimension 64 , using direct gradient optimization without SR. Rows compare optimization budgets and sampling strategies (random-two-site updates versus nearest-neighbor hole moves). For reference, an additional benchmark is E exact ( L = 101 ) = - 2.55856 .
2606.17045	4	-2.267434		E vmc (epoch 2000 , N s = 10 4 )	27	N=10,L=101		Table 5: Large-system VMC sensitivity study at t 1 = 1 and t 2 = 0.5 with hidden dimension 64 , using direct gradient optimization without SR. Rows compare optimization budgets and sampling strategies (random-two-site updates versus nearest-neighbor hole moves). For reference, an additional benchmark is E exact ( L = 101 ) = - 2.55856 .
2606.17045	4	-2.176712		E vmc (epoch 2000 , N s = 10 4 )	29	N=10,L=101		Table 5: Large-system VMC sensitivity study at t 1 = 1 and t 2 = 0.5 with hidden dimension 64 , using direct gradient optimization without SR. Rows compare optimization budgets and sampling strategies (random-two-site updates versus nearest-neighbor hole moves). For reference, an additional benchmark is E exact ( L = 101 ) = - 2.55856 .
2606.17045	4	-2.218174		E vmc (epoch 2000 , N s = 10 4 )	31	N=10,L=101		Table 5: Large-system VMC sensitivity study at t 1 = 1 and t 2 = 0.5 with hidden dimension 64 , using direct gradient optimization without SR. Rows compare optimization budgets and sampling strategies (random-two-site updates versus nearest-neighbor hole moves). For reference, an additional benchmark is E exact ( L = 101 ) = - 2.55856 .
2606.17045	4	-2.498387		E vmc (epoch 3000 , N s = 10 4 )	21	N=10,L=101		Table 5: Large-system VMC sensitivity study at t 1 = 1 and t 2 = 0.5 with hidden dimension 64 , using direct gradient optimization without SR. Rows compare optimization budgets and sampling strategies (random-two-site updates versus nearest-neighbor hole moves). For reference, an additional benchmark is E exact ( L = 101 ) = - 2.55856 .
2606.17045	4	-2.406371		E vmc (epoch 3000 , N s = 10 4 )	23	N=10,L=101		Table 5: Large-system VMC sensitivity study at t 1 = 1 and t 2 = 0.5 with hidden dimension 64 , using direct gradient optimization without SR. Rows compare optimization budgets and sampling strategies (random-two-site updates versus nearest-neighbor hole moves). For reference, an additional benchmark is E exact ( L = 101 ) = - 2.55856 .
2606.17045	4	-2.239218		E vmc (epoch 3000 , N s = 10 4 )	25	N=10,L=101		Table 5: Large-system VMC sensitivity study at t 1 = 1 and t 2 = 0.5 with hidden dimension 64 , using direct gradient optimization without SR. Rows compare optimization budgets and sampling strategies (random-two-site updates versus nearest-neighbor hole moves). For reference, an additional benchmark is E exact ( L = 101 ) = - 2.55856 .
2606.17045	4	-2.269608		E vmc (epoch 3000 , N s = 10 4 )	27	N=10,L=101		Table 5: Large-system VMC sensitivity study at t 1 = 1 and t 2 = 0.5 with hidden dimension 64 , using direct gradient optimization without SR. Rows compare optimization budgets and sampling strategies (random-two-site updates versus nearest-neighbor hole moves). For reference, an additional benchmark is E exact ( L = 101 ) = - 2.55856 .
2606.17045	4	-2.183908		E vmc (epoch 3000 , N s = 10 4 )	29	N=10,L=101		Table 5: Large-system VMC sensitivity study at t 1 = 1 and t 2 = 0.5 with hidden dimension 64 , using direct gradient optimization without SR. Rows compare optimization budgets and sampling strategies (random-two-site updates versus nearest-neighbor hole moves). For reference, an additional benchmark is E exact ( L = 101 ) = - 2.55856 .
2606.17045	4	-2.206605		E vmc (epoch 3000 , N s = 10 4 )	31	N=10,L=101		Table 5: Large-system VMC sensitivity study at t 1 = 1 and t 2 = 0.5 with hidden dimension 64 , using direct gradient optimization without SR. Rows compare optimization budgets and sampling strategies (random-two-site updates versus nearest-neighbor hole moves). For reference, an additional benchmark is E exact ( L = 101 ) = - 2.55856 .
2606.17045	4	-2.499968		E vmc (epoch 100 , N s = 10 5 )	21	N=10,L=101		Table 5: Large-system VMC sensitivity study at t 1 = 1 and t 2 = 0.5 with hidden dimension 64 , using direct gradient optimization without SR. Rows compare optimization budgets and sampling strategies (random-two-site updates versus nearest-neighbor hole moves). For reference, an additional benchmark is E exact ( L = 101 ) = - 2.55856 .
2606.17045	4	-2.505271		E vmc (epoch 100 , N s = 10 5 )	23	N=10,L=101		Table 5: Large-system VMC sensitivity study at t 1 = 1 and t 2 = 0.5 with hidden dimension 64 , using direct gradient optimization without SR. Rows compare optimization budgets and sampling strategies (random-two-site updates versus nearest-neighbor hole moves). For reference, an additional benchmark is E exact ( L = 101 ) = - 2.55856 .
2606.17045	4	-2.246792		E vmc (epoch 100 , N s = 10 5 )	25	N=10,L=101		Table 5: Large-system VMC sensitivity study at t 1 = 1 and t 2 = 0.5 with hidden dimension 64 , using direct gradient optimization without SR. Rows compare optimization budgets and sampling strategies (random-two-site updates versus nearest-neighbor hole moves). For reference, an additional benchmark is E exact ( L = 101 ) = - 2.55856 .
2606.17045	4	-2.256597		E vmc (epoch 100 , N s = 10 5 )	27	N=10,L=101		Table 5: Large-system VMC sensitivity study at t 1 = 1 and t 2 = 0.5 with hidden dimension 64 , using direct gradient optimization without SR. Rows compare optimization budgets and sampling strategies (random-two-site updates versus nearest-neighbor hole moves). For reference, an additional benchmark is E exact ( L = 101 ) = - 2.55856 .
2606.17045	4	-2.182826		E vmc (epoch 100 , N s = 10 5 )	29	N=10,L=101		Table 5: Large-system VMC sensitivity study at t 1 = 1 and t 2 = 0.5 with hidden dimension 64 , using direct gradient optimization without SR. Rows compare optimization budgets and sampling strategies (random-two-site updates versus nearest-neighbor hole moves). For reference, an additional benchmark is E exact ( L = 101 ) = - 2.55856 .
2606.17045	4	-2.193448		E vmc (epoch 100 , N s = 10 5 )	31	N=10,L=101		Table 5: Large-system VMC sensitivity study at t 1 = 1 and t 2 = 0.5 with hidden dimension 64 , using direct gradient optimization without SR. Rows compare optimization budgets and sampling strategies (random-two-site updates versus nearest-neighbor hole moves). For reference, an additional benchmark is E exact ( L = 101 ) = - 2.55856 .
2606.17045	4	-2.510174		E vmc (hole sampler, N s = 10 4 )	21	N=10,L=101		Table 5: Large-system VMC sensitivity study at t 1 = 1 and t 2 = 0.5 with hidden dimension 64 , using direct gradient optimization without SR. Rows compare optimization budgets and sampling strategies (random-two-site updates versus nearest-neighbor hole moves). For reference, an additional benchmark is E exact ( L = 101 ) = - 2.55856 .
2606.17045	4	-2.468095		E vmc (hole sampler, N s = 10 4 )	23	N=10,L=101		Table 5: Large-system VMC sensitivity study at t 1 = 1 and t 2 = 0.5 with hidden dimension 64 , using direct gradient optimization without SR. Rows compare optimization budgets and sampling strategies (random-two-site updates versus nearest-neighbor hole moves). For reference, an additional benchmark is E exact ( L = 101 ) = - 2.55856 .
2606.17045	4	-2.289946		E vmc (hole sampler, N s = 10 4 )	25	N=10,L=101		Table 5: Large-system VMC sensitivity study at t 1 = 1 and t 2 = 0.5 with hidden dimension 64 , using direct gradient optimization without SR. Rows compare optimization budgets and sampling strategies (random-two-site updates versus nearest-neighbor hole moves). For reference, an additional benchmark is E exact ( L = 101 ) = - 2.55856 .
2606.17045	4	-2.296831		E vmc (hole sampler, N s = 10 4 )	27	N=10,L=101		Table 5: Large-system VMC sensitivity study at t 1 = 1 and t 2 = 0.5 with hidden dimension 64 , using direct gradient optimization without SR. Rows compare optimization budgets and sampling strategies (random-two-site updates versus nearest-neighbor hole moves). For reference, an additional benchmark is E exact ( L = 101 ) = - 2.55856 .
2606.17045	4	-2.186189		E vmc (hole sampler, N s = 10 4 )	29	N=10,L=101		Table 5: Large-system VMC sensitivity study at t 1 = 1 and t 2 = 0.5 with hidden dimension 64 , using direct gradient optimization without SR. Rows compare optimization budgets and sampling strategies (random-two-site updates versus nearest-neighbor hole moves). For reference, an additional benchmark is E exact ( L = 101 ) = - 2.55856 .
2606.17045	4	-2.215386		E vmc (hole sampler, N s = 10 4 )	31	N=10,L=101		Table 5: Large-system VMC sensitivity study at t 1 = 1 and t 2 = 0.5 with hidden dimension 64 , using direct gradient optimization without SR. Rows compare optimization budgets and sampling strategies (random-two-site updates versus nearest-neighbor hole moves). For reference, an additional benchmark is E exact ( L = 101 ) = - 2.55856 .
2606.18339	0	0.999943	0.000005	12	Fidelity			Table 1: The number of ADAPT iterations, variational parameters, ground-state energy error δ , and state fidelity relative to exact diagonalization for the SK model with L sites and Γ = 1 averaged over five instances of the model couplings.
2606.18339	0	0.999908	0.000008	14	Fidelity			Table 1: The number of ADAPT iterations, variational parameters, ground-state energy error δ , and state fidelity relative to exact diagonalization for the SK model with L sites and Γ = 1 averaged over five instances of the model couplings.
2606.18339	0	0.999868	0.00001	16	Fidelity			Table 1: The number of ADAPT iterations, variational parameters, ground-state energy error δ , and state fidelity relative to exact diagonalization for the SK model with L sites and Γ = 1 averaged over five instances of the model couplings.
2606.18339	0	0.999828	0.000013	18	Fidelity			Table 1: The number of ADAPT iterations, variational parameters, ground-state energy error δ , and state fidelity relative to exact diagonalization for the SK model with L sites and Γ = 1 averaged over five instances of the model couplings.
2606.18339	1	0.999999	0	12	Fidelity			Table 2: The number of ADAPT iterations, variational parameters, ground-state energy error δ , and state fidelity relative to exact diagonalization for the SK model with L sites and Γ = 3 averaged over five instances of the model couplings.
2606.18339	1	0.999999	0	14	Fidelity			Table 2: The number of ADAPT iterations, variational parameters, ground-state energy error δ , and state fidelity relative to exact diagonalization for the SK model with L sites and Γ = 3 averaged over five instances of the model couplings.
2606.18339	1	0.999999	0	16	Fidelity			Table 2: The number of ADAPT iterations, variational parameters, ground-state energy error δ , and state fidelity relative to exact diagonalization for the SK model with L sites and Γ = 3 averaged over five instances of the model couplings.
2606.18339	1	0.999999	0	18	Fidelity			Table 2: The number of ADAPT iterations, variational parameters, ground-state energy error δ , and state fidelity relative to exact diagonalization for the SK model with L sites and Γ = 3 averaged over five instances of the model couplings.
2606.18339	2	0.9993	0.0001	16	Fidelity			Table 3: The number of ADAPT iterations, variational parameters, ground-state energy error δ , and state fidelity relative to exact diagonalization for the dense SYK model with N Majorana fermions averaged over five instances of the model.
2606.18339	2	0.9982	0.0006	18	Fidelity			Table 3: The number of ADAPT iterations, variational parameters, ground-state energy error δ , and state fidelity relative to exact diagonalization for the dense SYK model with N Majorana fermions averaged over five instances of the model.
2606.18339	2	0.9936	0.0027	20	Fidelity			Table 3: The number of ADAPT iterations, variational parameters, ground-state energy error δ , and state fidelity relative to exact diagonalization for the dense SYK model with N Majorana fermions averaged over five instances of the model.
2606.25600	7	0.0314			( N , N ) = ( 8 , 8 )		TFIsing	Table 8 : This table lists the best results for each NQS ansatz (chosen from different runs) of 2D TFIM VMC experiments using 1D Euclidean and hyperbolic Poincaré/Lorentz RNN/GRU NQS ansatzes for different square lattice sizes ( N , N ) at B x = 3.0 . The number of samples used for inference is 10 4 . For each NQS ansatz, we first list the mean energy in the first line, followed by the standard error directly below in the second line. For each ( N , N ) experiment setting, the two best performing NQS ansatzes are noted in bold. Note that in all three cases, the top performing ansatzes are always hyperbolic NQS.
2606.25600	7	0.078			( N , N ) = ( 10 , 10 )		TFIsing	Table 8 : This table lists the best results for each NQS ansatz (chosen from different runs) of 2D TFIM VMC experiments using 1D Euclidean and hyperbolic Poincaré/Lorentz RNN/GRU NQS ansatzes for different square lattice sizes ( N , N ) at B x = 3.0 . The number of samples used for inference is 10 4 . For each NQS ansatz, we first list the mean energy in the first line, followed by the standard error directly below in the second line. For each ( N , N ) experiment setting, the two best performing NQS ansatzes are noted in bold. Note that in all three cases, the top performing ansatzes are always hyperbolic NQS.
2606.25600	7	0.0852			( N , N ) = ( 12 , 12 )		TFIsing	Table 8 : This table lists the best results for each NQS ansatz (chosen from different runs) of 2D TFIM VMC experiments using 1D Euclidean and hyperbolic Poincaré/Lorentz RNN/GRU NQS ansatzes for different square lattice sizes ( N , N ) at B x = 3.0 . The number of samples used for inference is 10 4 . For each NQS ansatz, we first list the mean energy in the first line, followed by the standard error directly below in the second line. For each ( N , N ) experiment setting, the two best performing NQS ansatzes are noted in bold. Note that in all three cases, the top performing ansatzes are always hyperbolic NQS.
2606.25600	7	0.0269			( N , N ) = ( 8 , 8 )		TFIsing	Table 8 : This table lists the best results for each NQS ansatz (chosen from different runs) of 2D TFIM VMC experiments using 1D Euclidean and hyperbolic Poincaré/Lorentz RNN/GRU NQS ansatzes for different square lattice sizes ( N , N ) at B x = 3.0 . The number of samples used for inference is 10 4 . For each NQS ansatz, we first list the mean energy in the first line, followed by the standard error directly below in the second line. For each ( N , N ) experiment setting, the two best performing NQS ansatzes are noted in bold. Note that in all three cases, the top performing ansatzes are always hyperbolic NQS.
2606.25600	7	0.0517			( N , N ) = ( 10 , 10 )		TFIsing	Table 8 : This table lists the best results for each NQS ansatz (chosen from different runs) of 2D TFIM VMC experiments using 1D Euclidean and hyperbolic Poincaré/Lorentz RNN/GRU NQS ansatzes for different square lattice sizes ( N , N ) at B x = 3.0 . The number of samples used for inference is 10 4 . For each NQS ansatz, we first list the mean energy in the first line, followed by the standard error directly below in the second line. For each ( N , N ) experiment setting, the two best performing NQS ansatzes are noted in bold. Note that in all three cases, the top performing ansatzes are always hyperbolic NQS.
2606.25600	7	0.0944			( N , N ) = ( 12 , 12 )		TFIsing	Table 8 : This table lists the best results for each NQS ansatz (chosen from different runs) of 2D TFIM VMC experiments using 1D Euclidean and hyperbolic Poincaré/Lorentz RNN/GRU NQS ansatzes for different square lattice sizes ( N , N ) at B x = 3.0 . The number of samples used for inference is 10 4 . For each NQS ansatz, we first list the mean energy in the first line, followed by the standard error directly below in the second line. For each ( N , N ) experiment setting, the two best performing NQS ansatzes are noted in bold. Note that in all three cases, the top performing ansatzes are always hyperbolic NQS.
2606.25600	7	0.0315			( N , N ) = ( 8 , 8 )		TFIsing	Table 8 : This table lists the best results for each NQS ansatz (chosen from different runs) of 2D TFIM VMC experiments using 1D Euclidean and hyperbolic Poincaré/Lorentz RNN/GRU NQS ansatzes for different square lattice sizes ( N , N ) at B x = 3.0 . The number of samples used for inference is 10 4 . For each NQS ansatz, we first list the mean energy in the first line, followed by the standard error directly below in the second line. For each ( N , N ) experiment setting, the two best performing NQS ansatzes are noted in bold. Note that in all three cases, the top performing ansatzes are always hyperbolic NQS.
2606.25600	7	0.0412			( N , N ) = ( 10 , 10 )		TFIsing	Table 8 : This table lists the best results for each NQS ansatz (chosen from different runs) of 2D TFIM VMC experiments using 1D Euclidean and hyperbolic Poincaré/Lorentz RNN/GRU NQS ansatzes for different square lattice sizes ( N , N ) at B x = 3.0 . The number of samples used for inference is 10 4 . For each NQS ansatz, we first list the mean energy in the first line, followed by the standard error directly below in the second line. For each ( N , N ) experiment setting, the two best performing NQS ansatzes are noted in bold. Note that in all three cases, the top performing ansatzes are always hyperbolic NQS.
2606.25600	7	0.0938			( N , N ) = ( 12 , 12 )		TFIsing	Table 8 : This table lists the best results for each NQS ansatz (chosen from different runs) of 2D TFIM VMC experiments using 1D Euclidean and hyperbolic Poincaré/Lorentz RNN/GRU NQS ansatzes for different square lattice sizes ( N , N ) at B x = 3.0 . The number of samples used for inference is 10 4 . For each NQS ansatz, we first list the mean energy in the first line, followed by the standard error directly below in the second line. For each ( N , N ) experiment setting, the two best performing NQS ansatzes are noted in bold. Note that in all three cases, the top performing ansatzes are always hyperbolic NQS.
2606.25600	7	0.0441			( N , N ) = ( 8 , 8 )		TFIsing	Table 8 : This table lists the best results for each NQS ansatz (chosen from different runs) of 2D TFIM VMC experiments using 1D Euclidean and hyperbolic Poincaré/Lorentz RNN/GRU NQS ansatzes for different square lattice sizes ( N , N ) at B x = 3.0 . The number of samples used for inference is 10 4 . For each NQS ansatz, we first list the mean energy in the first line, followed by the standard error directly below in the second line. For each ( N , N ) experiment setting, the two best performing NQS ansatzes are noted in bold. Note that in all three cases, the top performing ansatzes are always hyperbolic NQS.
2606.25600	7	0.0611			( N , N ) = ( 10 , 10 )		TFIsing	Table 8 : This table lists the best results for each NQS ansatz (chosen from different runs) of 2D TFIM VMC experiments using 1D Euclidean and hyperbolic Poincaré/Lorentz RNN/GRU NQS ansatzes for different square lattice sizes ( N , N ) at B x = 3.0 . The number of samples used for inference is 10 4 . For each NQS ansatz, we first list the mean energy in the first line, followed by the standard error directly below in the second line. For each ( N , N ) experiment setting, the two best performing NQS ansatzes are noted in bold. Note that in all three cases, the top performing ansatzes are always hyperbolic NQS.
2606.25600	7	0.0763			( N , N ) = ( 12 , 12 )		TFIsing	Table 8 : This table lists the best results for each NQS ansatz (chosen from different runs) of 2D TFIM VMC experiments using 1D Euclidean and hyperbolic Poincaré/Lorentz RNN/GRU NQS ansatzes for different square lattice sizes ( N , N ) at B x = 3.0 . The number of samples used for inference is 10 4 . For each NQS ansatz, we first list the mean energy in the first line, followed by the standard error directly below in the second line. For each ( N , N ) experiment setting, the two best performing NQS ansatzes are noted in bold. Note that in all three cases, the top performing ansatzes are always hyperbolic NQS.
2606.25600	7	0.0296			( N , N ) = ( 8 , 8 )		TFIsing	Table 8 : This table lists the best results for each NQS ansatz (chosen from different runs) of 2D TFIM VMC experiments using 1D Euclidean and hyperbolic Poincaré/Lorentz RNN/GRU NQS ansatzes for different square lattice sizes ( N , N ) at B x = 3.0 . The number of samples used for inference is 10 4 . For each NQS ansatz, we first list the mean energy in the first line, followed by the standard error directly below in the second line. For each ( N , N ) experiment setting, the two best performing NQS ansatzes are noted in bold. Note that in all three cases, the top performing ansatzes are always hyperbolic NQS.
2606.25600	7	0.0449			( N , N ) = ( 10 , 10 )		TFIsing	Table 8 : This table lists the best results for each NQS ansatz (chosen from different runs) of 2D TFIM VMC experiments using 1D Euclidean and hyperbolic Poincaré/Lorentz RNN/GRU NQS ansatzes for different square lattice sizes ( N , N ) at B x = 3.0 . The number of samples used for inference is 10 4 . For each NQS ansatz, we first list the mean energy in the first line, followed by the standard error directly below in the second line. For each ( N , N ) experiment setting, the two best performing NQS ansatzes are noted in bold. Note that in all three cases, the top performing ansatzes are always hyperbolic NQS.
2606.25600	7	0.0636			( N , N ) = ( 12 , 12 )		TFIsing	Table 8 : This table lists the best results for each NQS ansatz (chosen from different runs) of 2D TFIM VMC experiments using 1D Euclidean and hyperbolic Poincaré/Lorentz RNN/GRU NQS ansatzes for different square lattice sizes ( N , N ) at B x = 3.0 . The number of samples used for inference is 10 4 . For each NQS ansatz, we first list the mean energy in the first line, followed by the standard error directly below in the second line. For each ( N , N ) experiment setting, the two best performing NQS ansatzes are noted in bold. Note that in all three cases, the top performing ansatzes are always hyperbolic NQS.
2606.25600	7	0.0445			( N , N ) = ( 8 , 8 )		TFIsing	Table 8 : This table lists the best results for each NQS ansatz (chosen from different runs) of 2D TFIM VMC experiments using 1D Euclidean and hyperbolic Poincaré/Lorentz RNN/GRU NQS ansatzes for different square lattice sizes ( N , N ) at B x = 3.0 . The number of samples used for inference is 10 4 . For each NQS ansatz, we first list the mean energy in the first line, followed by the standard error directly below in the second line. For each ( N , N ) experiment setting, the two best performing NQS ansatzes are noted in bold. Note that in all three cases, the top performing ansatzes are always hyperbolic NQS.
2606.25600	7	0.0537			( N , N ) = ( 10 , 10 )		TFIsing	Table 8 : This table lists the best results for each NQS ansatz (chosen from different runs) of 2D TFIM VMC experiments using 1D Euclidean and hyperbolic Poincaré/Lorentz RNN/GRU NQS ansatzes for different square lattice sizes ( N , N ) at B x = 3.0 . The number of samples used for inference is 10 4 . For each NQS ansatz, we first list the mean energy in the first line, followed by the standard error directly below in the second line. For each ( N , N ) experiment setting, the two best performing NQS ansatzes are noted in bold. Note that in all three cases, the top performing ansatzes are always hyperbolic NQS.
2606.25600	7	0.0691			( N , N ) = ( 12 , 12 )		TFIsing	Table 8 : This table lists the best results for each NQS ansatz (chosen from different runs) of 2D TFIM VMC experiments using 1D Euclidean and hyperbolic Poincaré/Lorentz RNN/GRU NQS ansatzes for different square lattice sizes ( N , N ) at B x = 3.0 . The number of samples used for inference is 10 4 . For each NQS ansatz, we first list the mean energy in the first line, followed by the standard error directly below in the second line. For each ( N , N ) experiment setting, the two best performing NQS ansatzes are noted in bold. Note that in all three cases, the top performing ansatzes are always hyperbolic NQS.
2606.25600	8	0.0528			( N , N ) = ( 8 , 8 )		TFIsing	Table 9 : This table lists the averaged results for each NQS ansatz across multiple different runs of 2D TFIM VMC experiments using 1D Euclidean and hyperbolic Poincaré/Lorentz RNN/GRU NQS ansatzes for different square lattice sizes ( N , N ) at B x = 3.0 . The number of samples used for inference is 10 4 . For each NQS ansatz, we first list the mean energy in the first line, followed by the standard error directly below in the second line. For each ( N , N ) experiment setting, the two best performing NQS ansatzes are noted in bold. Note that in all three cases, the top performing ansatzes are always hyperbolic NQS.
2606.25600	8	0.0801			( N , N ) = ( 10 , 10 )		TFIsing	Table 9 : This table lists the averaged results for each NQS ansatz across multiple different runs of 2D TFIM VMC experiments using 1D Euclidean and hyperbolic Poincaré/Lorentz RNN/GRU NQS ansatzes for different square lattice sizes ( N , N ) at B x = 3.0 . The number of samples used for inference is 10 4 . For each NQS ansatz, we first list the mean energy in the first line, followed by the standard error directly below in the second line. For each ( N , N ) experiment setting, the two best performing NQS ansatzes are noted in bold. Note that in all three cases, the top performing ansatzes are always hyperbolic NQS.
2606.25600	8	0.0889			( N , N ) = ( 12 , 12 )		TFIsing	Table 9 : This table lists the averaged results for each NQS ansatz across multiple different runs of 2D TFIM VMC experiments using 1D Euclidean and hyperbolic Poincaré/Lorentz RNN/GRU NQS ansatzes for different square lattice sizes ( N , N ) at B x = 3.0 . The number of samples used for inference is 10 4 . For each NQS ansatz, we first list the mean energy in the first line, followed by the standard error directly below in the second line. For each ( N , N ) experiment setting, the two best performing NQS ansatzes are noted in bold. Note that in all three cases, the top performing ansatzes are always hyperbolic NQS.
2606.25600	8	0.0328			( N , N ) = ( 8 , 8 )		TFIsing	Table 9 : This table lists the averaged results for each NQS ansatz across multiple different runs of 2D TFIM VMC experiments using 1D Euclidean and hyperbolic Poincaré/Lorentz RNN/GRU NQS ansatzes for different square lattice sizes ( N , N ) at B x = 3.0 . The number of samples used for inference is 10 4 . For each NQS ansatz, we first list the mean energy in the first line, followed by the standard error directly below in the second line. For each ( N , N ) experiment setting, the two best performing NQS ansatzes are noted in bold. Note that in all three cases, the top performing ansatzes are always hyperbolic NQS.
2606.25600	8	0.0705			( N , N ) = ( 10 , 10 )		TFIsing	Table 9 : This table lists the averaged results for each NQS ansatz across multiple different runs of 2D TFIM VMC experiments using 1D Euclidean and hyperbolic Poincaré/Lorentz RNN/GRU NQS ansatzes for different square lattice sizes ( N , N ) at B x = 3.0 . The number of samples used for inference is 10 4 . For each NQS ansatz, we first list the mean energy in the first line, followed by the standard error directly below in the second line. For each ( N , N ) experiment setting, the two best performing NQS ansatzes are noted in bold. Note that in all three cases, the top performing ansatzes are always hyperbolic NQS.
2606.25600	8	0.0996			( N , N ) = ( 12 , 12 )		TFIsing	Table 9 : This table lists the averaged results for each NQS ansatz across multiple different runs of 2D TFIM VMC experiments using 1D Euclidean and hyperbolic Poincaré/Lorentz RNN/GRU NQS ansatzes for different square lattice sizes ( N , N ) at B x = 3.0 . The number of samples used for inference is 10 4 . For each NQS ansatz, we first list the mean energy in the first line, followed by the standard error directly below in the second line. For each ( N , N ) experiment setting, the two best performing NQS ansatzes are noted in bold. Note that in all three cases, the top performing ansatzes are always hyperbolic NQS.
2606.25600	8	0.0409			( N , N ) = ( 8 , 8 )		TFIsing	Table 9 : This table lists the averaged results for each NQS ansatz across multiple different runs of 2D TFIM VMC experiments using 1D Euclidean and hyperbolic Poincaré/Lorentz RNN/GRU NQS ansatzes for different square lattice sizes ( N , N ) at B x = 3.0 . The number of samples used for inference is 10 4 . For each NQS ansatz, we first list the mean energy in the first line, followed by the standard error directly below in the second line. For each ( N , N ) experiment setting, the two best performing NQS ansatzes are noted in bold. Note that in all three cases, the top performing ansatzes are always hyperbolic NQS.
2606.25600	8	0.0637			( N , N ) = ( 10 , 10 )		TFIsing	Table 9 : This table lists the averaged results for each NQS ansatz across multiple different runs of 2D TFIM VMC experiments using 1D Euclidean and hyperbolic Poincaré/Lorentz RNN/GRU NQS ansatzes for different square lattice sizes ( N , N ) at B x = 3.0 . The number of samples used for inference is 10 4 . For each NQS ansatz, we first list the mean energy in the first line, followed by the standard error directly below in the second line. For each ( N , N ) experiment setting, the two best performing NQS ansatzes are noted in bold. Note that in all three cases, the top performing ansatzes are always hyperbolic NQS.
2606.25600	8	0.0929			( N , N ) = ( 12 , 12 )		TFIsing	Table 9 : This table lists the averaged results for each NQS ansatz across multiple different runs of 2D TFIM VMC experiments using 1D Euclidean and hyperbolic Poincaré/Lorentz RNN/GRU NQS ansatzes for different square lattice sizes ( N , N ) at B x = 3.0 . The number of samples used for inference is 10 4 . For each NQS ansatz, we first list the mean energy in the first line, followed by the standard error directly below in the second line. For each ( N , N ) experiment setting, the two best performing NQS ansatzes are noted in bold. Note that in all three cases, the top performing ansatzes are always hyperbolic NQS.
2606.25600	8	0.0441			( N , N ) = ( 8 , 8 )		TFIsing	Table 9 : This table lists the averaged results for each NQS ansatz across multiple different runs of 2D TFIM VMC experiments using 1D Euclidean and hyperbolic Poincaré/Lorentz RNN/GRU NQS ansatzes for different square lattice sizes ( N , N ) at B x = 3.0 . The number of samples used for inference is 10 4 . For each NQS ansatz, we first list the mean energy in the first line, followed by the standard error directly below in the second line. For each ( N , N ) experiment setting, the two best performing NQS ansatzes are noted in bold. Note that in all three cases, the top performing ansatzes are always hyperbolic NQS.
2606.25600	8	0.0617			( N , N ) = ( 10 , 10 )		TFIsing	Table 9 : This table lists the averaged results for each NQS ansatz across multiple different runs of 2D TFIM VMC experiments using 1D Euclidean and hyperbolic Poincaré/Lorentz RNN/GRU NQS ansatzes for different square lattice sizes ( N , N ) at B x = 3.0 . The number of samples used for inference is 10 4 . For each NQS ansatz, we first list the mean energy in the first line, followed by the standard error directly below in the second line. For each ( N , N ) experiment setting, the two best performing NQS ansatzes are noted in bold. Note that in all three cases, the top performing ansatzes are always hyperbolic NQS.
2606.25600	8	0.0772			( N , N ) = ( 12 , 12 )		TFIsing	Table 9 : This table lists the averaged results for each NQS ansatz across multiple different runs of 2D TFIM VMC experiments using 1D Euclidean and hyperbolic Poincaré/Lorentz RNN/GRU NQS ansatzes for different square lattice sizes ( N , N ) at B x = 3.0 . The number of samples used for inference is 10 4 . For each NQS ansatz, we first list the mean energy in the first line, followed by the standard error directly below in the second line. For each ( N , N ) experiment setting, the two best performing NQS ansatzes are noted in bold. Note that in all three cases, the top performing ansatzes are always hyperbolic NQS.
2606.25600	8	0.0312			( N , N ) = ( 8 , 8 )		TFIsing	Table 9 : This table lists the averaged results for each NQS ansatz across multiple different runs of 2D TFIM VMC experiments using 1D Euclidean and hyperbolic Poincaré/Lorentz RNN/GRU NQS ansatzes for different square lattice sizes ( N , N ) at B x = 3.0 . The number of samples used for inference is 10 4 . For each NQS ansatz, we first list the mean energy in the first line, followed by the standard error directly below in the second line. For each ( N , N ) experiment setting, the two best performing NQS ansatzes are noted in bold. Note that in all three cases, the top performing ansatzes are always hyperbolic NQS.
2606.25600	8	0.0506			( N , N ) = ( 10 , 10 )		TFIsing	Table 9 : This table lists the averaged results for each NQS ansatz across multiple different runs of 2D TFIM VMC experiments using 1D Euclidean and hyperbolic Poincaré/Lorentz RNN/GRU NQS ansatzes for different square lattice sizes ( N , N ) at B x = 3.0 . The number of samples used for inference is 10 4 . For each NQS ansatz, we first list the mean energy in the first line, followed by the standard error directly below in the second line. For each ( N , N ) experiment setting, the two best performing NQS ansatzes are noted in bold. Note that in all three cases, the top performing ansatzes are always hyperbolic NQS.
2606.25600	8	0.0668			( N , N ) = ( 12 , 12 )		TFIsing	Table 9 : This table lists the averaged results for each NQS ansatz across multiple different runs of 2D TFIM VMC experiments using 1D Euclidean and hyperbolic Poincaré/Lorentz RNN/GRU NQS ansatzes for different square lattice sizes ( N , N ) at B x = 3.0 . The number of samples used for inference is 10 4 . For each NQS ansatz, we first list the mean energy in the first line, followed by the standard error directly below in the second line. For each ( N , N ) experiment setting, the two best performing NQS ansatzes are noted in bold. Note that in all three cases, the top performing ansatzes are always hyperbolic NQS.
2606.25600	8	0.0457			( N , N ) = ( 8 , 8 )		TFIsing	Table 9 : This table lists the averaged results for each NQS ansatz across multiple different runs of 2D TFIM VMC experiments using 1D Euclidean and hyperbolic Poincaré/Lorentz RNN/GRU NQS ansatzes for different square lattice sizes ( N , N ) at B x = 3.0 . The number of samples used for inference is 10 4 . For each NQS ansatz, we first list the mean energy in the first line, followed by the standard error directly below in the second line. For each ( N , N ) experiment setting, the two best performing NQS ansatzes are noted in bold. Note that in all three cases, the top performing ansatzes are always hyperbolic NQS.
2606.25600	8	0.0591			( N , N ) = ( 10 , 10 )		TFIsing	Table 9 : This table lists the averaged results for each NQS ansatz across multiple different runs of 2D TFIM VMC experiments using 1D Euclidean and hyperbolic Poincaré/Lorentz RNN/GRU NQS ansatzes for different square lattice sizes ( N , N ) at B x = 3.0 . The number of samples used for inference is 10 4 . For each NQS ansatz, we first list the mean energy in the first line, followed by the standard error directly below in the second line. For each ( N , N ) experiment setting, the two best performing NQS ansatzes are noted in bold. Note that in all three cases, the top performing ansatzes are always hyperbolic NQS.
2606.25600	8	0.0735			( N , N ) = ( 12 , 12 )		TFIsing	Table 9 : This table lists the averaged results for each NQS ansatz across multiple different runs of 2D TFIM VMC experiments using 1D Euclidean and hyperbolic Poincaré/Lorentz RNN/GRU NQS ansatzes for different square lattice sizes ( N , N ) at B x = 3.0 . The number of samples used for inference is 10 4 . For each NQS ansatz, we first list the mean energy in the first line, followed by the standard error directly below in the second line. For each ( N , N ) experiment setting, the two best performing NQS ansatzes are noted in bold. Note that in all three cases, the top performing ansatzes are always hyperbolic NQS.
2606.26760	0	-7.882311		LiH	E CIPSI			Table 1: NQS vs. CIPSI-SCI at natural convergence; the convergence criterion and reference conventions are defined in the main text. Columns: E are converged energies (Ha), N det the corresponding determinant counts, N NQS / N CIPSI the compactness ratio ( 1 : NQS more compact), N det Ref the reference (FCI) Hilbert dimension, and Δ E ≡ E method - E ref (mHa). Bold N NQS / N CIPSI and Δ E NQS mark the Pareto-dominant systems (NQS more compact and at least as accurate). Entries shown as 0.000 lie below the ∼ 10 - 5 mHa numerical-noise floor (sign not meaningful). ⋆ Near-exact-FCI Dice-SHCI surrogate with deterministic Epstein-Nesbet PT2 ( ε = 10 - 6 ; see text).
2606.26760	0	-7.882323		LiH	E var			Table 1: NQS vs. CIPSI-SCI at natural convergence; the convergence criterion and reference conventions are defined in the main text. Columns: E are converged energies (Ha), N det the corresponding determinant counts, N NQS / N CIPSI the compactness ratio ( 1 : NQS more compact), N det Ref the reference (FCI) Hilbert dimension, and Δ E ≡ E method - E ref (mHa). Bold N NQS / N CIPSI and Δ E NQS mark the Pareto-dominant systems (NQS more compact and at least as accurate). Entries shown as 0.000 lie below the ∼ 10 - 5 mHa numerical-noise floor (sign not meaningful). ⋆ Near-exact-FCI Dice-SHCI surrogate with deterministic Epstein-Nesbet PT2 ( ε = 10 - 6 ; see text).
2606.26760	0	-15.595118		BeH 2	E CIPSI			Table 1: NQS vs. CIPSI-SCI at natural convergence; the convergence criterion and reference conventions are defined in the main text. Columns: E are converged energies (Ha), N det the corresponding determinant counts, N NQS / N CIPSI the compactness ratio ( 1 : NQS more compact), N det Ref the reference (FCI) Hilbert dimension, and Δ E ≡ E method - E ref (mHa). Bold N NQS / N CIPSI and Δ E NQS mark the Pareto-dominant systems (NQS more compact and at least as accurate). Entries shown as 0.000 lie below the ∼ 10 - 5 mHa numerical-noise floor (sign not meaningful). ⋆ Near-exact-FCI Dice-SHCI surrogate with deterministic Epstein-Nesbet PT2 ( ε = 10 - 6 ; see text).
2606.26760	0	-15.595096		BeH 2	E var			Table 1: NQS vs. CIPSI-SCI at natural convergence; the convergence criterion and reference conventions are defined in the main text. Columns: E are converged energies (Ha), N det the corresponding determinant counts, N NQS / N CIPSI the compactness ratio ( 1 : NQS more compact), N det Ref the reference (FCI) Hilbert dimension, and Δ E ≡ E method - E ref (mHa). Bold N NQS / N CIPSI and Δ E NQS mark the Pareto-dominant systems (NQS more compact and at least as accurate). Entries shown as 0.000 lie below the ∼ 10 - 5 mHa numerical-noise floor (sign not meaningful). ⋆ Near-exact-FCI Dice-SHCI surrogate with deterministic Epstein-Nesbet PT2 ( ε = 10 - 6 ; see text).
2606.26760	0	-39.805955		CH 4	E CIPSI			Table 1: NQS vs. CIPSI-SCI at natural convergence; the convergence criterion and reference conventions are defined in the main text. Columns: E are converged energies (Ha), N det the corresponding determinant counts, N NQS / N CIPSI the compactness ratio ( 1 : NQS more compact), N det Ref the reference (FCI) Hilbert dimension, and Δ E ≡ E method - E ref (mHa). Bold N NQS / N CIPSI and Δ E NQS mark the Pareto-dominant systems (NQS more compact and at least as accurate). Entries shown as 0.000 lie below the ∼ 10 - 5 mHa numerical-noise floor (sign not meaningful). ⋆ Near-exact-FCI Dice-SHCI surrogate with deterministic Epstein-Nesbet PT2 ( ε = 10 - 6 ; see text).
2606.26760	0	-39.805999		CH 4	E var			Table 1: NQS vs. CIPSI-SCI at natural convergence; the convergence criterion and reference conventions are defined in the main text. Columns: E are converged energies (Ha), N det the corresponding determinant counts, N NQS / N CIPSI the compactness ratio ( 1 : NQS more compact), N det Ref the reference (FCI) Hilbert dimension, and Δ E ≡ E method - E ref (mHa). Bold N NQS / N CIPSI and Δ E NQS mark the Pareto-dominant systems (NQS more compact and at least as accurate). Entries shown as 0.000 lie below the ∼ 10 - 5 mHa numerical-noise floor (sign not meaningful). ⋆ Near-exact-FCI Dice-SHCI surrogate with deterministic Epstein-Nesbet PT2 ( ε = 10 - 6 ; see text).
2606.26760	0	-91.84215		HCN	E CIPSI			Table 1: NQS vs. CIPSI-SCI at natural convergence; the convergence criterion and reference conventions are defined in the main text. Columns: E are converged energies (Ha), N det the corresponding determinant counts, N NQS / N CIPSI the compactness ratio ( 1 : NQS more compact), N det Ref the reference (FCI) Hilbert dimension, and Δ E ≡ E method - E ref (mHa). Bold N NQS / N CIPSI and Δ E NQS mark the Pareto-dominant systems (NQS more compact and at least as accurate). Entries shown as 0.000 lie below the ∼ 10 - 5 mHa numerical-noise floor (sign not meaningful). ⋆ Near-exact-FCI Dice-SHCI surrogate with deterministic Epstein-Nesbet PT2 ( ε = 10 - 6 ; see text).
2606.26760	0	-91.842152		HCN	E var			Table 1: NQS vs. CIPSI-SCI at natural convergence; the convergence criterion and reference conventions are defined in the main text. Columns: E are converged energies (Ha), N det the corresponding determinant counts, N NQS / N CIPSI the compactness ratio ( 1 : NQS more compact), N det Ref the reference (FCI) Hilbert dimension, and Δ E ≡ E method - E ref (mHa). Bold N NQS / N CIPSI and Δ E NQS mark the Pareto-dominant systems (NQS more compact and at least as accurate). Entries shown as 0.000 lie below the ∼ 10 - 5 mHa numerical-noise floor (sign not meaningful). ⋆ Near-exact-FCI Dice-SHCI surrogate with deterministic Epstein-Nesbet PT2 ( ε = 10 - 6 ; see text).
2606.26760	0	-76.024487		C 2 H 2	E CIPSI			Table 1: NQS vs. CIPSI-SCI at natural convergence; the convergence criterion and reference conventions are defined in the main text. Columns: E are converged energies (Ha), N det the corresponding determinant counts, N NQS / N CIPSI the compactness ratio ( 1 : NQS more compact), N det Ref the reference (FCI) Hilbert dimension, and Δ E ≡ E method - E ref (mHa). Bold N NQS / N CIPSI and Δ E NQS mark the Pareto-dominant systems (NQS more compact and at least as accurate). Entries shown as 0.000 lie below the ∼ 10 - 5 mHa numerical-noise floor (sign not meaningful). ⋆ Near-exact-FCI Dice-SHCI surrogate with deterministic Epstein-Nesbet PT2 ( ε = 10 - 6 ; see text).
2606.26760	0	-76.024475		C 2 H 2	E var			Table 1: NQS vs. CIPSI-SCI at natural convergence; the convergence criterion and reference conventions are defined in the main text. Columns: E are converged energies (Ha), N det the corresponding determinant counts, N NQS / N CIPSI the compactness ratio ( 1 : NQS more compact), N det Ref the reference (FCI) Hilbert dimension, and Δ E ≡ E method - E ref (mHa). Bold N NQS / N CIPSI and Δ E NQS mark the Pareto-dominant systems (NQS more compact and at least as accurate). Entries shown as 0.000 lie below the ∼ 10 - 5 mHa numerical-noise floor (sign not meaningful). ⋆ Near-exact-FCI Dice-SHCI surrogate with deterministic Epstein-Nesbet PT2 ( ε = 10 - 6 ; see text).
2606.26760	0	-76.120963		H 2 O	E CIPSI			Table 1: NQS vs. CIPSI-SCI at natural convergence; the convergence criterion and reference conventions are defined in the main text. Columns: E are converged energies (Ha), N det the corresponding determinant counts, N NQS / N CIPSI the compactness ratio ( 1 : NQS more compact), N det Ref the reference (FCI) Hilbert dimension, and Δ E ≡ E method - E ref (mHa). Bold N NQS / N CIPSI and Δ E NQS mark the Pareto-dominant systems (NQS more compact and at least as accurate). Entries shown as 0.000 lie below the ∼ 10 - 5 mHa numerical-noise floor (sign not meaningful). ⋆ Near-exact-FCI Dice-SHCI surrogate with deterministic Epstein-Nesbet PT2 ( ε = 10 - 6 ; see text).
2606.26760	0	-76.120999		H 2 O	E var			Table 1: NQS vs. CIPSI-SCI at natural convergence; the convergence criterion and reference conventions are defined in the main text. Columns: E are converged energies (Ha), N det the corresponding determinant counts, N NQS / N CIPSI the compactness ratio ( 1 : NQS more compact), N det Ref the reference (FCI) Hilbert dimension, and Δ E ≡ E method - E ref (mHa). Bold N NQS / N CIPSI and Δ E NQS mark the Pareto-dominant systems (NQS more compact and at least as accurate). Entries shown as 0.000 lie below the ∼ 10 - 5 mHa numerical-noise floor (sign not meaningful). ⋆ Near-exact-FCI Dice-SHCI surrogate with deterministic Epstein-Nesbet PT2 ( ε = 10 - 6 ; see text).
2606.26760	0	-77.235243		C 2 H 4	E CIPSI			Table 1: NQS vs. CIPSI-SCI at natural convergence; the convergence criterion and reference conventions are defined in the main text. Columns: E are converged energies (Ha), N det the corresponding determinant counts, N NQS / N CIPSI the compactness ratio ( 1 : NQS more compact), N det Ref the reference (FCI) Hilbert dimension, and Δ E ≡ E method - E ref (mHa). Bold N NQS / N CIPSI and Δ E NQS mark the Pareto-dominant systems (NQS more compact and at least as accurate). Entries shown as 0.000 lie below the ∼ 10 - 5 mHa numerical-noise floor (sign not meaningful). ⋆ Near-exact-FCI Dice-SHCI surrogate with deterministic Epstein-Nesbet PT2 ( ε = 10 - 6 ; see text).
2606.26760	0	-77.235259		C 2 H 4	E var			Table 1: NQS vs. CIPSI-SCI at natural convergence; the convergence criterion and reference conventions are defined in the main text. Columns: E are converged energies (Ha), N det the corresponding determinant counts, N NQS / N CIPSI the compactness ratio ( 1 : NQS more compact), N det Ref the reference (FCI) Hilbert dimension, and Δ E ≡ E method - E ref (mHa). Bold N NQS / N CIPSI and Δ E NQS mark the Pareto-dominant systems (NQS more compact and at least as accurate). Entries shown as 0.000 lie below the ∼ 10 - 5 mHa numerical-noise floor (sign not meaningful). ⋆ Near-exact-FCI Dice-SHCI surrogate with deterministic Epstein-Nesbet PT2 ( ε = 10 - 6 ; see text).
2606.26760	0	-56.292913		NH 3	E CIPSI			Table 1: NQS vs. CIPSI-SCI at natural convergence; the convergence criterion and reference conventions are defined in the main text. Columns: E are converged energies (Ha), N det the corresponding determinant counts, N NQS / N CIPSI the compactness ratio ( 1 : NQS more compact), N det Ref the reference (FCI) Hilbert dimension, and Δ E ≡ E method - E ref (mHa). Bold N NQS / N CIPSI and Δ E NQS mark the Pareto-dominant systems (NQS more compact and at least as accurate). Entries shown as 0.000 lie below the ∼ 10 - 5 mHa numerical-noise floor (sign not meaningful). ⋆ Near-exact-FCI Dice-SHCI surrogate with deterministic Epstein-Nesbet PT2 ( ε = 10 - 6 ; see text).
2606.26760	0	-56.293111		NH 3	E var			Table 1: NQS vs. CIPSI-SCI at natural convergence; the convergence criterion and reference conventions are defined in the main text. Columns: E are converged energies (Ha), N det the corresponding determinant counts, N NQS / N CIPSI the compactness ratio ( 1 : NQS more compact), N det Ref the reference (FCI) Hilbert dimension, and Δ E ≡ E method - E ref (mHa). Bold N NQS / N CIPSI and Δ E NQS mark the Pareto-dominant systems (NQS more compact and at least as accurate). Entries shown as 0.000 lie below the ∼ 10 - 5 mHa numerical-noise floor (sign not meaningful). ⋆ Near-exact-FCI Dice-SHCI surrogate with deterministic Epstein-Nesbet PT2 ( ε = 10 - 6 ; see text).
2606.26760	0	0.0091		N 2 -CAS(14,18)	N NQS N CIPSI			Table 1: NQS vs. CIPSI-SCI at natural convergence; the convergence criterion and reference conventions are defined in the main text. Columns: E are converged energies (Ha), N det the corresponding determinant counts, N NQS / N CIPSI the compactness ratio ( 1 : NQS more compact), N det Ref the reference (FCI) Hilbert dimension, and Δ E ≡ E method - E ref (mHa). Bold N NQS / N CIPSI and Δ E NQS mark the Pareto-dominant systems (NQS more compact and at least as accurate). Entries shown as 0.000 lie below the ∼ 10 - 5 mHa numerical-noise floor (sign not meaningful). ⋆ Near-exact-FCI Dice-SHCI surrogate with deterministic Epstein-Nesbet PT2 ( ε = 10 - 6 ; see text).
2606.26760	0	0.005		N 2 -CAS(14,20)	N NQS N CIPSI			Table 1: NQS vs. CIPSI-SCI at natural convergence; the convergence criterion and reference conventions are defined in the main text. Columns: E are converged energies (Ha), N det the corresponding determinant counts, N NQS / N CIPSI the compactness ratio ( 1 : NQS more compact), N det Ref the reference (FCI) Hilbert dimension, and Δ E ≡ E method - E ref (mHa). Bold N NQS / N CIPSI and Δ E NQS mark the Pareto-dominant systems (NQS more compact and at least as accurate). Entries shown as 0.000 lie below the ∼ 10 - 5 mHa numerical-noise floor (sign not meaningful). ⋆ Near-exact-FCI Dice-SHCI surrogate with deterministic Epstein-Nesbet PT2 ( ε = 10 - 6 ; see text).
2606.30464	1	-0.495892	0.000006	A5, LR= 0.005 , seed 8	J 2 / J 1 = 0.50	10x10	J1J2+Heisenberg	Table 2: Parameter-count-matched HPO results on the 10 × 10 Heisenberg J 1 - J 2 tasks. LR denotes learning rate. Energy values are reported only when a calculation was continued to a reported final value. “Not promoted” means that the setting was not selected for longer optimization, and “Failed after promotion” means that the continued calculation exhausted the allowed recovery attempts without producing a valid final result. The A5 calculation with learning rate 0.001265 was an additional refinement test at J 2 / J 1 = 0.55 , obtained as the geometric mean of two selected learning rates; no corresponding test was performed at J 2 / J 1 = 0.50 , as indicated by “-”.
2606.30464	1	-0.482319	0.00001	A5, LR= 0.0013 , seed 8	J 2 / J 1 = 0.55	10x10	J1J2+Heisenberg	Table 2: Parameter-count-matched HPO results on the 10 × 10 Heisenberg J 1 - J 2 tasks. LR denotes learning rate. Energy values are reported only when a calculation was continued to a reported final value. “Not promoted” means that the setting was not selected for longer optimization, and “Failed after promotion” means that the continued calculation exhausted the allowed recovery attempts without producing a valid final result. The A5 calculation with learning rate 0.001265 was an additional refinement test at J 2 / J 1 = 0.55 , obtained as the geometric mean of two selected learning rates; no corresponding test was performed at J 2 / J 1 = 0.50 , as indicated by “-”.
2606.30464	1	-0.495959	0.000005	A5, LR= 0.002 , seed 9	J 2 / J 1 = 0.50	10x10	J1J2+Heisenberg	Table 2: Parameter-count-matched HPO results on the 10 × 10 Heisenberg J 1 - J 2 tasks. LR denotes learning rate. Energy values are reported only when a calculation was continued to a reported final value. “Not promoted” means that the setting was not selected for longer optimization, and “Failed after promotion” means that the continued calculation exhausted the allowed recovery attempts without producing a valid final result. The A5 calculation with learning rate 0.001265 was an additional refinement test at J 2 / J 1 = 0.55 , obtained as the geometric mean of two selected learning rates; no corresponding test was performed at J 2 / J 1 = 0.50 , as indicated by “-”.
2606.30464	1	-0.483502	0.000007	A5, LR= 0.002 , seed 9	J 2 / J 1 = 0.55	10x10	J1J2+Heisenberg	Table 2: Parameter-count-matched HPO results on the 10 × 10 Heisenberg J 1 - J 2 tasks. LR denotes learning rate. Energy values are reported only when a calculation was continued to a reported final value. “Not promoted” means that the setting was not selected for longer optimization, and “Failed after promotion” means that the continued calculation exhausted the allowed recovery attempts without producing a valid final result. The A5 calculation with learning rate 0.001265 was an additional refinement test at J 2 / J 1 = 0.55 , obtained as the geometric mean of two selected learning rates; no corresponding test was performed at J 2 / J 1 = 0.50 , as indicated by “-”.
2606.30464	1	-0.483208	0.000006	A5, LR= 0.001265 , seed 8	J 2 / J 1 = 0.55	10x10	J1J2+Heisenberg	Table 2: Parameter-count-matched HPO results on the 10 × 10 Heisenberg J 1 - J 2 tasks. LR denotes learning rate. Energy values are reported only when a calculation was continued to a reported final value. “Not promoted” means that the setting was not selected for longer optimization, and “Failed after promotion” means that the continued calculation exhausted the allowed recovery attempts without producing a valid final result. The A5 calculation with learning rate 0.001265 was an additional refinement test at J 2 / J 1 = 0.55 , obtained as the geometric mean of two selected learning rates; no corresponding test was performed at J 2 / J 1 = 0.50 , as indicated by “-”.
2606.30464	1	-0.495941	0.000006	A9, LR= 0.008 , seed 9	J 2 / J 1 = 0.50	10x10	J1J2+Heisenberg	Table 2: Parameter-count-matched HPO results on the 10 × 10 Heisenberg J 1 - J 2 tasks. LR denotes learning rate. Energy values are reported only when a calculation was continued to a reported final value. “Not promoted” means that the setting was not selected for longer optimization, and “Failed after promotion” means that the continued calculation exhausted the allowed recovery attempts without producing a valid final result. The A5 calculation with learning rate 0.001265 was an additional refinement test at J 2 / J 1 = 0.55 , obtained as the geometric mean of two selected learning rates; no corresponding test was performed at J 2 / J 1 = 0.50 , as indicated by “-”.
2606.30464	1	-0.483528	0.000008	A9, LR= 0.020 , seed 10	J 2 / J 1 = 0.55	10x10	J1J2+Heisenberg	Table 2: Parameter-count-matched HPO results on the 10 × 10 Heisenberg J 1 - J 2 tasks. LR denotes learning rate. Energy values are reported only when a calculation was continued to a reported final value. “Not promoted” means that the setting was not selected for longer optimization, and “Failed after promotion” means that the continued calculation exhausted the allowed recovery attempts without producing a valid final result. The A5 calculation with learning rate 0.001265 was an additional refinement test at J 2 / J 1 = 0.55 , obtained as the geometric mean of two selected learning rates; no corresponding test was performed at J 2 / J 1 = 0.50 , as indicated by “-”.
2606.30464	1	-0.483512	0.000005	A9, LR= 0.0126 , seed 12	J 2 / J 1 = 0.55	10x10	J1J2+Heisenberg	Table 2: Parameter-count-matched HPO results on the 10 × 10 Heisenberg J 1 - J 2 tasks. LR denotes learning rate. Energy values are reported only when a calculation was continued to a reported final value. “Not promoted” means that the setting was not selected for longer optimization, and “Failed after promotion” means that the continued calculation exhausted the allowed recovery attempts without producing a valid final result. The A5 calculation with learning rate 0.001265 was an additional refinement test at J 2 / J 1 = 0.55 , obtained as the geometric mean of two selected learning rates; no corresponding test was performed at J 2 / J 1 = 0.50 , as indicated by “-”.
2606.30464	1	-0.495627	0.000006	aCNN human-tuned baseline	J 2 / J 1 = 0.50	10x10	J1J2+Heisenberg	Table 2: Parameter-count-matched HPO results on the 10 × 10 Heisenberg J 1 - J 2 tasks. LR denotes learning rate. Energy values are reported only when a calculation was continued to a reported final value. “Not promoted” means that the setting was not selected for longer optimization, and “Failed after promotion” means that the continued calculation exhausted the allowed recovery attempts without producing a valid final result. The A5 calculation with learning rate 0.001265 was an additional refinement test at J 2 / J 1 = 0.55 , obtained as the geometric mean of two selected learning rates; no corresponding test was performed at J 2 / J 1 = 0.50 , as indicated by “-”.
2606.30464	1	-0.48349	0.000005	aCNN human-tuned baseline	J 2 / J 1 = 0.55	10x10	J1J2+Heisenberg	Table 2: Parameter-count-matched HPO results on the 10 × 10 Heisenberg J 1 - J 2 tasks. LR denotes learning rate. Energy values are reported only when a calculation was continued to a reported final value. “Not promoted” means that the setting was not selected for longer optimization, and “Failed after promotion” means that the continued calculation exhausted the allowed recovery attempts without producing a valid final result. The A5 calculation with learning rate 0.001265 was an additional refinement test at J 2 / J 1 = 0.55 , obtained as the geometric mean of two selected learning rates; no corresponding test was performed at J 2 / J 1 = 0.50 , as indicated by “-”.
2607.00398	1	-0.6735		0.00	E / N	8x8		Table 2 . Summary of Phase Diagram Scan ( 8 × 8 ). The relative variance spike at J 2 = 0.5 indicates increased optimization landscape complexity near criticality. This coarse phase scan uses fewer samples per point than the high-precision benchmark (Table 1 ); only the relative variance spike at J 2 = 0.5 is physically meaningful.
2607.00398	1	0.0005		0.00	σ E / N 2	8x8		Table 2 . Summary of Phase Diagram Scan ( 8 × 8 ). The relative variance spike at J 2 = 0.5 indicates increased optimization landscape complexity near criticality. This coarse phase scan uses fewer samples per point than the high-precision benchmark (Table 1 ); only the relative variance spike at J 2 = 0.5 is physically meaningful.
2607.00398	1	-0.6052		0.20	E / N	8x8		Table 2 . Summary of Phase Diagram Scan ( 8 × 8 ). The relative variance spike at J 2 = 0.5 indicates increased optimization landscape complexity near criticality. This coarse phase scan uses fewer samples per point than the high-precision benchmark (Table 1 ); only the relative variance spike at J 2 = 0.5 is physically meaningful.
2607.00398	1	0.0008		0.20	σ E / N 2	8x8		Table 2 . Summary of Phase Diagram Scan ( 8 × 8 ). The relative variance spike at J 2 = 0.5 indicates increased optimization landscape complexity near criticality. This coarse phase scan uses fewer samples per point than the high-precision benchmark (Table 1 ); only the relative variance spike at J 2 = 0.5 is physically meaningful.
2607.00398	1	-0.5351		0.40	E / N	8x8		Table 2 . Summary of Phase Diagram Scan ( 8 × 8 ). The relative variance spike at J 2 = 0.5 indicates increased optimization landscape complexity near criticality. This coarse phase scan uses fewer samples per point than the high-precision benchmark (Table 1 ); only the relative variance spike at J 2 = 0.5 is physically meaningful.
2607.00398	1	0.0012		0.40	σ E / N 2	8x8		Table 2 . Summary of Phase Diagram Scan ( 8 × 8 ). The relative variance spike at J 2 = 0.5 indicates increased optimization landscape complexity near criticality. This coarse phase scan uses fewer samples per point than the high-precision benchmark (Table 1 ); only the relative variance spike at J 2 = 0.5 is physically meaningful.
2607.00398	1	-0.518		0.45	E / N	8x8		Table 2 . Summary of Phase Diagram Scan ( 8 × 8 ). The relative variance spike at J 2 = 0.5 indicates increased optimization landscape complexity near criticality. This coarse phase scan uses fewer samples per point than the high-precision benchmark (Table 1 ); only the relative variance spike at J 2 = 0.5 is physically meaningful.
2607.00398	1	0.0015		0.45	σ E / N 2	8x8		Table 2 . Summary of Phase Diagram Scan ( 8 × 8 ). The relative variance spike at J 2 = 0.5 indicates increased optimization landscape complexity near criticality. This coarse phase scan uses fewer samples per point than the high-precision benchmark (Table 1 ); only the relative variance spike at J 2 = 0.5 is physically meaningful.
2607.00398	1	-0.5001		0.50	E / N	8x8		Table 2 . Summary of Phase Diagram Scan ( 8 × 8 ). The relative variance spike at J 2 = 0.5 indicates increased optimization landscape complexity near criticality. This coarse phase scan uses fewer samples per point than the high-precision benchmark (Table 1 ); only the relative variance spike at J 2 = 0.5 is physically meaningful.
2607.00398	1	0.0034		0.50	σ E / N 2	8x8		Table 2 . Summary of Phase Diagram Scan ( 8 × 8 ). The relative variance spike at J 2 = 0.5 indicates increased optimization landscape complexity near criticality. This coarse phase scan uses fewer samples per point than the high-precision benchmark (Table 1 ); only the relative variance spike at J 2 = 0.5 is physically meaningful.
2607.00398	1	-0.5053		0.55	E / N	8x8		Table 2 . Summary of Phase Diagram Scan ( 8 × 8 ). The relative variance spike at J 2 = 0.5 indicates increased optimization landscape complexity near criticality. This coarse phase scan uses fewer samples per point than the high-precision benchmark (Table 1 ); only the relative variance spike at J 2 = 0.5 is physically meaningful.
2607.00398	1	0.0012		0.55	σ E / N 2	8x8		Table 2 . Summary of Phase Diagram Scan ( 8 × 8 ). The relative variance spike at J 2 = 0.5 indicates increased optimization landscape complexity near criticality. This coarse phase scan uses fewer samples per point than the high-precision benchmark (Table 1 ); only the relative variance spike at J 2 = 0.5 is physically meaningful.
2607.00398	1	-0.5155		0.60	E / N	8x8		Table 2 . Summary of Phase Diagram Scan ( 8 × 8 ). The relative variance spike at J 2 = 0.5 indicates increased optimization landscape complexity near criticality. This coarse phase scan uses fewer samples per point than the high-precision benchmark (Table 1 ); only the relative variance spike at J 2 = 0.5 is physically meaningful.
2607.00398	1	0.001		0.60	σ E / N 2	8x8		Table 2 . Summary of Phase Diagram Scan ( 8 × 8 ). The relative variance spike at J 2 = 0.5 indicates increased optimization landscape complexity near criticality. This coarse phase scan uses fewer samples per point than the high-precision benchmark (Table 1 ); only the relative variance spike at J 2 = 0.5 is physically meaningful.
2607.00398	1	-0.5852		0.80	E / N	8x8		Table 2 . Summary of Phase Diagram Scan ( 8 × 8 ). The relative variance spike at J 2 = 0.5 indicates increased optimization landscape complexity near criticality. This coarse phase scan uses fewer samples per point than the high-precision benchmark (Table 1 ); only the relative variance spike at J 2 = 0.5 is physically meaningful.
2607.00398	1	0.0009		0.80	σ E / N 2	8x8		Table 2 . Summary of Phase Diagram Scan ( 8 × 8 ). The relative variance spike at J 2 = 0.5 indicates increased optimization landscape complexity near criticality. This coarse phase scan uses fewer samples per point than the high-precision benchmark (Table 1 ); only the relative variance spike at J 2 = 0.5 is physically meaningful.
2607.00398	2	-0.49516	0.00001	Deep CNN (Group CNN)	E / N	10x10	J1J2+Heisenberg	Table 3 . Variational ground-state energy per site ( E / N ) on the 10 × 10 square J 1 - J 2 Heisenberg model at the maximally frustrated point J 2 / J 1 = 0.5 (periodic boundary conditions). Entries are ordered from the least to the most accurate (most negative) energy. Starting from a zero-shot holographic initialization (frozen backbone) followed by a brief rapid-alignment stage, HQT reaches an energy comparable to the best reported from-scratch variational results, while requiring no from-scratch training on the target lattice.
2607.00398	2	-0.49553		DMRG	E / N	10x10	J1J2+Heisenberg	Table 3 . Variational ground-state energy per site ( E / N ) on the 10 × 10 square J 1 - J 2 Heisenberg model at the maximally frustrated point J 2 / J 1 = 0.5 (periodic boundary conditions). Entries are ordered from the least to the most accurate (most negative) energy. Starting from a zero-shot holographic initialization (frozen backbone) followed by a brief rapid-alignment stage, HQT reaches an energy comparable to the best reported from-scratch variational results, while requiring no from-scratch training on the target lattice.
2607.00398	2	-0.4974		HQT (Ours), Cold Start	E / N	10x10	J1J2+Heisenberg	Table 3 . Variational ground-state energy per site ( E / N ) on the 10 × 10 square J 1 - J 2 Heisenberg model at the maximally frustrated point J 2 / J 1 = 0.5 (periodic boundary conditions). Entries are ordered from the least to the most accurate (most negative) energy. Starting from a zero-shot holographic initialization (frozen backbone) followed by a brief rapid-alignment stage, HQT reaches an energy comparable to the best reported from-scratch variational results, while requiring no from-scratch training on the target lattice.
2607.00398	2	-0.497549	2e-7	VMC (Gutzwiller + 2 Lanczos)	E / N	10x10	J1J2+Heisenberg	Table 3 . Variational ground-state energy per site ( E / N ) on the 10 × 10 square J 1 - J 2 Heisenberg model at the maximally frustrated point J 2 / J 1 = 0.5 (periodic boundary conditions). Entries are ordered from the least to the most accurate (most negative) energy. Starting from a zero-shot holographic initialization (frozen backbone) followed by a brief rapid-alignment stage, HQT reaches an energy comparable to the best reported from-scratch variational results, while requiring no from-scratch training on the target lattice.
2607.00398	2	-0.497629	0.000001	RBM + Pair Product	E / N	10x10	J1J2+Heisenberg	Table 3 . Variational ground-state energy per site ( E / N ) on the 10 × 10 square J 1 - J 2 Heisenberg model at the maximally frustrated point J 2 / J 1 = 0.5 (periodic boundary conditions). Entries are ordered from the least to the most accurate (most negative) energy. Starting from a zero-shot holographic initialization (frozen backbone) followed by a brief rapid-alignment stage, HQT reaches an energy comparable to the best reported from-scratch variational results, while requiring no from-scratch training on the target lattice.
2607.00398	2	-0.497676		Transformer / Deep ViT	E / N	10x10	J1J2+Heisenberg	Table 3 . Variational ground-state energy per site ( E / N ) on the 10 × 10 square J 1 - J 2 Heisenberg model at the maximally frustrated point J 2 / J 1 = 0.5 (periodic boundary conditions). Entries are ordered from the least to the most accurate (most negative) energy. Starting from a zero-shot holographic initialization (frozen backbone) followed by a brief rapid-alignment stage, HQT reaches an energy comparable to the best reported from-scratch variational results, while requiring no from-scratch training on the target lattice.
2607.00398	2	-0.4976921	4e-7	MinSR (Deep ResNet)	E / N	10x10	J1J2+Heisenberg	Table 3 . Variational ground-state energy per site ( E / N ) on the 10 × 10 square J 1 - J 2 Heisenberg model at the maximally frustrated point J 2 / J 1 = 0.5 (periodic boundary conditions). Entries are ordered from the least to the most accurate (most negative) energy. Starting from a zero-shot holographic initialization (frozen backbone) followed by a brief rapid-alignment stage, HQT reaches an energy comparable to the best reported from-scratch variational results, while requiring no from-scratch training on the target lattice.
2607.00398	2	-0.49782	0.00003	HQT (Ours), Transfer	E / N	10x10	J1J2+Heisenberg	Table 3 . Variational ground-state energy per site ( E / N ) on the 10 × 10 square J 1 - J 2 Heisenberg model at the maximally frustrated point J 2 / J 1 = 0.5 (periodic boundary conditions). Entries are ordered from the least to the most accurate (most negative) energy. Starting from a zero-shot holographic initialization (frozen backbone) followed by a brief rapid-alignment stage, HQT reaches an energy comparable to the best reported from-scratch variational results, while requiring no from-scratch training on the target lattice.
2607.13781	1	-17.218	0.00016	H 2 O	E full (Ha)			Table 2: Comparison of MCMC total energies obtained with full (FP64) and mixed (FP32 + FP64) precision. Δ E = E mixed - E full , and σ c = σ full 2 + σ mixed 2 . The speedup is t full / t mixed , where each t is the net MCMC time summed over the restart chunks, divided by the total number of production steps. Numbers in parentheses indicate the statistical error on the last digits.
2607.13781	1	-17.21795	0.00016	H 2 O	E mixed (Ha)			Table 2: Comparison of MCMC total energies obtained with full (FP64) and mixed (FP32 + FP64) precision. Δ E = E mixed - E full , and σ c = σ full 2 + σ mixed 2 . The speedup is t full / t mixed , where each t is the net MCMC time summed over the restart chunks, divided by the total number of production steps. Numbers in parentheses indicate the statistical error on the last digits.
2607.13781	1	-34.43316	0.00014	(H 2 O) 2	E full (Ha)			Table 2: Comparison of MCMC total energies obtained with full (FP64) and mixed (FP32 + FP64) precision. Δ E = E mixed - E full , and σ c = σ full 2 + σ mixed 2 . The speedup is t full / t mixed , where each t is the net MCMC time summed over the restart chunks, divided by the total number of production steps. Numbers in parentheses indicate the statistical error on the last digits.
2607.13781	1	-34.43297	0.00014	(H 2 O) 2	E mixed (Ha)			Table 2: Comparison of MCMC total energies obtained with full (FP64) and mixed (FP32 + FP64) precision. Δ E = E mixed - E full , and σ c = σ full 2 + σ mixed 2 . The speedup is t full / t mixed , where each t is the net MCMC time summed over the restart chunks, divided by the total number of production steps. Numbers in parentheses indicate the statistical error on the last digits.
2607.13781	1	-68.86243	0.00016	(H 2 O) 4	E full (Ha)			Table 2: Comparison of MCMC total energies obtained with full (FP64) and mixed (FP32 + FP64) precision. Δ E = E mixed - E full , and σ c = σ full 2 + σ mixed 2 . The speedup is t full / t mixed , where each t is the net MCMC time summed over the restart chunks, divided by the total number of production steps. Numbers in parentheses indicate the statistical error on the last digits.
2607.13781	1	-68.86253	0.00016	(H 2 O) 4	E mixed (Ha)			Table 2: Comparison of MCMC total energies obtained with full (FP64) and mixed (FP32 + FP64) precision. Δ E = E mixed - E full , and σ c = σ full 2 + σ mixed 2 . The speedup is t full / t mixed , where each t is the net MCMC time summed over the restart chunks, divided by the total number of production steps. Numbers in parentheses indicate the statistical error on the last digits.
2607.13781	3	-8.07856	0.00001	CASINO (DMC)	Methane (Ha)			Table 5: The total energies (Ha) of the Methane, Water, and Methane-Water, and its binding energy (meV), obtained with the extrapolation to τ → 0 (DMC) and a → 0 (LRDMC). The CASINO, QMCPACK, and CMQMC results are taken from Ref. 21 . The TurboRVB values are taken from Ref. 52 .
2607.13781	3	-17.23473	0.00002	CASINO (DMC)	Water (Ha)			Table 5: The total energies (Ha) of the Methane, Water, and Methane-Water, and its binding energy (meV), obtained with the extrapolation to τ → 0 (DMC) and a → 0 (LRDMC). The CASINO, QMCPACK, and CMQMC results are taken from Ref. 21 . The TurboRVB values are taken from Ref. 52 .
2607.13781	3	-25.31432	0.00003	CASINO (DMC)	Methane-Water (Ha)			Table 5: The total energies (Ha) of the Methane, Water, and Methane-Water, and its binding energy (meV), obtained with the extrapolation to τ → 0 (DMC) and a → 0 (LRDMC). The CASINO, QMCPACK, and CMQMC results are taken from Ref. 21 . The TurboRVB values are taken from Ref. 52 .
2607.13781	3	-8.07858	0.00002	QMCPACK (DMC)	Methane (Ha)			Table 5: The total energies (Ha) of the Methane, Water, and Methane-Water, and its binding energy (meV), obtained with the extrapolation to τ → 0 (DMC) and a → 0 (LRDMC). The CASINO, QMCPACK, and CMQMC results are taken from Ref. 21 . The TurboRVB values are taken from Ref. 52 .
2607.13781	3	-17.23482	0.00003	QMCPACK (DMC)	Water (Ha)			Table 5: The total energies (Ha) of the Methane, Water, and Methane-Water, and its binding energy (meV), obtained with the extrapolation to τ → 0 (DMC) and a → 0 (LRDMC). The CASINO, QMCPACK, and CMQMC results are taken from Ref. 21 . The TurboRVB values are taken from Ref. 52 .
2607.13781	3	-25.31443	0.00007	QMCPACK (DMC)	Methane-Water (Ha)			Table 5: The total energies (Ha) of the Methane, Water, and Methane-Water, and its binding energy (meV), obtained with the extrapolation to τ → 0 (DMC) and a → 0 (LRDMC). The CASINO, QMCPACK, and CMQMC results are taken from Ref. 21 . The TurboRVB values are taken from Ref. 52 .
2607.13781	3	-8.07848	0.00002	CMQMC (DMC)	Methane (Ha)			Table 5: The total energies (Ha) of the Methane, Water, and Methane-Water, and its binding energy (meV), obtained with the extrapolation to τ → 0 (DMC) and a → 0 (LRDMC). The CASINO, QMCPACK, and CMQMC results are taken from Ref. 21 . The TurboRVB values are taken from Ref. 52 .
2607.13781	3	-17.2346	0.00001	CMQMC (DMC)	Water (Ha)			Table 5: The total energies (Ha) of the Methane, Water, and Methane-Water, and its binding energy (meV), obtained with the extrapolation to τ → 0 (DMC) and a → 0 (LRDMC). The CASINO, QMCPACK, and CMQMC results are taken from Ref. 21 . The TurboRVB values are taken from Ref. 52 .
2607.13781	3	-25.31411	0.00003	CMQMC (DMC)	Methane-Water (Ha)			Table 5: The total energies (Ha) of the Methane, Water, and Methane-Water, and its binding energy (meV), obtained with the extrapolation to τ → 0 (DMC) and a → 0 (LRDMC). The CASINO, QMCPACK, and CMQMC results are taken from Ref. 21 . The TurboRVB values are taken from Ref. 52 .
2607.13781	3	-8.0786	0.00001	TurboRVB (Conventional LRDMC)	Methane (Ha)			Table 5: The total energies (Ha) of the Methane, Water, and Methane-Water, and its binding energy (meV), obtained with the extrapolation to τ → 0 (DMC) and a → 0 (LRDMC). The CASINO, QMCPACK, and CMQMC results are taken from Ref. 21 . The TurboRVB values are taken from Ref. 52 .
2607.13781	3	-17.23479	0.00001	TurboRVB (Conventional LRDMC)	Water (Ha)			Table 5: The total energies (Ha) of the Methane, Water, and Methane-Water, and its binding energy (meV), obtained with the extrapolation to τ → 0 (DMC) and a → 0 (LRDMC). The CASINO, QMCPACK, and CMQMC results are taken from Ref. 21 . The TurboRVB values are taken from Ref. 52 .
2607.13781	3	-25.31445	0.00001	TurboRVB (Conventional LRDMC)	Methane-Water (Ha)			Table 5: The total energies (Ha) of the Methane, Water, and Methane-Water, and its binding energy (meV), obtained with the extrapolation to τ → 0 (DMC) and a → 0 (LRDMC). The CASINO, QMCPACK, and CMQMC results are taken from Ref. 21 . The TurboRVB values are taken from Ref. 52 .
2607.13781	3	-8.07862	0.00002	TurboRVB (Load-balanced LRDMC)	Methane (Ha)			Table 5: The total energies (Ha) of the Methane, Water, and Methane-Water, and its binding energy (meV), obtained with the extrapolation to τ → 0 (DMC) and a → 0 (LRDMC). The CASINO, QMCPACK, and CMQMC results are taken from Ref. 21 . The TurboRVB values are taken from Ref. 52 .
2607.13781	3	-17.23482	0.00002	TurboRVB (Load-balanced LRDMC)	Water (Ha)			Table 5: The total energies (Ha) of the Methane, Water, and Methane-Water, and its binding energy (meV), obtained with the extrapolation to τ → 0 (DMC) and a → 0 (LRDMC). The CASINO, QMCPACK, and CMQMC results are taken from Ref. 21 . The TurboRVB values are taken from Ref. 52 .
2607.13781	3	-25.31447	0.00002	TurboRVB (Load-balanced LRDMC)	Methane-Water (Ha)			Table 5: The total energies (Ha) of the Methane, Water, and Methane-Water, and its binding energy (meV), obtained with the extrapolation to τ → 0 (DMC) and a → 0 (LRDMC). The CASINO, QMCPACK, and CMQMC results are taken from Ref. 21 . The TurboRVB values are taken from Ref. 52 .
2607.13781	3	-8.07867	0.00002	jQMC (Conventional LRDMC)	Methane (Ha)			Table 5: The total energies (Ha) of the Methane, Water, and Methane-Water, and its binding energy (meV), obtained with the extrapolation to τ → 0 (DMC) and a → 0 (LRDMC). The CASINO, QMCPACK, and CMQMC results are taken from Ref. 21 . The TurboRVB values are taken from Ref. 52 .
2607.13781	3	-17.23478	0.00002	jQMC (Conventional LRDMC)	Water (Ha)			Table 5: The total energies (Ha) of the Methane, Water, and Methane-Water, and its binding energy (meV), obtained with the extrapolation to τ → 0 (DMC) and a → 0 (LRDMC). The CASINO, QMCPACK, and CMQMC results are taken from Ref. 21 . The TurboRVB values are taken from Ref. 52 .
2607.13781	3	-25.31444	0.00004	jQMC (Conventional LRDMC)	Methane-Water (Ha)			Table 5: The total energies (Ha) of the Methane, Water, and Methane-Water, and its binding energy (meV), obtained with the extrapolation to τ → 0 (DMC) and a → 0 (LRDMC). The CASINO, QMCPACK, and CMQMC results are taken from Ref. 21 . The TurboRVB values are taken from Ref. 52 .
2607.13781	3	-8.0787	0.00002	jQMC (Load-balancing LRDMC)	Methane (Ha)			Table 5: The total energies (Ha) of the Methane, Water, and Methane-Water, and its binding energy (meV), obtained with the extrapolation to τ → 0 (DMC) and a → 0 (LRDMC). The CASINO, QMCPACK, and CMQMC results are taken from Ref. 21 . The TurboRVB values are taken from Ref. 52 .
2607.13781	3	-17.23477	0.00002	jQMC (Load-balancing LRDMC)	Water (Ha)			Table 5: The total energies (Ha) of the Methane, Water, and Methane-Water, and its binding energy (meV), obtained with the extrapolation to τ → 0 (DMC) and a → 0 (LRDMC). The CASINO, QMCPACK, and CMQMC results are taken from Ref. 21 . The TurboRVB values are taken from Ref. 52 .
2607.13781	3	-25.31452	0.00004	jQMC (Load-balancing LRDMC)	Methane-Water (Ha)			Table 5: The total energies (Ha) of the Methane, Water, and Methane-Water, and its binding energy (meV), obtained with the extrapolation to τ → 0 (DMC) and a → 0 (LRDMC). The CASINO, QMCPACK, and CMQMC results are taken from Ref. 21 . The TurboRVB values are taken from Ref. 52 .
2607.14766	0	-0.4938	0.0002	1 / 12	VMC energy	72x6	J1J2	Table 1: Comparison of variational energies obtained by VMC calculations on the 72 × 6 torus with iDMRG results on a YC6 cylinder, for a few values of J 2 / J 1 and magnetization sectors. In the VMC data, the last digit in the parantheses denotes the errorbar. For the DMRG data, the bond dimension is χ = 1600 with the largest truncation error ∼ 10 - 7 .
2607.14766	0	-0.5059		1 / 12	iDMRG energy	72x6	J1J2	Table 1: Comparison of variational energies obtained by VMC calculations on the 72 × 6 torus with iDMRG results on a YC6 cylinder, for a few values of J 2 / J 1 and magnetization sectors. In the VMC data, the last digit in the parantheses denotes the errorbar. For the DMRG data, the bond dimension is χ = 1600 with the largest truncation error ∼ 10 - 7 .
2607.14766	0	-0.4814	0.0001	1 / 12	VMC energy	72x6	J1J2	Table 1: Comparison of variational energies obtained by VMC calculations on the 72 × 6 torus with iDMRG results on a YC6 cylinder, for a few values of J 2 / J 1 and magnetization sectors. In the VMC data, the last digit in the parantheses denotes the errorbar. For the DMRG data, the bond dimension is χ = 1600 with the largest truncation error ∼ 10 - 7 .
2607.14766	0	-0.4905		1 / 12	iDMRG energy	72x6	J1J2	Table 1: Comparison of variational energies obtained by VMC calculations on the 72 × 6 torus with iDMRG results on a YC6 cylinder, for a few values of J 2 / J 1 and magnetization sectors. In the VMC data, the last digit in the parantheses denotes the errorbar. For the DMRG data, the bond dimension is χ = 1600 with the largest truncation error ∼ 10 - 7 .
2607.14766	0	-0.4764	0.0002	1 / 12	VMC energy	72x6	J1J2	Table 1: Comparison of variational energies obtained by VMC calculations on the 72 × 6 torus with iDMRG results on a YC6 cylinder, for a few values of J 2 / J 1 and magnetization sectors. In the VMC data, the last digit in the parantheses denotes the errorbar. For the DMRG data, the bond dimension is χ = 1600 with the largest truncation error ∼ 10 - 7 .
2607.14766	0	-0.4909		1 / 12	iDMRG energy	72x6	J1J2	Table 1: Comparison of variational energies obtained by VMC calculations on the 72 × 6 torus with iDMRG results on a YC6 cylinder, for a few values of J 2 / J 1 and magnetization sectors. In the VMC data, the last digit in the parantheses denotes the errorbar. For the DMRG data, the bond dimension is χ = 1600 with the largest truncation error ∼ 10 - 7 .
2607.14766	0	-0.4593	0.0002	1 / 6	VMC energy	72x6	J1J2	Table 1: Comparison of variational energies obtained by VMC calculations on the 72 × 6 torus with iDMRG results on a YC6 cylinder, for a few values of J 2 / J 1 and magnetization sectors. In the VMC data, the last digit in the parantheses denotes the errorbar. For the DMRG data, the bond dimension is χ = 1600 with the largest truncation error ∼ 10 - 7 .
2607.14766	0	-0.4656		1 / 6	iDMRG energy	72x6	J1J2	Table 1: Comparison of variational energies obtained by VMC calculations on the 72 × 6 torus with iDMRG results on a YC6 cylinder, for a few values of J 2 / J 1 and magnetization sectors. In the VMC data, the last digit in the parantheses denotes the errorbar. For the DMRG data, the bond dimension is χ = 1600 with the largest truncation error ∼ 10 - 7 .
2607.14766	0	-0.4426	0.0001	1 / 6	VMC energy	72x6	J1J2	Table 1: Comparison of variational energies obtained by VMC calculations on the 72 × 6 torus with iDMRG results on a YC6 cylinder, for a few values of J 2 / J 1 and magnetization sectors. In the VMC data, the last digit in the parantheses denotes the errorbar. For the DMRG data, the bond dimension is χ = 1600 with the largest truncation error ∼ 10 - 7 .
2607.14766	0	-0.453		1 / 6	iDMRG energy	72x6	J1J2	Table 1: Comparison of variational energies obtained by VMC calculations on the 72 × 6 torus with iDMRG results on a YC6 cylinder, for a few values of J 2 / J 1 and magnetization sectors. In the VMC data, the last digit in the parantheses denotes the errorbar. For the DMRG data, the bond dimension is χ = 1600 with the largest truncation error ∼ 10 - 7 .
2607.14766	0	-0.4339	0.0003	1 / 6	VMC energy	72x6	J1J2	Table 1: Comparison of variational energies obtained by VMC calculations on the 72 × 6 torus with iDMRG results on a YC6 cylinder, for a few values of J 2 / J 1 and magnetization sectors. In the VMC data, the last digit in the parantheses denotes the errorbar. For the DMRG data, the bond dimension is χ = 1600 with the largest truncation error ∼ 10 - 7 .
2607.14766	0	-0.4494		1 / 6	iDMRG energy	72x6	J1J2	Table 1: Comparison of variational energies obtained by VMC calculations on the 72 × 6 torus with iDMRG results on a YC6 cylinder, for a few values of J 2 / J 1 and magnetization sectors. In the VMC data, the last digit in the parantheses denotes the errorbar. For the DMRG data, the bond dimension is χ = 1600 with the largest truncation error ∼ 10 - 7 .
2607.18865	0	-0.9109		H 2	HF Energy			Table 1: Comparison of molecular ground-state energies obtained by HF, CCSD, FCI and NQS-cRNN.
2607.18865	0	-0.9981		H 2	CCSD			Table 1: Comparison of molecular ground-state energies obtained by HF, CCSD, FCI and NQS-cRNN.
2607.18865	0	-0.9981		H 2	FCI			Table 1: Comparison of molecular ground-state energies obtained by HF, CCSD, FCI and NQS-cRNN.
2607.18865	0	-0.9981		H 2	NQS-cRNN			Table 1: Comparison of molecular ground-state energies obtained by HF, CCSD, FCI and NQS-cRNN.
2607.18865	0	-7.7674		LiH	HF Energy			Table 1: Comparison of molecular ground-state energies obtained by HF, CCSD, FCI and NQS-cRNN.
2607.18865	0	-7.7845		LiH	CCSD			Table 1: Comparison of molecular ground-state energies obtained by HF, CCSD, FCI and NQS-cRNN.
2607.18865	0	-7.7845		LiH	FCI			Table 1: Comparison of molecular ground-state energies obtained by HF, CCSD, FCI and NQS-cRNN.
2607.18865	0	-7.7845		LiH	NQS-cRNN			Table 1: Comparison of molecular ground-state energies obtained by HF, CCSD, FCI and NQS-cRNN.
2607.18865	0	-74.9644		H 2 O	HF Energy			Table 1: Comparison of molecular ground-state energies obtained by HF, CCSD, FCI and NQS-cRNN.
2607.18865	0	-75.0154		H 2 O	CCSD			Table 1: Comparison of molecular ground-state energies obtained by HF, CCSD, FCI and NQS-cRNN.
2607.18865	0	-75.0155		H 2 O	FCI			Table 1: Comparison of molecular ground-state energies obtained by HF, CCSD, FCI and NQS-cRNN.
2607.18865	0	-75.0155		H 2 O	NQS-cRNN			Table 1: Comparison of molecular ground-state energies obtained by HF, CCSD, FCI and NQS-cRNN.
2607.18865	0	-55.4548		NH 3	HF Energy			Table 1: Comparison of molecular ground-state energies obtained by HF, CCSD, FCI and NQS-cRNN.
2607.18865	0	-55.5209		NH 3	CCSD			Table 1: Comparison of molecular ground-state energies obtained by HF, CCSD, FCI and NQS-cRNN.
2607.18865	0	-55.5211		NH 3	FCI			Table 1: Comparison of molecular ground-state energies obtained by HF, CCSD, FCI and NQS-cRNN.
2607.18865	0	-55.5206		NH 3	NQS-cRNN			Table 1: Comparison of molecular ground-state energies obtained by HF, CCSD, FCI and NQS-cRNN.
2607.18865	0	-39.7266		CH 4	HF Energy			Table 1: Comparison of molecular ground-state energies obtained by HF, CCSD, FCI and NQS-cRNN.
2607.18865	0	-39.806		CH 4	CCSD			Table 1: Comparison of molecular ground-state energies obtained by HF, CCSD, FCI and NQS-cRNN.
2607.18865	0	-39.8063		CH 4	FCI			Table 1: Comparison of molecular ground-state energies obtained by HF, CCSD, FCI and NQS-cRNN.
2607.18865	0	-39.8062		CH 4	NQS-cRNN			Table 1: Comparison of molecular ground-state energies obtained by HF, CCSD, FCI and NQS-cRNN.
2607.18865	0	-74.4209		C 2	HF Energy			Table 1: Comparison of molecular ground-state energies obtained by HF, CCSD, FCI and NQS-cRNN.
2607.18865	0	-74.6745		C 2	CCSD			Table 1: Comparison of molecular ground-state energies obtained by HF, CCSD, FCI and NQS-cRNN.
2607.18865	0	-74.6908		C 2	FCI			Table 1: Comparison of molecular ground-state energies obtained by HF, CCSD, FCI and NQS-cRNN.
2607.18865	0	-74.6901		C 2	NQS-cRNN			Table 1: Comparison of molecular ground-state energies obtained by HF, CCSD, FCI and NQS-cRNN.
2608.04979	3	-1.01662		1	E DiagMC			Table A1: Fröhlich ground-state energies in units of ℏ ω LO = 1 . E raw is the raw dCC energy obtained from the largest grid at the momentum cutoff k max = 2 α used at a particular coupling without any auxiliary correction. E ∞ is the continuum estimate obtained from extrapolation with respect to momentum cutoff, with the approximate uncertainty in the last decimal shown in parentheses. The superscript b denotes that the value is reported without extrapolation using the cutoff k max = 4 , and applies only to the α = 1 value. The displayed error is computed from ( E ∞ - E DiagMC ) / | E DiagMC | .
2608.04979	3	-1.6772		2	E raw			Table A1: Fröhlich ground-state energies in units of ℏ ω LO = 1 . E raw is the raw dCC energy obtained from the largest grid at the momentum cutoff k max = 2 α used at a particular coupling without any auxiliary correction. E ∞ is the continuum estimate obtained from extrapolation with respect to momentum cutoff, with the approximate uncertainty in the last decimal shown in parentheses. The superscript b denotes that the value is reported without extrapolation using the cutoff k max = 4 , and applies only to the α = 1 value. The displayed error is computed from ( E ∞ - E DiagMC ) / | E DiagMC | .
2608.04979	3	-2.06882	0.00066	2	E ∞			Table A1: Fröhlich ground-state energies in units of ℏ ω LO = 1 . E raw is the raw dCC energy obtained from the largest grid at the momentum cutoff k max = 2 α used at a particular coupling without any auxiliary correction. E ∞ is the continuum estimate obtained from extrapolation with respect to momentum cutoff, with the approximate uncertainty in the last decimal shown in parentheses. The superscript b denotes that the value is reported without extrapolation using the cutoff k max = 4 , and applies only to the α = 1 value. The displayed error is computed from ( E ∞ - E DiagMC ) / | E DiagMC | .
2608.04979	3	-2.06957		2	E DiagMC			Table A1: Fröhlich ground-state energies in units of ℏ ω LO = 1 . E raw is the raw dCC energy obtained from the largest grid at the momentum cutoff k max = 2 α used at a particular coupling without any auxiliary correction. E ∞ is the continuum estimate obtained from extrapolation with respect to momentum cutoff, with the approximate uncertainty in the last decimal shown in parentheses. The superscript b denotes that the value is reported without extrapolation using the cutoff k max = 4 , and applies only to the α = 1 value. The displayed error is computed from ( E ∞ - E DiagMC ) / | E DiagMC | .
2608.04979	3	-2.7346		3	E raw			Table A1: Fröhlich ground-state energies in units of ℏ ω LO = 1 . E raw is the raw dCC energy obtained from the largest grid at the momentum cutoff k max = 2 α used at a particular coupling without any auxiliary correction. E ∞ is the continuum estimate obtained from extrapolation with respect to momentum cutoff, with the approximate uncertainty in the last decimal shown in parentheses. The superscript b denotes that the value is reported without extrapolation using the cutoff k max = 4 , and applies only to the α = 1 value. The displayed error is computed from ( E ∞ - E DiagMC ) / | E DiagMC | .
2608.04979	3	-3.1582	0.002	3	E ∞			Table A1: Fröhlich ground-state energies in units of ℏ ω LO = 1 . E raw is the raw dCC energy obtained from the largest grid at the momentum cutoff k max = 2 α used at a particular coupling without any auxiliary correction. E ∞ is the continuum estimate obtained from extrapolation with respect to momentum cutoff, with the approximate uncertainty in the last decimal shown in parentheses. The superscript b denotes that the value is reported without extrapolation using the cutoff k max = 4 , and applies only to the α = 1 value. The displayed error is computed from ( E ∞ - E DiagMC ) / | E DiagMC | .
2608.04979	3	-3.16829		3	E DiagMC			Table A1: Fröhlich ground-state energies in units of ℏ ω LO = 1 . E raw is the raw dCC energy obtained from the largest grid at the momentum cutoff k max = 2 α used at a particular coupling without any auxiliary correction. E ∞ is the continuum estimate obtained from extrapolation with respect to momentum cutoff, with the approximate uncertainty in the last decimal shown in parentheses. The superscript b denotes that the value is reported without extrapolation using the cutoff k max = 4 , and applies only to the α = 1 value. The displayed error is computed from ( E ∞ - E DiagMC ) / | E DiagMC | .
2608.04979	3	-3.8391		4	E raw			Table A1: Fröhlich ground-state energies in units of ℏ ω LO = 1 . E raw is the raw dCC energy obtained from the largest grid at the momentum cutoff k max = 2 α used at a particular coupling without any auxiliary correction. E ∞ is the continuum estimate obtained from extrapolation with respect to momentum cutoff, with the approximate uncertainty in the last decimal shown in parentheses. The superscript b denotes that the value is reported without extrapolation using the cutoff k max = 4 , and applies only to the α = 1 value. The displayed error is computed from ( E ∞ - E DiagMC ) / | E DiagMC | .
2608.04979	3	-4.2822	0.0062	4	E ∞			Table A1: Fröhlich ground-state energies in units of ℏ ω LO = 1 . E raw is the raw dCC energy obtained from the largest grid at the momentum cutoff k max = 2 α used at a particular coupling without any auxiliary correction. E ∞ is the continuum estimate obtained from extrapolation with respect to momentum cutoff, with the approximate uncertainty in the last decimal shown in parentheses. The superscript b denotes that the value is reported without extrapolation using the cutoff k max = 4 , and applies only to the α = 1 value. The displayed error is computed from ( E ∞ - E DiagMC ) / | E DiagMC | .
2608.04979	3	-4.3249		4	E DiagMC			Table A1: Fröhlich ground-state energies in units of ℏ ω LO = 1 . E raw is the raw dCC energy obtained from the largest grid at the momentum cutoff k max = 2 α used at a particular coupling without any auxiliary correction. E ∞ is the continuum estimate obtained from extrapolation with respect to momentum cutoff, with the approximate uncertainty in the last decimal shown in parentheses. The superscript b denotes that the value is reported without extrapolation using the cutoff k max = 4 , and applies only to the α = 1 value. The displayed error is computed from ( E ∞ - E DiagMC ) / | E DiagMC | .
2608.04979	3	-5.0032		5	E raw			Table A1: Fröhlich ground-state energies in units of ℏ ω LO = 1 . E raw is the raw dCC energy obtained from the largest grid at the momentum cutoff k max = 2 α used at a particular coupling without any auxiliary correction. E ∞ is the continuum estimate obtained from extrapolation with respect to momentum cutoff, with the approximate uncertainty in the last decimal shown in parentheses. The superscript b denotes that the value is reported without extrapolation using the cutoff k max = 4 , and applies only to the α = 1 value. The displayed error is computed from ( E ∞ - E DiagMC ) / | E DiagMC | .
2608.04979	3	-5.55297		5	E DiagMC			Table A1: Fröhlich ground-state energies in units of ℏ ω LO = 1 . E raw is the raw dCC energy obtained from the largest grid at the momentum cutoff k max = 2 α used at a particular coupling without any auxiliary correction. E ∞ is the continuum estimate obtained from extrapolation with respect to momentum cutoff, with the approximate uncertainty in the last decimal shown in parentheses. The superscript b denotes that the value is reported without extrapolation using the cutoff k max = 4 , and applies only to the α = 1 value. The displayed error is computed from ( E ∞ - E DiagMC ) / | E DiagMC | .
2608.04979	3	-6.2647		6	E raw			Table A1: Fröhlich ground-state energies in units of ℏ ω LO = 1 . E raw is the raw dCC energy obtained from the largest grid at the momentum cutoff k max = 2 α used at a particular coupling without any auxiliary correction. E ∞ is the continuum estimate obtained from extrapolation with respect to momentum cutoff, with the approximate uncertainty in the last decimal shown in parentheses. The superscript b denotes that the value is reported without extrapolation using the cutoff k max = 4 , and applies only to the α = 1 value. The displayed error is computed from ( E ∞ - E DiagMC ) / | E DiagMC | .
2608.04979	3	-6.86647		6	E DiagMC			Table A1: Fröhlich ground-state energies in units of ℏ ω LO = 1 . E raw is the raw dCC energy obtained from the largest grid at the momentum cutoff k max = 2 α used at a particular coupling without any auxiliary correction. E ∞ is the continuum estimate obtained from extrapolation with respect to momentum cutoff, with the approximate uncertainty in the last decimal shown in parentheses. The superscript b denotes that the value is reported without extrapolation using the cutoff k max = 4 , and applies only to the α = 1 value. The displayed error is computed from ( E ∞ - E DiagMC ) / | E DiagMC | .
2608.04979	3	-7.6146		7	E raw			Table A1: Fröhlich ground-state energies in units of ℏ ω LO = 1 . E raw is the raw dCC energy obtained from the largest grid at the momentum cutoff k max = 2 α used at a particular coupling without any auxiliary correction. E ∞ is the continuum estimate obtained from extrapolation with respect to momentum cutoff, with the approximate uncertainty in the last decimal shown in parentheses. The superscript b denotes that the value is reported without extrapolation using the cutoff k max = 4 , and applies only to the α = 1 value. The displayed error is computed from ( E ∞ - E DiagMC ) / | E DiagMC | .
2608.04979	3	-8.31039		7	E DiagMC			Table A1: Fröhlich ground-state energies in units of ℏ ω LO = 1 . E raw is the raw dCC energy obtained from the largest grid at the momentum cutoff k max = 2 α used at a particular coupling without any auxiliary correction. E ∞ is the continuum estimate obtained from extrapolation with respect to momentum cutoff, with the approximate uncertainty in the last decimal shown in parentheses. The superscript b denotes that the value is reported without extrapolation using the cutoff k max = 4 , and applies only to the α = 1 value. The displayed error is computed from ( E ∞ - E DiagMC ) / | E DiagMC | .
2608.04979	3	-9.0672		8	E raw			Table A1: Fröhlich ground-state energies in units of ℏ ω LO = 1 . E raw is the raw dCC energy obtained from the largest grid at the momentum cutoff k max = 2 α used at a particular coupling without any auxiliary correction. E ∞ is the continuum estimate obtained from extrapolation with respect to momentum cutoff, with the approximate uncertainty in the last decimal shown in parentheses. The superscript b denotes that the value is reported without extrapolation using the cutoff k max = 4 , and applies only to the α = 1 value. The displayed error is computed from ( E ∞ - E DiagMC ) / | E DiagMC | .
2608.04979	3	-9.92206		8	E DiagMC			Table A1: Fröhlich ground-state energies in units of ℏ ω LO = 1 . E raw is the raw dCC energy obtained from the largest grid at the momentum cutoff k max = 2 α used at a particular coupling without any auxiliary correction. E ∞ is the continuum estimate obtained from extrapolation with respect to momentum cutoff, with the approximate uncertainty in the last decimal shown in parentheses. The superscript b denotes that the value is reported without extrapolation using the cutoff k max = 4 , and applies only to the α = 1 value. The displayed error is computed from ( E ∞ - E DiagMC ) / | E DiagMC | .
2608.04979	3	-10.7426		9	E raw			Table A1: Fröhlich ground-state energies in units of ℏ ω LO = 1 . E raw is the raw dCC energy obtained from the largest grid at the momentum cutoff k max = 2 α used at a particular coupling without any auxiliary correction. E ∞ is the continuum estimate obtained from extrapolation with respect to momentum cutoff, with the approximate uncertainty in the last decimal shown in parentheses. The superscript b denotes that the value is reported without extrapolation using the cutoff k max = 4 , and applies only to the α = 1 value. The displayed error is computed from ( E ∞ - E DiagMC ) / | E DiagMC | .
2608.04979	3	-11.72535		9	E DiagMC			Table A1: Fröhlich ground-state energies in units of ℏ ω LO = 1 . E raw is the raw dCC energy obtained from the largest grid at the momentum cutoff k max = 2 α used at a particular coupling without any auxiliary correction. E ∞ is the continuum estimate obtained from extrapolation with respect to momentum cutoff, with the approximate uncertainty in the last decimal shown in parentheses. The superscript b denotes that the value is reported without extrapolation using the cutoff k max = 4 , and applies only to the α = 1 value. The displayed error is computed from ( E ∞ - E DiagMC ) / | E DiagMC | .
2608.04979	3	-12.6375		10	E raw			Table A1: Fröhlich ground-state energies in units of ℏ ω LO = 1 . E raw is the raw dCC energy obtained from the largest grid at the momentum cutoff k max = 2 α used at a particular coupling without any auxiliary correction. E ∞ is the continuum estimate obtained from extrapolation with respect to momentum cutoff, with the approximate uncertainty in the last decimal shown in parentheses. The superscript b denotes that the value is reported without extrapolation using the cutoff k max = 4 , and applies only to the α = 1 value. The displayed error is computed from ( E ∞ - E DiagMC ) / | E DiagMC | .
2608.04979	3	-13.782		10	E DiagMC			Table A1: Fröhlich ground-state energies in units of ℏ ω LO = 1 . E raw is the raw dCC energy obtained from the largest grid at the momentum cutoff k max = 2 α used at a particular coupling without any auxiliary correction. E ∞ is the continuum estimate obtained from extrapolation with respect to momentum cutoff, with the approximate uncertainty in the last decimal shown in parentheses. The superscript b denotes that the value is reported without extrapolation using the cutoff k max = 4 , and applies only to the α = 1 value. The displayed error is computed from ( E ∞ - E DiagMC ) / | E DiagMC | .
2608.04979	3	-14.7391		11	E raw			Table A1: Fröhlich ground-state energies in units of ℏ ω LO = 1 . E raw is the raw dCC energy obtained from the largest grid at the momentum cutoff k max = 2 α used at a particular coupling without any auxiliary correction. E ∞ is the continuum estimate obtained from extrapolation with respect to momentum cutoff, with the approximate uncertainty in the last decimal shown in parentheses. The superscript b denotes that the value is reported without extrapolation using the cutoff k max = 4 , and applies only to the α = 1 value. The displayed error is computed from ( E ∞ - E DiagMC ) / | E DiagMC | .
2608.04979	3	-16.066		11	E DiagMC			Table A1: Fröhlich ground-state energies in units of ℏ ω LO = 1 . E raw is the raw dCC energy obtained from the largest grid at the momentum cutoff k max = 2 α used at a particular coupling without any auxiliary correction. E ∞ is the continuum estimate obtained from extrapolation with respect to momentum cutoff, with the approximate uncertainty in the last decimal shown in parentheses. The superscript b denotes that the value is reported without extrapolation using the cutoff k max = 4 , and applies only to the α = 1 value. The displayed error is computed from ( E ∞ - E DiagMC ) / | E DiagMC | .
2608.04979	3	-17.0398		12	E raw			Table A1: Fröhlich ground-state energies in units of ℏ ω LO = 1 . E raw is the raw dCC energy obtained from the largest grid at the momentum cutoff k max = 2 α used at a particular coupling without any auxiliary correction. E ∞ is the continuum estimate obtained from extrapolation with respect to momentum cutoff, with the approximate uncertainty in the last decimal shown in parentheses. The superscript b denotes that the value is reported without extrapolation using the cutoff k max = 4 , and applies only to the α = 1 value. The displayed error is computed from ( E ∞ - E DiagMC ) / | E DiagMC | .
2608.04979	3	-18.5943		12	E DiagMC			Table A1: Fröhlich ground-state energies in units of ℏ ω LO = 1 . E raw is the raw dCC energy obtained from the largest grid at the momentum cutoff k max = 2 α used at a particular coupling without any auxiliary correction. E ∞ is the continuum estimate obtained from extrapolation with respect to momentum cutoff, with the approximate uncertainty in the last decimal shown in parentheses. The superscript b denotes that the value is reported without extrapolation using the cutoff k max = 4 , and applies only to the α = 1 value. The displayed error is computed from ( E ∞ - E DiagMC ) / | E DiagMC | .
2608.04979	3	-19.5202		13	E raw			Table A1: Fröhlich ground-state energies in units of ℏ ω LO = 1 . E raw is the raw dCC energy obtained from the largest grid at the momentum cutoff k max = 2 α used at a particular coupling without any auxiliary correction. E ∞ is the continuum estimate obtained from extrapolation with respect to momentum cutoff, with the approximate uncertainty in the last decimal shown in parentheses. The superscript b denotes that the value is reported without extrapolation using the cutoff k max = 4 , and applies only to the α = 1 value. The displayed error is computed from ( E ∞ - E DiagMC ) / | E DiagMC | .
2608.04979	3	-21.2434		13	E DiagMC			Table A1: Fröhlich ground-state energies in units of ℏ ω LO = 1 . E raw is the raw dCC energy obtained from the largest grid at the momentum cutoff k max = 2 α used at a particular coupling without any auxiliary correction. E ∞ is the continuum estimate obtained from extrapolation with respect to momentum cutoff, with the approximate uncertainty in the last decimal shown in parentheses. The superscript b denotes that the value is reported without extrapolation using the cutoff k max = 4 , and applies only to the α = 1 value. The displayed error is computed from ( E ∞ - E DiagMC ) / | E DiagMC | .
2608.04979	3	-22.2109		14	E raw			Table A1: Fröhlich ground-state energies in units of ℏ ω LO = 1 . E raw is the raw dCC energy obtained from the largest grid at the momentum cutoff k max = 2 α used at a particular coupling without any auxiliary correction. E ∞ is the continuum estimate obtained from extrapolation with respect to momentum cutoff, with the approximate uncertainty in the last decimal shown in parentheses. The superscript b denotes that the value is reported without extrapolation using the cutoff k max = 4 , and applies only to the α = 1 value. The displayed error is computed from ( E ∞ - E DiagMC ) / | E DiagMC | .
2608.04979	3	-24.1151		14	E DiagMC			Table A1: Fröhlich ground-state energies in units of ℏ ω LO = 1 . E raw is the raw dCC energy obtained from the largest grid at the momentum cutoff k max = 2 α used at a particular coupling without any auxiliary correction. E ∞ is the continuum estimate obtained from extrapolation with respect to momentum cutoff, with the approximate uncertainty in the last decimal shown in parentheses. The superscript b denotes that the value is reported without extrapolation using the cutoff k max = 4 , and applies only to the α = 1 value. The displayed error is computed from ( E ∞ - E DiagMC ) / | E DiagMC | .
2608.04979	3	-25.0818		15	E raw			Table A1: Fröhlich ground-state energies in units of ℏ ω LO = 1 . E raw is the raw dCC energy obtained from the largest grid at the momentum cutoff k max = 2 α used at a particular coupling without any auxiliary correction. E ∞ is the continuum estimate obtained from extrapolation with respect to momentum cutoff, with the approximate uncertainty in the last decimal shown in parentheses. The superscript b denotes that the value is reported without extrapolation using the cutoff k max = 4 , and applies only to the α = 1 value. The displayed error is computed from ( E ∞ - E DiagMC ) / | E DiagMC | .
2608.04979	3	-27.2629		15	E DiagMC			Table A1: Fröhlich ground-state energies in units of ℏ ω LO = 1 . E raw is the raw dCC energy obtained from the largest grid at the momentum cutoff k max = 2 α used at a particular coupling without any auxiliary correction. E ∞ is the continuum estimate obtained from extrapolation with respect to momentum cutoff, with the approximate uncertainty in the last decimal shown in parentheses. The superscript b denotes that the value is reported without extrapolation using the cutoff k max = 4 , and applies only to the α = 1 value. The displayed error is computed from ( E ∞ - E DiagMC ) / | E DiagMC | .
2608.06504	3	-0.1025		Pr 2 Ru 2 O 7	t 1			Table 3 : DFT parameters (in eV) for the A 2 Ru 2 O 7 family of compounds [ 26 ] . The trigonal field Δ is extracted from Fig. 3(d) of Ref. [ 26 ] . From these parameters, we compute the critical spin-orbit coupling λ c (shown in blue) above which J = 0 singlet is energetically favored as the ground state. The resulting condensate order (also in blue) is listed in the last column.
2608.06504	3	0.1543		Pr 2 Ru 2 O 7	t 2			Table 3 : DFT parameters (in eV) for the A 2 Ru 2 O 7 family of compounds [ 26 ] . The trigonal field Δ is extracted from Fig. 3(d) of Ref. [ 26 ] . From these parameters, we compute the critical spin-orbit coupling λ c (shown in blue) above which J = 0 singlet is energetically favored as the ground state. The resulting condensate order (also in blue) is listed in the last column.
2608.06504	3	0.0151		Pr 2 Ru 2 O 7	t 3			Table 3 : DFT parameters (in eV) for the A 2 Ru 2 O 7 family of compounds [ 26 ] . The trigonal field Δ is extracted from Fig. 3(d) of Ref. [ 26 ] . From these parameters, we compute the critical spin-orbit coupling λ c (shown in blue) above which J = 0 singlet is energetically favored as the ground state. The resulting condensate order (also in blue) is listed in the last column.
2608.06504	3	0.0059		Pr 2 Ru 2 O 7	t 4			Table 3 : DFT parameters (in eV) for the A 2 Ru 2 O 7 family of compounds [ 26 ] . The trigonal field Δ is extracted from Fig. 3(d) of Ref. [ 26 ] . From these parameters, we compute the critical spin-orbit coupling λ c (shown in blue) above which J = 0 singlet is energetically favored as the ground state. The resulting condensate order (also in blue) is listed in the last column.
2608.06504	3	0.1046		Pr 2 Ru 2 O 7	λ c			Table 3 : DFT parameters (in eV) for the A 2 Ru 2 O 7 family of compounds [ 26 ] . The trigonal field Δ is extracted from Fig. 3(d) of Ref. [ 26 ] . From these parameters, we compute the critical spin-orbit coupling λ c (shown in blue) above which J = 0 singlet is energetically favored as the ground state. The resulting condensate order (also in blue) is listed in the last column.
2608.06504	3	-0.1059		Nd 2 Ru 2 O 7	t 1			Table 3 : DFT parameters (in eV) for the A 2 Ru 2 O 7 family of compounds [ 26 ] . The trigonal field Δ is extracted from Fig. 3(d) of Ref. [ 26 ] . From these parameters, we compute the critical spin-orbit coupling λ c (shown in blue) above which J = 0 singlet is energetically favored as the ground state. The resulting condensate order (also in blue) is listed in the last column.
2608.06504	3	0.1501		Nd 2 Ru 2 O 7	t 2			Table 3 : DFT parameters (in eV) for the A 2 Ru 2 O 7 family of compounds [ 26 ] . The trigonal field Δ is extracted from Fig. 3(d) of Ref. [ 26 ] . From these parameters, we compute the critical spin-orbit coupling λ c (shown in blue) above which J = 0 singlet is energetically favored as the ground state. The resulting condensate order (also in blue) is listed in the last column.
2608.06504	3	0.0157		Nd 2 Ru 2 O 7	t 3			Table 3 : DFT parameters (in eV) for the A 2 Ru 2 O 7 family of compounds [ 26 ] . The trigonal field Δ is extracted from Fig. 3(d) of Ref. [ 26 ] . From these parameters, we compute the critical spin-orbit coupling λ c (shown in blue) above which J = 0 singlet is energetically favored as the ground state. The resulting condensate order (also in blue) is listed in the last column.
2608.06504	3	0.0034		Nd 2 Ru 2 O 7	t 4			Table 3 : DFT parameters (in eV) for the A 2 Ru 2 O 7 family of compounds [ 26 ] . The trigonal field Δ is extracted from Fig. 3(d) of Ref. [ 26 ] . From these parameters, we compute the critical spin-orbit coupling λ c (shown in blue) above which J = 0 singlet is energetically favored as the ground state. The resulting condensate order (also in blue) is listed in the last column.
2608.06504	3	0.0977		Nd 2 Ru 2 O 7	λ c			Table 3 : DFT parameters (in eV) for the A 2 Ru 2 O 7 family of compounds [ 26 ] . The trigonal field Δ is extracted from Fig. 3(d) of Ref. [ 26 ] . From these parameters, we compute the critical spin-orbit coupling λ c (shown in blue) above which J = 0 singlet is energetically favored as the ground state. The resulting condensate order (also in blue) is listed in the last column.
2608.06504	3	-0.1117		Sm 2 Ru 2 O 7	t 1			Table 3 : DFT parameters (in eV) for the A 2 Ru 2 O 7 family of compounds [ 26 ] . The trigonal field Δ is extracted from Fig. 3(d) of Ref. [ 26 ] . From these parameters, we compute the critical spin-orbit coupling λ c (shown in blue) above which J = 0 singlet is energetically favored as the ground state. The resulting condensate order (also in blue) is listed in the last column.
2608.06504	3	0.1418		Sm 2 Ru 2 O 7	t 2			Table 3 : DFT parameters (in eV) for the A 2 Ru 2 O 7 family of compounds [ 26 ] . The trigonal field Δ is extracted from Fig. 3(d) of Ref. [ 26 ] . From these parameters, we compute the critical spin-orbit coupling λ c (shown in blue) above which J = 0 singlet is energetically favored as the ground state. The resulting condensate order (also in blue) is listed in the last column.
2608.06504	3	0.0165		Sm 2 Ru 2 O 7	t 3			Table 3 : DFT parameters (in eV) for the A 2 Ru 2 O 7 family of compounds [ 26 ] . The trigonal field Δ is extracted from Fig. 3(d) of Ref. [ 26 ] . From these parameters, we compute the critical spin-orbit coupling λ c (shown in blue) above which J = 0 singlet is energetically favored as the ground state. The resulting condensate order (also in blue) is listed in the last column.
2608.06504	3	-0.0012		Sm 2 Ru 2 O 7	t 4			Table 3 : DFT parameters (in eV) for the A 2 Ru 2 O 7 family of compounds [ 26 ] . The trigonal field Δ is extracted from Fig. 3(d) of Ref. [ 26 ] . From these parameters, we compute the critical spin-orbit coupling λ c (shown in blue) above which J = 0 singlet is energetically favored as the ground state. The resulting condensate order (also in blue) is listed in the last column.
2608.06504	3	0.0848		Sm 2 Ru 2 O 7	λ c			Table 3 : DFT parameters (in eV) for the A 2 Ru 2 O 7 family of compounds [ 26 ] . The trigonal field Δ is extracted from Fig. 3(d) of Ref. [ 26 ] . From these parameters, we compute the critical spin-orbit coupling λ c (shown in blue) above which J = 0 singlet is energetically favored as the ground state. The resulting condensate order (also in blue) is listed in the last column.
2608.06504	3	-0.114		Eu 2 Ru 2 O 7	t 1			Table 3 : DFT parameters (in eV) for the A 2 Ru 2 O 7 family of compounds [ 26 ] . The trigonal field Δ is extracted from Fig. 3(d) of Ref. [ 26 ] . From these parameters, we compute the critical spin-orbit coupling λ c (shown in blue) above which J = 0 singlet is energetically favored as the ground state. The resulting condensate order (also in blue) is listed in the last column.
2608.06504	3	0.1376		Eu 2 Ru 2 O 7	t 2			Table 3 : DFT parameters (in eV) for the A 2 Ru 2 O 7 family of compounds [ 26 ] . The trigonal field Δ is extracted from Fig. 3(d) of Ref. [ 26 ] . From these parameters, we compute the critical spin-orbit coupling λ c (shown in blue) above which J = 0 singlet is energetically favored as the ground state. The resulting condensate order (also in blue) is listed in the last column.
2608.06504	3	0.0167		Eu 2 Ru 2 O 7	t 3			Table 3 : DFT parameters (in eV) for the A 2 Ru 2 O 7 family of compounds [ 26 ] . The trigonal field Δ is extracted from Fig. 3(d) of Ref. [ 26 ] . From these parameters, we compute the critical spin-orbit coupling λ c (shown in blue) above which J = 0 singlet is energetically favored as the ground state. The resulting condensate order (also in blue) is listed in the last column.
2608.06504	3	-0.0032		Eu 2 Ru 2 O 7	t 4			Table 3 : DFT parameters (in eV) for the A 2 Ru 2 O 7 family of compounds [ 26 ] . The trigonal field Δ is extracted from Fig. 3(d) of Ref. [ 26 ] . From these parameters, we compute the critical spin-orbit coupling λ c (shown in blue) above which J = 0 singlet is energetically favored as the ground state. The resulting condensate order (also in blue) is listed in the last column.
2608.06504	3	0.0786		Eu 2 Ru 2 O 7	λ c			Table 3 : DFT parameters (in eV) for the A 2 Ru 2 O 7 family of compounds [ 26 ] . The trigonal field Δ is extracted from Fig. 3(d) of Ref. [ 26 ] . From these parameters, we compute the critical spin-orbit coupling λ c (shown in blue) above which J = 0 singlet is energetically favored as the ground state. The resulting condensate order (also in blue) is listed in the last column.
2608.06504	3	-0.1177		Tb 2 Ru 2 O 7	t 1			Table 3 : DFT parameters (in eV) for the A 2 Ru 2 O 7 family of compounds [ 26 ] . The trigonal field Δ is extracted from Fig. 3(d) of Ref. [ 26 ] . From these parameters, we compute the critical spin-orbit coupling λ c (shown in blue) above which J = 0 singlet is energetically favored as the ground state. The resulting condensate order (also in blue) is listed in the last column.
2608.06504	3	0.1296		Tb 2 Ru 2 O 7	t 2			Table 3 : DFT parameters (in eV) for the A 2 Ru 2 O 7 family of compounds [ 26 ] . The trigonal field Δ is extracted from Fig. 3(d) of Ref. [ 26 ] . From these parameters, we compute the critical spin-orbit coupling λ c (shown in blue) above which J = 0 singlet is energetically favored as the ground state. The resulting condensate order (also in blue) is listed in the last column.
2608.06504	3	0.017		Tb 2 Ru 2 O 7	t 3			Table 3 : DFT parameters (in eV) for the A 2 Ru 2 O 7 family of compounds [ 26 ] . The trigonal field Δ is extracted from Fig. 3(d) of Ref. [ 26 ] . From these parameters, we compute the critical spin-orbit coupling λ c (shown in blue) above which J = 0 singlet is energetically favored as the ground state. The resulting condensate order (also in blue) is listed in the last column.
2608.06504	3	-0.0068		Tb 2 Ru 2 O 7	t 4			Table 3 : DFT parameters (in eV) for the A 2 Ru 2 O 7 family of compounds [ 26 ] . The trigonal field Δ is extracted from Fig. 3(d) of Ref. [ 26 ] . From these parameters, we compute the critical spin-orbit coupling λ c (shown in blue) above which J = 0 singlet is energetically favored as the ground state. The resulting condensate order (also in blue) is listed in the last column.
2608.06504	3	0.0672		Tb 2 Ru 2 O 7	λ c			Table 3 : DFT parameters (in eV) for the A 2 Ru 2 O 7 family of compounds [ 26 ] . The trigonal field Δ is extracted from Fig. 3(d) of Ref. [ 26 ] . From these parameters, we compute the critical spin-orbit coupling λ c (shown in blue) above which J = 0 singlet is energetically favored as the ground state. The resulting condensate order (also in blue) is listed in the last column.
2608.06504	3	-0.1195		Dy 2 Ru 2 O 7	t 1			Table 3 : DFT parameters (in eV) for the A 2 Ru 2 O 7 family of compounds [ 26 ] . The trigonal field Δ is extracted from Fig. 3(d) of Ref. [ 26 ] . From these parameters, we compute the critical spin-orbit coupling λ c (shown in blue) above which J = 0 singlet is energetically favored as the ground state. The resulting condensate order (also in blue) is listed in the last column.
2608.06504	3	0.1255		Dy 2 Ru 2 O 7	t 2			Table 3 : DFT parameters (in eV) for the A 2 Ru 2 O 7 family of compounds [ 26 ] . The trigonal field Δ is extracted from Fig. 3(d) of Ref. [ 26 ] . From these parameters, we compute the critical spin-orbit coupling λ c (shown in blue) above which J = 0 singlet is energetically favored as the ground state. The resulting condensate order (also in blue) is listed in the last column.
2608.06504	3	0.017		Dy 2 Ru 2 O 7	t 3			Table 3 : DFT parameters (in eV) for the A 2 Ru 2 O 7 family of compounds [ 26 ] . The trigonal field Δ is extracted from Fig. 3(d) of Ref. [ 26 ] . From these parameters, we compute the critical spin-orbit coupling λ c (shown in blue) above which J = 0 singlet is energetically favored as the ground state. The resulting condensate order (also in blue) is listed in the last column.
2608.06504	3	-0.0085		Dy 2 Ru 2 O 7	t 4			Table 3 : DFT parameters (in eV) for the A 2 Ru 2 O 7 family of compounds [ 26 ] . The trigonal field Δ is extracted from Fig. 3(d) of Ref. [ 26 ] . From these parameters, we compute the critical spin-orbit coupling λ c (shown in blue) above which J = 0 singlet is energetically favored as the ground state. The resulting condensate order (also in blue) is listed in the last column.
2608.06504	3	0.0616		Dy 2 Ru 2 O 7	λ c			Table 3 : DFT parameters (in eV) for the A 2 Ru 2 O 7 family of compounds [ 26 ] . The trigonal field Δ is extracted from Fig. 3(d) of Ref. [ 26 ] . From these parameters, we compute the critical spin-orbit coupling λ c (shown in blue) above which J = 0 singlet is energetically favored as the ground state. The resulting condensate order (also in blue) is listed in the last column.
2608.06504	3	-0.1211		Ho 2 Ru 2 O 7	t 1			Table 3 : DFT parameters (in eV) for the A 2 Ru 2 O 7 family of compounds [ 26 ] . The trigonal field Δ is extracted from Fig. 3(d) of Ref. [ 26 ] . From these parameters, we compute the critical spin-orbit coupling λ c (shown in blue) above which J = 0 singlet is energetically favored as the ground state. The resulting condensate order (also in blue) is listed in the last column.
2608.06504	3	0.1212		Ho 2 Ru 2 O 7	t 2			Table 3 : DFT parameters (in eV) for the A 2 Ru 2 O 7 family of compounds [ 26 ] . The trigonal field Δ is extracted from Fig. 3(d) of Ref. [ 26 ] . From these parameters, we compute the critical spin-orbit coupling λ c (shown in blue) above which J = 0 singlet is energetically favored as the ground state. The resulting condensate order (also in blue) is listed in the last column.
2608.06504	3	0.0171		Ho 2 Ru 2 O 7	t 3			Table 3 : DFT parameters (in eV) for the A 2 Ru 2 O 7 family of compounds [ 26 ] . The trigonal field Δ is extracted from Fig. 3(d) of Ref. [ 26 ] . From these parameters, we compute the critical spin-orbit coupling λ c (shown in blue) above which J = 0 singlet is energetically favored as the ground state. The resulting condensate order (also in blue) is listed in the last column.
2608.06504	3	-0.0102		Ho 2 Ru 2 O 7	t 4			Table 3 : DFT parameters (in eV) for the A 2 Ru 2 O 7 family of compounds [ 26 ] . The trigonal field Δ is extracted from Fig. 3(d) of Ref. [ 26 ] . From these parameters, we compute the critical spin-orbit coupling λ c (shown in blue) above which J = 0 singlet is energetically favored as the ground state. The resulting condensate order (also in blue) is listed in the last column.
2608.06504	3	0.0618		Ho 2 Ru 2 O 7	λ c			Table 3 : DFT parameters (in eV) for the A 2 Ru 2 O 7 family of compounds [ 26 ] . The trigonal field Δ is extracted from Fig. 3(d) of Ref. [ 26 ] . From these parameters, we compute the critical spin-orbit coupling λ c (shown in blue) above which J = 0 singlet is energetically favored as the ground state. The resulting condensate order (also in blue) is listed in the last column.
2608.06504	3	-0.1225		Er 2 Ru 2 O 7	t 1			Table 3 : DFT parameters (in eV) for the A 2 Ru 2 O 7 family of compounds [ 26 ] . The trigonal field Δ is extracted from Fig. 3(d) of Ref. [ 26 ] . From these parameters, we compute the critical spin-orbit coupling λ c (shown in blue) above which J = 0 singlet is energetically favored as the ground state. The resulting condensate order (also in blue) is listed in the last column.
2608.06504	3	0.117		Er 2 Ru 2 O 7	t 2			Table 3 : DFT parameters (in eV) for the A 2 Ru 2 O 7 family of compounds [ 26 ] . The trigonal field Δ is extracted from Fig. 3(d) of Ref. [ 26 ] . From these parameters, we compute the critical spin-orbit coupling λ c (shown in blue) above which J = 0 singlet is energetically favored as the ground state. The resulting condensate order (also in blue) is listed in the last column.
2608.06504	3	0.0171		Er 2 Ru 2 O 7	t 3			Table 3 : DFT parameters (in eV) for the A 2 Ru 2 O 7 family of compounds [ 26 ] . The trigonal field Δ is extracted from Fig. 3(d) of Ref. [ 26 ] . From these parameters, we compute the critical spin-orbit coupling λ c (shown in blue) above which J = 0 singlet is energetically favored as the ground state. The resulting condensate order (also in blue) is listed in the last column.
2608.06504	3	-0.0119		Er 2 Ru 2 O 7	t 4			Table 3 : DFT parameters (in eV) for the A 2 Ru 2 O 7 family of compounds [ 26 ] . The trigonal field Δ is extracted from Fig. 3(d) of Ref. [ 26 ] . From these parameters, we compute the critical spin-orbit coupling λ c (shown in blue) above which J = 0 singlet is energetically favored as the ground state. The resulting condensate order (also in blue) is listed in the last column.
2608.06504	3	0.0642		Er 2 Ru 2 O 7	λ c			Table 3 : DFT parameters (in eV) for the A 2 Ru 2 O 7 family of compounds [ 26 ] . The trigonal field Δ is extracted from Fig. 3(d) of Ref. [ 26 ] . From these parameters, we compute the critical spin-orbit coupling λ c (shown in blue) above which J = 0 singlet is energetically favored as the ground state. The resulting condensate order (also in blue) is listed in the last column.
2608.06504	3	-0.124		Tm 2 Ru 2 O 7	t 1			Table 3 : DFT parameters (in eV) for the A 2 Ru 2 O 7 family of compounds [ 26 ] . The trigonal field Δ is extracted from Fig. 3(d) of Ref. [ 26 ] . From these parameters, we compute the critical spin-orbit coupling λ c (shown in blue) above which J = 0 singlet is energetically favored as the ground state. The resulting condensate order (also in blue) is listed in the last column.
2608.06504	3	0.1127		Tm 2 Ru 2 O 7	t 2			Table 3 : DFT parameters (in eV) for the A 2 Ru 2 O 7 family of compounds [ 26 ] . The trigonal field Δ is extracted from Fig. 3(d) of Ref. [ 26 ] . From these parameters, we compute the critical spin-orbit coupling λ c (shown in blue) above which J = 0 singlet is energetically favored as the ground state. The resulting condensate order (also in blue) is listed in the last column.
2608.06504	3	0.0172		Tm 2 Ru 2 O 7	t 3			Table 3 : DFT parameters (in eV) for the A 2 Ru 2 O 7 family of compounds [ 26 ] . The trigonal field Δ is extracted from Fig. 3(d) of Ref. [ 26 ] . From these parameters, we compute the critical spin-orbit coupling λ c (shown in blue) above which J = 0 singlet is energetically favored as the ground state. The resulting condensate order (also in blue) is listed in the last column.
2608.06504	3	-0.0135		Tm 2 Ru 2 O 7	t 4			Table 3 : DFT parameters (in eV) for the A 2 Ru 2 O 7 family of compounds [ 26 ] . The trigonal field Δ is extracted from Fig. 3(d) of Ref. [ 26 ] . From these parameters, we compute the critical spin-orbit coupling λ c (shown in blue) above which J = 0 singlet is energetically favored as the ground state. The resulting condensate order (also in blue) is listed in the last column.
2608.06504	3	0.0667		Tm 2 Ru 2 O 7	λ c			Table 3 : DFT parameters (in eV) for the A 2 Ru 2 O 7 family of compounds [ 26 ] . The trigonal field Δ is extracted from Fig. 3(d) of Ref. [ 26 ] . From these parameters, we compute the critical spin-orbit coupling λ c (shown in blue) above which J = 0 singlet is energetically favored as the ground state. The resulting condensate order (also in blue) is listed in the last column.
2608.06504	3	-0.1247		Yb 2 Ru 2 O 7	t 1			Table 3 : DFT parameters (in eV) for the A 2 Ru 2 O 7 family of compounds [ 26 ] . The trigonal field Δ is extracted from Fig. 3(d) of Ref. [ 26 ] . From these parameters, we compute the critical spin-orbit coupling λ c (shown in blue) above which J = 0 singlet is energetically favored as the ground state. The resulting condensate order (also in blue) is listed in the last column.
2608.06504	3	0.1091		Yb 2 Ru 2 O 7	t 2			Table 3 : DFT parameters (in eV) for the A 2 Ru 2 O 7 family of compounds [ 26 ] . The trigonal field Δ is extracted from Fig. 3(d) of Ref. [ 26 ] . From these parameters, we compute the critical spin-orbit coupling λ c (shown in blue) above which J = 0 singlet is energetically favored as the ground state. The resulting condensate order (also in blue) is listed in the last column.
2608.06504	3	0.017		Yb 2 Ru 2 O 7	t 3			Table 3 : DFT parameters (in eV) for the A 2 Ru 2 O 7 family of compounds [ 26 ] . The trigonal field Δ is extracted from Fig. 3(d) of Ref. [ 26 ] . From these parameters, we compute the critical spin-orbit coupling λ c (shown in blue) above which J = 0 singlet is energetically favored as the ground state. The resulting condensate order (also in blue) is listed in the last column.
2608.06504	3	-0.0145		Yb 2 Ru 2 O 7	t 4			Table 3 : DFT parameters (in eV) for the A 2 Ru 2 O 7 family of compounds [ 26 ] . The trigonal field Δ is extracted from Fig. 3(d) of Ref. [ 26 ] . From these parameters, we compute the critical spin-orbit coupling λ c (shown in blue) above which J = 0 singlet is energetically favored as the ground state. The resulting condensate order (also in blue) is listed in the last column.
2608.06504	3	0.068		Yb 2 Ru 2 O 7	λ c			Table 3 : DFT parameters (in eV) for the A 2 Ru 2 O 7 family of compounds [ 26 ] . The trigonal field Δ is extracted from Fig. 3(d) of Ref. [ 26 ] . From these parameters, we compute the critical spin-orbit coupling λ c (shown in blue) above which J = 0 singlet is energetically favored as the ground state. The resulting condensate order (also in blue) is listed in the last column.
2608.08798	0	-1.272366		UC	e best / N		TFIsing	Table 1: Diagnostic compression and runtime summaries for the largest TFIM sweeps. Compression and speedup are computed relative to the unconstrained learner at the equivalent system size. Here T denotes T VMC , the wall time measured around the VMC optimization loop.
2608.08798	0	-1.272334		B	e best / N		TFIsing	Table 1: Diagnostic compression and runtime summaries for the largest TFIM sweeps. Compression and speedup are computed relative to the unconstrained learner at the equivalent system size. Here T denotes T VMC , the wall time measured around the VMC optimization loop.
2608.08798	0	-1.272456		R	e best / N		TFIsing	Table 1: Diagnostic compression and runtime summaries for the largest TFIM sweeps. Compression and speedup are computed relative to the unconstrained learner at the equivalent system size. Here T denotes T VMC , the wall time measured around the VMC optimization loop.
2608.08798	0	-1.272157		BR	e best / N		TFIsing	Table 1: Diagnostic compression and runtime summaries for the largest TFIM sweeps. Compression and speedup are computed relative to the unconstrained learner at the equivalent system size. Here T denotes T VMC , the wall time measured around the VMC optimization loop.
2608.08798	0	-1.272424		T	e best / N		TFIsing	Table 1: Diagnostic compression and runtime summaries for the largest TFIM sweeps. Compression and speedup are computed relative to the unconstrained learner at the equivalent system size. Here T denotes T VMC , the wall time measured around the VMC optimization loop.
2608.08798	0	-1.272424		SG	e best / N		TFIsing	Table 1: Diagnostic compression and runtime summaries for the largest TFIM sweeps. Compression and speedup are computed relative to the unconstrained learner at the equivalent system size. Here T denotes T VMC , the wall time measured around the VMC optimization loop.
2608.08798	0	-1.272293		BT	e best / N		TFIsing	Table 1: Diagnostic compression and runtime summaries for the largest TFIM sweeps. Compression and speedup are computed relative to the unconstrained learner at the equivalent system size. Here T denotes T VMC , the wall time measured around the VMC optimization loop.
2608.08798	0	-1.272293		BSG	e best / N		TFIsing	Table 1: Diagnostic compression and runtime summaries for the largest TFIM sweeps. Compression and speedup are computed relative to the unconstrained learner at the equivalent system size. Here T denotes T VMC , the wall time measured around the VMC optimization loop.
2608.08798	1	-1.271802		UC	e best / N		TFIsing	Table 1: Diagnostic compression and runtime summaries for the largest TFIM sweeps. Compression and speedup are computed relative to the unconstrained learner at the equivalent system size. Here T denotes T VMC , the wall time measured around the VMC optimization loop.
2608.08798	1	-1.272023		B	e best / N		TFIsing	Table 1: Diagnostic compression and runtime summaries for the largest TFIM sweeps. Compression and speedup are computed relative to the unconstrained learner at the equivalent system size. Here T denotes T VMC , the wall time measured around the VMC optimization loop.
2608.08798	1	-1.272167		R	e best / N		TFIsing	Table 1: Diagnostic compression and runtime summaries for the largest TFIM sweeps. Compression and speedup are computed relative to the unconstrained learner at the equivalent system size. Here T denotes T VMC , the wall time measured around the VMC optimization loop.
2608.08798	1	-1.272076		BR	e best / N		TFIsing	Table 1: Diagnostic compression and runtime summaries for the largest TFIM sweeps. Compression and speedup are computed relative to the unconstrained learner at the equivalent system size. Here T denotes T VMC , the wall time measured around the VMC optimization loop.
2608.08798	1	-1.272099		T	e best / N		TFIsing	Table 1: Diagnostic compression and runtime summaries for the largest TFIM sweeps. Compression and speedup are computed relative to the unconstrained learner at the equivalent system size. Here T denotes T VMC , the wall time measured around the VMC optimization loop.
2608.08798	1	-1.272099		SG	e best / N		TFIsing	Table 1: Diagnostic compression and runtime summaries for the largest TFIM sweeps. Compression and speedup are computed relative to the unconstrained learner at the equivalent system size. Here T denotes T VMC , the wall time measured around the VMC optimization loop.
2608.08798	1	-1.272026		BT	e best / N		TFIsing	Table 1: Diagnostic compression and runtime summaries for the largest TFIM sweeps. Compression and speedup are computed relative to the unconstrained learner at the equivalent system size. Here T denotes T VMC , the wall time measured around the VMC optimization loop.
2608.08798	1	-1.272026		BSG	e best / N		TFIsing	Table 1: Diagnostic compression and runtime summaries for the largest TFIM sweeps. Compression and speedup are computed relative to the unconstrained learner at the equivalent system size. Here T denotes T VMC , the wall time measured around the VMC optimization loop.
2608.10365	1	-6.32747		1	𝒬			Table 2 : The periods of the 10 322-type inequalities that are identified with maximum quantum violation. The J coefficients are the coefficients of the inequalities. ℒ is the classical bound. 𝒬 is the quantum limit certified in Ref. [ 16 ] . p is the period, and Q p is the periodic-NPA value.
2608.10365	1	-6.32747		1	Q p			Table 2 : The periods of the 10 322-type inequalities that are identified with maximum quantum violation. The J coefficients are the coefficients of the inequalities. ℒ is the classical bound. 𝒬 is the quantum limit certified in Ref. [ 16 ] . p is the period, and Q p is the periodic-NPA value.
2608.10365	1	-6.33711		2	𝒬			Table 2 : The periods of the 10 322-type inequalities that are identified with maximum quantum violation. The J coefficients are the coefficients of the inequalities. ℒ is the classical bound. 𝒬 is the quantum limit certified in Ref. [ 16 ] . p is the period, and Q p is the periodic-NPA value.
2608.10365	1	-6.33712		2	Q p			Table 2 : The periods of the 10 322-type inequalities that are identified with maximum quantum violation. The J coefficients are the coefficients of the inequalities. ℒ is the classical bound. 𝒬 is the quantum limit certified in Ref. [ 16 ] . p is the period, and Q p is the periodic-NPA value.
2608.10365	1	-3.2071		3	𝒬			Table 2 : The periods of the 10 322-type inequalities that are identified with maximum quantum violation. The J coefficients are the coefficients of the inequalities. ℒ is the classical bound. 𝒬 is the quantum limit certified in Ref. [ 16 ] . p is the period, and Q p is the periodic-NPA value.
2608.10365	1	-3.20711		3	Q p			Table 2 : The periods of the 10 322-type inequalities that are identified with maximum quantum violation. The J coefficients are the coefficients of the inequalities. ℒ is the classical bound. 𝒬 is the quantum limit certified in Ref. [ 16 ] . p is the period, and Q p is the periodic-NPA value.
2608.10365	1	-4.14623		4	𝒬			Table 2 : The periods of the 10 322-type inequalities that are identified with maximum quantum violation. The J coefficients are the coefficients of the inequalities. ℒ is the classical bound. 𝒬 is the quantum limit certified in Ref. [ 16 ] . p is the period, and Q p is the periodic-NPA value.
2608.10365	1	-4.14623		4	Q p			Table 2 : The periods of the 10 322-type inequalities that are identified with maximum quantum violation. The J coefficients are the coefficients of the inequalities. ℒ is the classical bound. 𝒬 is the quantum limit certified in Ref. [ 16 ] . p is the period, and Q p is the periodic-NPA value.
2608.10365	1	-8.12123		5	𝒬			Table 2 : The periods of the 10 322-type inequalities that are identified with maximum quantum violation. The J coefficients are the coefficients of the inequalities. ℒ is the classical bound. 𝒬 is the quantum limit certified in Ref. [ 16 ] . p is the period, and Q p is the periodic-NPA value.
2608.10365	1	-8.12123		5	Q p			Table 2 : The periods of the 10 322-type inequalities that are identified with maximum quantum violation. The J coefficients are the coefficients of the inequalities. ℒ is the classical bound. 𝒬 is the quantum limit certified in Ref. [ 16 ] . p is the period, and Q p is the periodic-NPA value.
2608.10365	1	-4.10309		6	𝒬			Table 2 : The periods of the 10 322-type inequalities that are identified with maximum quantum violation. The J coefficients are the coefficients of the inequalities. ℒ is the classical bound. 𝒬 is the quantum limit certified in Ref. [ 16 ] . p is the period, and Q p is the periodic-NPA value.
2608.10365	1	-4.1031		6	Q p			Table 2 : The periods of the 10 322-type inequalities that are identified with maximum quantum violation. The J coefficients are the coefficients of the inequalities. ℒ is the classical bound. 𝒬 is the quantum limit certified in Ref. [ 16 ] . p is the period, and Q p is the periodic-NPA value.
2608.10365	1	-5.29851		7	𝒬			Table 2 : The periods of the 10 322-type inequalities that are identified with maximum quantum violation. The J coefficients are the coefficients of the inequalities. ℒ is the classical bound. 𝒬 is the quantum limit certified in Ref. [ 16 ] . p is the period, and Q p is the periodic-NPA value.
2608.10365	1	-5.29852		7	Q p			Table 2 : The periods of the 10 322-type inequalities that are identified with maximum quantum violation. The J coefficients are the coefficients of the inequalities. ℒ is the classical bound. 𝒬 is the quantum limit certified in Ref. [ 16 ] . p is the period, and Q p is the periodic-NPA value.
2608.10365	1	-4.33137		8	𝒬			Table 2 : The periods of the 10 322-type inequalities that are identified with maximum quantum violation. The J coefficients are the coefficients of the inequalities. ℒ is the classical bound. 𝒬 is the quantum limit certified in Ref. [ 16 ] . p is the period, and Q p is the periodic-NPA value.
2608.10365	1	-4.33137		8	Q p			Table 2 : The periods of the 10 322-type inequalities that are identified with maximum quantum violation. The J coefficients are the coefficients of the inequalities. ℒ is the classical bound. 𝒬 is the quantum limit certified in Ref. [ 16 ] . p is the period, and Q p is the periodic-NPA value.
2608.10365	1	-4.41421		9	𝒬			Table 2 : The periods of the 10 322-type inequalities that are identified with maximum quantum violation. The J coefficients are the coefficients of the inequalities. ℒ is the classical bound. 𝒬 is the quantum limit certified in Ref. [ 16 ] . p is the period, and Q p is the periodic-NPA value.
2608.10365	1	-4.41421		9	Q p			Table 2 : The periods of the 10 322-type inequalities that are identified with maximum quantum violation. The J coefficients are the coefficients of the inequalities. ℒ is the classical bound. 𝒬 is the quantum limit certified in Ref. [ 16 ] . p is the period, and Q p is the periodic-NPA value.
2608.10365	1	-5.26969		10	𝒬			Table 2 : The periods of the 10 322-type inequalities that are identified with maximum quantum violation. The J coefficients are the coefficients of the inequalities. ℒ is the classical bound. 𝒬 is the quantum limit certified in Ref. [ 16 ] . p is the period, and Q p is the periodic-NPA value.
2608.10365	1	-5.26969		10	Q p			Table 2 : The periods of the 10 322-type inequalities that are identified with maximum quantum violation. The J coefficients are the coefficients of the inequalities. ℒ is the classical bound. 𝒬 is the quantum limit certified in Ref. [ 16 ] . p is the period, and Q p is the periodic-NPA value.
2608.12465	0	-0.7414		12 × 12	Energy	12x12	Hubbard	Table 1: Ground-state variational energies and variances per site for different wave functions on the square lattice Hubbard model with PBC and parameters t ′ = - 0.2 , U = 8.0 and doping δ = 1 / 8 .
2608.12465	0	-0.74425	0.00001	SBP	Ansatz		Hubbard	Table 1: Ground-state variational energies and variances per site for different wave functions on the square lattice Hubbard model with PBC and parameters t ′ = - 0.2 , U = 8.0 and doping δ = 1 / 8 .
2608.12465	0	-0.7335		16 × 16	Energy	16x16	Hubbard	Table 1: Ground-state variational energies and variances per site for different wave functions on the square lattice Hubbard model with PBC and parameters t ′ = - 0.2 , U = 8.0 and doping δ = 1 / 8 .
2608.12465	0	0.07623		16 × 16	Variance	16x16	Hubbard	Table 1: Ground-state variational energies and variances per site for different wave functions on the square lattice Hubbard model with PBC and parameters t ′ = - 0.2 , U = 8.0 and doping δ = 1 / 8 .
2608.12465	0	-0.736	0.0001	Tensor-Backflow	Ansatz		Hubbard	Table 1: Ground-state variational energies and variances per site for different wave functions on the square lattice Hubbard model with PBC and parameters t ′ = - 0.2 , U = 8.0 and doping δ = 1 / 8 .
2608.12465	0	-0.743		ACE	Ansatz		Hubbard	Table 1: Ground-state variational energies and variances per site for different wave functions on the square lattice Hubbard model with PBC and parameters t ′ = - 0.2 , U = 8.0 and doping δ = 1 / 8 .
2608.12465	0	-0.74411	0.00001	SBP	Ansatz		Hubbard	Table 1: Ground-state variational energies and variances per site for different wave functions on the square lattice Hubbard model with PBC and parameters t ′ = - 0.2 , U = 8.0 and doping δ = 1 / 8 .
2608.12465	0	-0.74382	0.00001	20 × 20	Energy	20x20	Hubbard	Table 1: Ground-state variational energies and variances per site for different wave functions on the square lattice Hubbard model with PBC and parameters t ′ = - 0.2 , U = 8.0 and doping δ = 1 / 8 .
2608.12465	0	-0.74397	0.00001	24 × 24	Energy	24x24	Hubbard	Table 1: Ground-state variational energies and variances per site for different wave functions on the square lattice Hubbard model with PBC and parameters t ′ = - 0.2 , U = 8.0 and doping δ = 1 / 8 .
2608.18065	1	-1.271208	0.000007	1D TFIM	E Adam / N			Table 2: Final variational energy results. Final energies of Adam and minSR for each hamiltonian evaluated at the end of training.
2608.18065	1	-1.2714254	3e-7	1D TFIM	E minSR / N			Table 2: Final variational energy results. Final energies of Adam and minSR for each hamiltonian evaluated at the end of training.
2608.18065	1	-0.876	0.0002	1D Cluster	E Adam / N			Table 2: Final variational energy results. Final energies of Adam and minSR for each hamiltonian evaluated at the end of training.
2608.18065	1	-0.999947	0.000004	1D Cluster	E minSR / N			Table 2: Final variational energy results. Final energies of Adam and minSR for each hamiltonian evaluated at the end of training.
2608.18065	1	-0.6284	0.00002	2D Heisenberg	E Adam / N			Table 2: Final variational energy results. Final energies of Adam and minSR for each hamiltonian evaluated at the end of training.
2608.18065	1	-0.628486	0.000006	2D Heisenberg	E minSR / N			Table 2: Final variational energy results. Final energies of Adam and minSR for each hamiltonian evaluated at the end of training.
2608.18065	1	-0.48553	0.00002	2D J 1 - J 2	E Adam / N			Table 2: Final variational energy results. Final energies of Adam and minSR for each hamiltonian evaluated at the end of training.
2608.18065	1	-0.48514	0.00004	2D J 1 - J 2	E minSR / N			Table 2: Final variational energy results. Final energies of Adam and minSR for each hamiltonian evaluated at the end of training.
2608.26347	0	-0.384133		0.72	E 0 / N J A B			Table 1: DMRG convergence and accuracy of the six production ground states. χ fin is the largest bond dimension actually reached ( χ DMRG = 128 allowed), “sweeps” the number of full sweeps to convergence, and v the energy variance per site of Eq. ( 14 ) in units of J A B 2 (entries ≲ 10 - 14 are at machine precision).
2608.26347	0	-0.375		1.00	E 0 / N J A B			Table 1: DMRG convergence and accuracy of the six production ground states. χ fin is the largest bond dimension actually reached ( χ DMRG = 128 allowed), “sweeps” the number of full sweeps to convergence, and v the energy variance per site of Eq. ( 14 ) in units of J A B 2 (entries ≲ 10 - 14 are at machine precision).
2608.26347	0	-0.394877		1.38	E 0 / N J A B			Table 1: DMRG convergence and accuracy of the six production ground states. χ fin is the largest bond dimension actually reached ( χ DMRG = 128 allowed), “sweeps” the number of full sweeps to convergence, and v the energy variance per site of Eq. ( 14 ) in units of J A B 2 (entries ≲ 10 - 14 are at machine precision).
2608.26347	0	-0.384424		0.72	E 0 / N J A B			Table 1: DMRG convergence and accuracy of the six production ground states. χ fin is the largest bond dimension actually reached ( χ DMRG = 128 allowed), “sweeps” the number of full sweeps to convergence, and v the energy variance per site of Eq. ( 14 ) in units of J A B 2 (entries ≲ 10 - 14 are at machine precision).
2608.26347	0	-0.375		1.00	E 0 / N J A B			Table 1: DMRG convergence and accuracy of the six production ground states. χ fin is the largest bond dimension actually reached ( χ DMRG = 128 allowed), “sweeps” the number of full sweeps to convergence, and v the energy variance per site of Eq. ( 14 ) in units of J A B 2 (entries ≲ 10 - 14 are at machine precision).
2608.26347	0	-0.395235		1.38	E 0 / N J A B			Table 1: DMRG convergence and accuracy of the six production ground states. χ fin is the largest bond dimension actually reached ( χ DMRG = 128 allowed), “sweeps” the number of full sweeps to convergence, and v the energy variance per site of Eq. ( 14 ) in units of J A B 2 (entries ≲ 10 - 14 are at machine precision).
2609.02929	2	-75.00639828		Easy	E ref (Ha)			Supplementary Table S1: Molecular Hamiltonians and reference energies. All energies are in Hartree and the reference energies are obtained from FCI. N det denotes the size of the spin-resolved FCI determinant space in the STO-3G basis. Cartesian coordinates are provided in Supplementary Data 1.
2609.02929	2	-55.5151425685		NH 3	N det			Supplementary Table S1: Molecular Hamiltonians and reference energies. All energies are in Hartree and the reference energies are obtained from FCI. N det denotes the size of the spin-resolved FCI determinant space in the STO-3G basis. Cartesian coordinates are provided in Supplementary Data 1.
2609.02929	2	-39.8045269353		CH 4	N det			Supplementary Table S1: Molecular Hamiltonians and reference energies. All energies are in Hartree and the reference energies are obtained from FCI. N det denotes the size of the spin-resolved FCI determinant space in the STO-3G basis. Cartesian coordinates are provided in Supplementary Data 1.
2609.02929	2	-74.6907819191		C 2	N det			Supplementary Table S1: Molecular Hamiltonians and reference energies. All energies are in Hartree and the reference energies are obtained from FCI. N det denotes the size of the spin-resolved FCI determinant space in the STO-3G basis. Cartesian coordinates are provided in Supplementary Data 1.
2609.02929	2	-91.8335485935		HCN	N det			Supplementary Table S1: Molecular Hamiltonians and reference energies. All energies are in Hartree and the reference energies are obtained from FCI. N det denotes the size of the spin-resolved FCI determinant space in the STO-3G basis. Cartesian coordinates are provided in Supplementary Data 1.
2609.02929	2	-76.0247473113		C 2 H 2	N det			Supplementary Table S1: Molecular Hamiltonians and reference energies. All energies are in Hartree and the reference energies are obtained from FCI. N det denotes the size of the spin-resolved FCI determinant space in the STO-3G basis. Cartesian coordinates are provided in Supplementary Data 1.
2609.02929	5	0.0618		Easy	a			Supplementary Table S4: Fitted coefficients of the interaction scaling model for the Easy and Hard benchmarks. Coefficients correspond to Eq. ( 1 ), with reference scales P ref = 10 6 parameters and S ref = 10 4 optimization steps. L 0 denotes the fitted energy error at the reference scales, a and b quantify the model-size and optimization-step dependences, respectively, and η measures their coupling. R log 2 reports the coefficient of determination in log space.
2609.02929	5	0.3777		Easy	η			Supplementary Table S4: Fitted coefficients of the interaction scaling model for the Easy and Hard benchmarks. Coefficients correspond to Eq. ( 1 ), with reference scales P ref = 10 6 parameters and S ref = 10 4 optimization steps. L 0 denotes the fitted energy error at the reference scales, a and b quantify the model-size and optimization-step dependences, respectively, and η measures their coupling. R log 2 reports the coefficient of determination in log space.
2609.02929	5	0.3367		Hard	a			Supplementary Table S4: Fitted coefficients of the interaction scaling model for the Easy and Hard benchmarks. Coefficients correspond to Eq. ( 1 ), with reference scales P ref = 10 6 parameters and S ref = 10 4 optimization steps. L 0 denotes the fitted energy error at the reference scales, a and b quantify the model-size and optimization-step dependences, respectively, and η measures their coupling. R log 2 reports the coefficient of determination in log space.
2609.02929	5	0.7826		Hard	b			Supplementary Table S4: Fitted coefficients of the interaction scaling model for the Easy and Hard benchmarks. Coefficients correspond to Eq. ( 1 ), with reference scales P ref = 10 6 parameters and S ref = 10 4 optimization steps. L 0 denotes the fitted energy error at the reference scales, a and b quantify the model-size and optimization-step dependences, respectively, and η measures their coupling. R log 2 reports the coefficient of determination in log space.
2609.02929	5	0.1325		Hard	η			Supplementary Table S4: Fitted coefficients of the interaction scaling model for the Easy and Hard benchmarks. Coefficients correspond to Eq. ( 1 ), with reference scales P ref = 10 6 parameters and S ref = 10 4 optimization steps. L 0 denotes the fitted energy error at the reference scales, a and b quantify the model-size and optimization-step dependences, respectively, and η measures their coupling. R log 2 reports the coefficient of determination in log space.
2609.05556	0	0.38651	0.00004	Ising	ν			Table 1: Extracted universal coefficients for both models. The corresponding data is presented in Fig. 2 . Coefficients from Refs. [ 27 ] and [ 46 ] are obtained from static analysis, while Ref. [ 59 ] is a dynamical study.
2609.05556	0	0.63002	0.0001	Ising	η			Table 1: Extracted universal coefficients for both models. The corresponding data is presented in Fig. 2 . Coefficients from Refs. [ 27 ] and [ 46 ] are obtained from static analysis, while Ref. [ 59 ] is a dynamical study.
2609.05556	0	0.03627	0.0001	Ising				Table 1: Extracted universal coefficients for both models. The corresponding data is presented in Fig. 2 . Coefficients from Refs. [ 27 ] and [ 46 ] are obtained from static analysis, while Ref. [ 59 ] is a dynamical study.
2609.05556	0	0.5625		Ref. [ 59 ]	ν			Table 1: Extracted universal coefficients for both models. The corresponding data is presented in Fig. 2 . Coefficients from Refs. [ 27 ] and [ 46 ] are obtained from static analysis, while Ref. [ 59 ] is a dynamical study.
